time_server,open,high,low,close,tick_volume
2022.12.21 16:00:00,1817.80,1818.36,1813.49,1814.34,12934
2022.12.21 20:00:00,1814.34,1815.55,1812.82,1814.92,4249
2022.12.22 00:00:00,1814.92,1820.04,1814.60,1819.47,10220
2022.12.22 04:00:00,1819.47,1820.44,1813.70,1816.88,9034
2022.12.22 08:00:00,1816.88,1819.69,1813.76,1815.86,15170
2022.12.22 12:00:00,1815.86,1819.90,1794.60,1795.57,34937
2022.12.22 16:00:00,1795.58,1797.53,1784.81,1789.03,19165
2022.12.22 20:00:00,1789.03,1795.11,1788.48,1793.49,6528
2022.12.23 00:00:00,1793.49,1795.54,1791.21,1792.80,10679
2022.12.23 04:00:00,1792.82,1798.23,1792.56,1797.62,9062
2022.12.23 08:00:00,1797.57,1799.69,1795.08,1797.79,14084
2022.12.23 12:00:00,1797.78,1801.19,1791.16,1800.52,32093
2022.12.23 16:00:00,1800.53,1803.20,1793.63,1797.18,17257
2022.12.23 20:00:00,1797.19,1798.28,1795.49,1797.59,2815
2022.12.27 00:00:00,1801.75,1806.34,1800.64,1804.48,8954
2022.12.27 04:00:00,1804.48,1808.38,1803.76,1805.62,7586
2022.12.27 08:00:00,1805.62,1810.51,1805.62,1809.77,12139
2022.12.27 12:00:00,1809.76,1833.28,1802.35,1824.60,28232
2022.12.27 16:00:00,1824.60,1826.36,1810.72,1813.00,18484
2022.12.27 20:00:00,1813.02,1814.86,1812.28,1812.40,4323
2022.12.28 00:00:00,1812.40,1814.48,1809.57,1810.13,8383
2022.12.28 04:00:00,1810.13,1812.23,1807.35,1810.33,9432
2022.12.28 08:00:00,1810.33,1811.38,1799.28,1803.26,14256
2022.12.28 12:00:00,1803.26,1809.42,1798.44,1800.18,20119
2022.12.28 16:00:00,1798.82,1809.26,1797.04,1805.35,14951
2022.12.28 20:00:00,1805.35,1805.90,1802.78,1805.76,3460
2022.12.29 00:00:00,1805.76,1809.39,1805.04,1807.56,6539
2022.12.29 04:00:00,1807.60,1810.16,1804.75,1806.33,7045
2022.12.29 08:00:00,1806.33,1811.92,1804.37,1806.69,11050
2022.12.29 12:00:00,1806.75,1818.12,1805.20,1813.53,27311
2022.12.29 16:00:00,1813.55,1820.15,1811.95,1817.30,16593
2022.12.29 20:00:00,1817.30,1817.30,1813.69,1814.98,5166
2022.12.30 00:00:00,1814.99,1819.03,1814.64,1816.93,7866
2022.12.30 04:00:00,1816.91,1822.35,1815.24,1816.73,9939
2022.12.30 08:00:00,1816.88,1820.20,1813.34,1818.92,14080
2022.12.30 12:00:00,1818.92,1825.24,1814.35,1818.46,26462
2022.12.30 16:00:00,1818.41,1826.08,1814.30,1821.63,21335
2022.12.30 20:00:00,1821.63,1824.33,1821.41,1823.76,3813
2023.01.03 00:00:00,1829.36,1843.12,1826.88,1841.18,14574
2023.01.03 04:00:00,1841.18,1850.01,1837.91,1847.47,13744
2023.01.03 08:00:00,1847.49,1847.98,1830.87,1833.24,22815
2023.01.03 12:00:00,1833.24,1849.88,1827.59,1833.22,29709
2023.01.03 16:00:00,1833.20,1840.24,1828.25,1839.07,19408
2023.01.03 20:00:00,1839.07,1839.92,1836.43,1836.43,5187
2023.01.04 00:00:00,1836.43,1847.16,1836.13,1845.63,10729
2023.01.04 04:00:00,1845.61,1858.63,1844.69,1858.24,13606
2023.01.04 08:00:00,1858.23,1865.16,1856.97,1860.15,20988
2023.01.04 12:00:00,1860.15,1862.70,1848.93,1857.79,33061
2023.01.04 16:00:00,1857.84,1860.40,1847.10,1852.45,24940
2023.01.04 20:00:00,1852.45,1857.18,1851.38,1854.79,6619
2023.01.05 00:00:00,1854.76,1859.00,1853.27,1853.27,11047
2023.01.05 04:00:00,1853.33,1855.66,1847.96,1849.37,11850
2023.01.05 08:00:00,1849.32,1851.34,1843.78,1846.30,18806
2023.01.05 12:00:00,1846.30,1848.81,1825.08,1826.86,35780
2023.01.05 16:00:00,1826.86,1837.41,1825.69,1834.32,18615
2023.01.05 20:00:00,1834.32,1834.32,1830.16,1832.79,4065
2023.01.06 00:00:00,1832.79,1840.82,1831.35,1839.30,9367
2023.01.06 04:00:00,1839.30,1840.67,1835.72,1838.36,10383
2023.01.06 08:00:00,1838.42,1840.51,1833.30,1836.69,12913
2023.01.06 12:00:00,1836.67,1863.24,1834.67,1862.29,40871
2023.01.06 16:00:00,1862.32,1869.83,1859.89,1868.89,20401
2023.01.06 20:00:00,1868.89,1869.32,1865.62,1866.45,3445
2023.01.08 20:00:00,1866.36,1869.86,1866.36,1869.66,1917
2023.01.09 00:00:00,1869.66,1879.44,1867.10,1877.18,14078
2023.01.09 04:00:00,1877.18,1880.96,1873.71,1875.00,12627
2023.01.09 08:00:00,1875.05,1876.90,1870.52,1873.09,16218
2023.01.09 12:00:00,1873.05,1881.57,1872.03,1874.75,25112
2023.01.09 16:00:00,1874.81,1878.49,1869.03,1875.27,18931
2023.01.09 20:00:00,1875.27,1875.27,1869.20,1870.49,5829
2023.01.10 00:00:00,1870.49,1875.99,1867.84,1871.82,14142
2023.01.10 04:00:00,1871.90,1875.22,1870.61,1872.03,11337
2023.01.10 08:00:00,1872.00,1877.29,1871.63,1875.21,18213
2023.01.10 12:00:00,1875.20,1880.71,1870.36,1875.73,33933
2023.01.10 16:00:00,1875.71,1877.44,1871.20,1876.66,18969
2023.01.10 20:00:00,1876.65,1878.73,1875.94,1877.24,4438
2023.01.11 00:00:00,1877.20,1878.46,1872.03,1877.73,11039
2023.01.11 04:00:00,1877.73,1884.58,1876.87,1881.65,12537
2023.01.11 08:00:00,1881.60,1886.63,1880.92,1883.02,18791
2023.01.11 12:00:00,1883.07,1883.30,1869.58,1872.02,32164
2023.01.11 16:00:00,1872.04,1878.49,1867.09,1877.75,18766
2023.01.11 20:00:00,1877.76,1878.06,1874.44,1876.91,4494
2023.01.12 00:00:00,1876.93,1884.89,1875.84,1883.55,12534
2023.01.12 04:00:00,1883.51,1885.01,1879.91,1882.45,10858
2023.01.12 08:00:00,1882.50,1886.30,1881.17,1885.18,15644
2023.01.12 12:00:00,1885.14,1901.59,1874.95,1888.86,48500
2023.01.12 16:00:00,1888.87,1899.54,1888.39,1897.78,24623
2023.01.12 20:00:00,1897.78,1899.52,1894.26,1898.04,6037
2023.01.13 00:00:00,1898.04,1900.93,1895.93,1897.85,15088
2023.01.13 04:00:00,1897.82,1899.92,1892.22,1899.57,14556
2023.01.13 08:00:00,1899.57,1909.64,1897.99,1899.68,22304
2023.01.13 12:00:00,1899.61,1916.59,1893.68,1913.68,35190
2023.01.13 16:00:00,1913.68,1921.92,1909.42,1920.02,20266
2023.01.13 20:00:00,1920.02,1921.45,1918.44,1920.01,3280
2023.01.15 20:00:00,1918.20,1920.41,1916.91,1916.91,1991
2023.01.16 00:00:00,1916.91,1928.96,1916.77,1926.41,16121
2023.01.16 04:00:00,1926.41,1927.04,1913.31,1917.17,13239
2023.01.16 08:00:00,1917.22,1919.28,1910.82,1916.62,16965
2023.01.16 12:00:00,1916.56,1917.24,1911.40,1916.04,17025
2023.01.16 16:00:00,1916.03,1916.12,1912.82,1915.42,5883
2023.01.16 20:00:00,1915.17,1918.35,1913.64,1917.92,1115
2023.01.17 00:00:00,1917.92,1919.00,1909.43,1910.27,14372
2023.01.17 04:00:00,1910.27,1913.20,1906.98,1909.98,13931
2023.01.17 08:00:00,1910.01,1912.80,1904.24,1912.68,18529
2023.01.17 12:00:00,1912.68,1916.65,1907.07,1911.01,33949
2023.01.17 16:00:00,1911.01,1913.33,1903.77,1907.91,18485
2023.01.17 20:00:00,1907.88,1910.82,1907.51,1908.70,5429
2023.01.18 00:00:00,1908.70,1910.37,1899.20,1900.12,18866
2023.01.18 04:00:00,1900.10,1909.00,1896.60,1907.74,20009
2023.01.18 08:00:00,1907.75,1916.78,1907.73,1915.73,20608
2023.01.18 12:00:00,1915.70,1925.90,1911.36,1912.35,39942
2023.01.18 16:00:00,1912.35,1912.79,1901.59,1905.12,23709
2023.01.18 20:00:00,1905.12,1907.36,1902.33,1906.85,5542
2023.01.19 00:00:00,1906.93,1910.80,1900.99,1909.02,16578
2023.01.19 04:00:00,1908.99,1912.94,1906.39,1911.36,15121
2023.01.19 08:00:00,1911.39,1916.76,1906.65,1908.10,19431
2023.01.19 12:00:00,1908.13,1923.30,1906.84,1918.06,34973
2023.01.19 16:00:00,1918.06,1931.45,1917.69,1929.68,23328
2023.01.19 20:00:00,1929.68,1935.18,1929.32,1931.68,7167
2023.01.20 00:00:00,1931.68,1934.86,1927.49,1927.56,12152
2023.01.20 04:00:00,1927.56,1933.10,1923.12,1933.06,13286
2023.01.20 08:00:00,1933.05,1937.50,1926.51,1927.06,20011
2023.01.20 12:00:00,1927.05,1930.97,1920.68,1926.35,28591
2023.01.20 16:00:00,1926.35,1930.98,1922.82,1929.70,17552
2023.01.20 20:00:00,1929.66,1929.98,1926.22,1926.53,3627
2023.01.22 20:00:00,1924.27,1927.38,1924.14,1927.23,1555
2023.01.23 00:00:00,1927.23,1935.51,1927.23,1930.59,10295
2023.01.23 04:00:00,1930.59,1931.26,1919.70,1920.27,13077
2023.01.23 08:00:00,1920.30,1929.36,1918.86,1925.57,18494
2023.01.23 12:00:00,1925.58,1927.83,1911.43,1923.01,33496
2023.01.23 16:00:00,1923.01,1929.68,1919.23,1926.43,21062
2023.01.23 20:00:00,1926.43,1932.75,1926.03,1931.30,5863
2023.01.24 00:00:00,1931.23,1937.05,1930.73,1933.46,8151
2023.01.24 04:00:00,1933.46,1941.43,1931.85,1940.41,10564
2023.01.24 08:00:00,1940.41,1942.48,1934.32,1937.31,18163
2023.01.24 12:00:00,1937.25,1939.40,1917.17,1934.98,34298
2023.01.24 16:00:00,1935.04,1938.25,1930.19,1938.09,20258
2023.01.24 20:00:00,1938.12,1938.28,1936.34,1937.00,5304
2023.01.25 00:00:00,1936.99,1939.63,1928.97,1931.76,8303
2023.01.25 04:00:00,1931.76,1933.70,1925.78,1928.73,11720
2023.01.25 08:00:00,1928.73,1932.42,1922.70,1925.94,16289
2023.01.25 12:00:00,1925.94,1938.80,1919.88,1933.01,27886
2023.01.25 16:00:00,1933.02,1943.19,1928.89,1942.34,18535
2023.01.25 20:00:00,1942.34,1948.79,1942.27,1948.32,6842
2023.01.26 00:00:00,1948.32,1949.13,1942.47,1947.68,8460
2023.01.26 04:00:00,1947.68,1948.95,1938.00,1942.98,11838
2023.01.26 08:00:00,1942.94,1945.06,1933.14,1937.04,16894
2023.01.26 12:00:00,1937.10,1942.40,1923.16,1924.78,34003
2023.01.26 16:00:00,1924.76,1933.19,1918.61,1931.23,23204
2023.01.26 20:00:00,1931.23,1931.31,1927.87,1930.73,5368
2023.01.27 00:00:00,1930.73,1934.80,1923.88,1924.74,9070
2023.01.27 04:00:00,1924.70,1925.76,1919.79,1923.13,10350
2023.01.27 08:00:00,1923.30,1931.45,1923.01,1930.14,15197
2023.01.27 12:00:00,1930.14,1934.95,1916.70,1924.17,28563
2023.01.27 16:00:00,1924.12,1932.18,1923.82,1930.00,16994
2023.01.27 20:00:00,1929.94,1930.58,1926.11,1928.67,3221
2023.01.29 20:00:00,1926.78,1928.93,1926.35,1928.93,1060
2023.01.30 00:00:00,1928.93,1931.00,1924.33,1926.29,13709
2023.01.30 04:00:00,1926.27,1934.48,1923.14,1924.48,18303
2023.01.30 08:00:00,1924.52,1930.76,1920.65,1923.17,22005
2023.01.30 12:00:00,1923.17,1930.43,1922.47,1925.65,26964
2023.01.30 16:00:00,1925.62,1925.81,1920.81,1923.35,20214
2023.01.30 20:00:00,1923.35,1923.65,1921.25,1922.10,4791
2023.01.31 00:00:00,1922.13,1927.39,1920.76,1921.00,11220
2023.01.31 04:00:00,1921.04,1921.88,1911.96,1914.42,13369
2023.01.31 08:00:00,1914.42,1914.90,1901.17,1904.19,19786
2023.01.31 12:00:00,1904.19,1929.24,1900.79,1928.58,38959
2023.01.31 16:00:00,1928.61,1931.12,1926.31,1928.58,20824
2023.01.31 20:00:00,1928.59,1929.13,1927.04,1927.33,6407
2023.02.01 00:00:00,1927.33,1928.73,1924.53,1926.78,8747
2023.02.01 04:00:00,1926.78,1929.23,1924.11,1924.94,11687
2023.02.01 08:00:00,1924.95,1930.24,1923.25,1928.77,19400
2023.02.01 12:00:00,1928.77,1933.31,1922.78,1931.90,35327
2023.02.01 16:00:00,1931.90,1944.01,1920.53,1942.97,36246
2023.02.01 20:00:00,1943.04,1956.08,1939.18,1953.04,19478
2023.02.02 00:00:00,1953.04,1957.27,1950.79,1952.36,18766
2023.02.02 04:00:00,1952.35,1959.65,1951.23,1955.48,15769
2023.02.02 08:00:00,1955.47,1959.60,1951.62,1954.71,23451
2023.02.02 12:00:00,1954.78,1955.99,1917.33,1926.12,47592
2023.02.02 16:00:00,1926.08,1926.28,1911.83,1913.30,32875
2023.02.02 20:00:00,1913.28,1915.39,1911.29,1915.05,12363
2023.02.03 00:00:00,1915.06,1918.56,1913.99,1916.28,17003
2023.02.03 04:00:00,1916.29,1918.19,1910.14,1913.68,17601
2023.02.03 08:00:00,1913.73,1916.17,1909.27,1914.41,21696
2023.02.03 12:00:00,1914.44,1917.07,1869.12,1873.09,50558
2023.02.03 16:00:00,1873.16,1875.00,1861.38,1865.71,31987
2023.02.03 20:00:00,1865.69,1866.94,1864.26,1865.38,6753
2023.02.05 20:00:00,1864.23,1869.86,1863.69,1865.46,3779
2023.02.06 00:00:00,1865.39,1876.68,1863.66,1876.52,20962
2023.02.06 04:00:00,1876.52,1878.80,1874.32,1875.86,15150
2023.02.06 08:00:00,1875.93,1881.33,1868.18,1871.56,24737
2023.02.06 12:00:00,1871.53,1875.75,1863.02,1865.85,37190
2023.02.06 16:00:00,1865.91,1871.24,1863.54,1865.71,27083
2023.02.06 20:00:00,1865.69,1869.82,1865.21,1868.47,6803
2023.02.07 00:00:00,1868.47,1875.52,1868.28,1872.78,14182
2023.02.07 04:00:00,1872.79,1876.85,1871.65,1876.22,13981
2023.02.07 08:00:00,1876.20,1878.02,1866.06,1867.43,23299
2023.02.07 12:00:00,1867.43,1879.88,1865.68,1879.43,31813
2023.02.07 16:00:00,1879.77,1884.43,1864.98,1871.74,46119
2023.02.07 20:00:00,1871.74,1878.04,1867.26,1872.87,8105
2023.02.08 00:00:00,1872.87,1878.40,1872.43,1876.36,13466
2023.02.08 04:00:00,1876.38,1886.07,1873.27,1886.07,14745
2023.02.08 08:00:00,1886.36,1886.36,1878.56,1880.19,22525
2023.02.08 12:00:00,1880.19,1883.63,1869.01,1873.91,31526
2023.02.08 16:00:00,1873.91,1879.90,1872.28,1876.21,24948
2023.02.08 20:00:00,1876.21,1876.29,1873.83,1875.02,5767
2023.02.09 00:00:00,1875.02,1880.45,1872.03,1878.69,11862
2023.02.09 04:00:00,1878.68,1882.08,1876.81,1880.59,14906
2023.02.09 08:00:00,1880.44,1886.14,1879.94,1882.12,20491
2023.02.09 12:00:00,1882.15,1890.24,1872.52,1874.16,33392
2023.02.09 16:00:00,1874.15,1875.80,1859.88,1861.92,31160
2023.02.09 20:00:00,1861.94,1863.04,1858.86,1862.31,8448
2023.02.10 00:00:00,1862.31,1865.41,1855.27,1855.27,15048
2023.02.10 04:00:00,1855.27,1867.08,1852.75,1866.15,19439
2023.02.10 08:00:00,1866.24,1872.22,1860.62,1864.76,29542
2023.02.10 12:00:00,1864.76,1868.66,1859.03,1859.97,34707
2023.02.10 16:00:00,1859.94,1864.75,1856.39,1863.63,22898
2023.02.10 20:00:00,1863.63,1865.41,1862.66,1865.19,4610
2023.02.12 20:00:00,1863.94,1865.28,1862.65,1862.72,1568
2023.02.13 00:00:00,1862.81,1863.83,1858.08,1858.78,14803
2023.02.13 04:00:00,1858.79,1866.57,1857.01,1863.89,13836
2023.02.13 08:00:00,1863.92,1864.14,1853.94,1862.16,19967
2023.02.13 12:00:00,1862.15,1863.02,1853.23,1855.24,28021
2023.02.13 16:00:00,1855.20,1855.93,1850.44,1852.82,20297
2023.02.13 20:00:00,1852.81,1854.57,1851.26,1854.34,5656
2023.02.14 00:00:00,1854.35,1858.56,1853.96,1858.15,12681
2023.02.14 04:00:00,1858.16,1864.90,1857.10,1858.71,13500
2023.02.14 08:00:00,1858.70,1863.86,1853.70,1857.23,16511
2023.02.14 12:00:00,1857.23,1870.53,1843.29,1852.25,52406
2023.02.14 16:00:00,1852.31,1858.80,1843.84,1855.52,31885
2023.02.14 20:00:00,1855.48,1856.20,1853.43,1854.93,6469
2023.02.15 00:00:00,1854.94,1860.12,1847.47,1848.35,14895
2023.02.15 04:00:00,1848.31,1848.87,1835.04,1835.65,17396
2023.02.15 08:00:00,1835.61,1837.74,1831.79,1834.97,20446
2023.02.15 12:00:00,1834.97,1838.94,1830.54,1834.16,36289
2023.02.15 16:00:00,1834.25,1838.14,1831.24,1835.42,22471
2023.02.15 20:00:00,1835.42,1838.57,1834.83,1836.47,6767
2023.02.16 00:00:00,1836.47,1842.56,1834.46,1840.46,16363
2023.02.16 04:00:00,1840.44,1841.63,1834.25,1841.31,14976
2023.02.16 08:00:00,1841.24,1844.78,1834.77,1837.39,18146
2023.02.16 12:00:00,1837.35,1840.43,1827.59,1834.61,36328
2023.02.16 16:00:00,1834.65,1845.25,1832.43,1842.73,26475
2023.02.16 20:00:00,1842.77,1842.96,1833.33,1834.35,10613
2023.02.17 00:00:00,1834.37,1834.37,1826.03,1828.21,14037
2023.02.17 04:00:00,1828.21,1828.48,1821.78,1824.12,14743
2023.02.17 08:00:00,1824.12,1828.16,1818.91,1824.65,21384
2023.02.17 12:00:00,1824.68,1840.91,1822.62,1834.41,35882
2023.02.17 16:00:00,1834.45,1843.52,1834.35,1842.72,24649
2023.02.17 20:00:00,1842.72,1843.55,1840.96,1841.93,5492
2023.02.19 20:00:00,1841.21,1841.69,1838.42,1838.71,1495
2023.02.20 00:00:00,1838.72,1843.17,1837.27,1842.84,13235
2023.02.20 04:00:00,1842.84,1846.26,1841.15,1845.95,13325
2023.02.20 08:00:00,1845.95,1847.47,1841.06,1844.80,15456
2023.02.20 12:00:00,1844.90,1847.00,1842.29,1843.22,16785
2023.02.20 16:00:00,1843.21,1844.07,1840.51,1841.18,5701
2023.02.20 20:00:00,1842.18,1842.83,1841.44,1841.68,743
2023.02.21 00:00:00,1841.72,1843.73,1837.10,1838.44,14604
2023.02.21 04:00:00,1838.43,1839.72,1833.57,1834.81,13794
2023.02.21 08:00:00,1834.77,1836.79,1831.06,1833.80,23540
2023.02.21 12:00:00,1833.82,1843.79,1830.19,1838.82,35081
2023.02.21 16:00:00,1838.79,1839.48,1831.74,1834.11,24240
2023.02.21 20:00:00,1834.11,1836.56,1834.11,1835.53,6642
2023.02.22 00:00:00,1835.53,1838.40,1834.95,1836.11,13604
2023.02.22 04:00:00,1836.11,1839.93,1834.61,1839.91,11900
2023.02.22 08:00:00,1839.87,1841.16,1832.07,1838.90,21194
2023.02.22 12:00:00,1838.90,1846.02,1831.32,1836.08,34560
2023.02.22 16:00:00,1836.05,1837.08,1824.65,1824.94,30165
2023.02.22 20:00:00,1824.91,1827.41,1823.52,1825.09,9474
2023.02.23 00:00:00,1825.10,1830.44,1823.11,1827.86,13314
2023.02.23 04:00:00,1827.86,1833.77,1827.43,1829.72,13872
2023.02.23 08:00:00,1829.71,1829.73,1823.98,1826.44,17219
2023.02.23 12:00:00,1826.43,1830.15,1817.42,1823.56,36627
2023.02.23 16:00:00,1823.56,1824.15,1818.44,1822.96,25680
2023.02.23 20:00:00,1822.97,1824.12,1821.98,1823.17,6362
2023.02.24 00:00:00,1823.18,1827.78,1822.94,1825.71,18115
2023.02.24 04:00:00,1825.74,1826.43,1821.69,1822.01,13148
2023.02.24 08:00:00,1822.02,1825.59,1817.38,1819.11,18506
2023.02.24 12:00:00,1819.14,1819.17,1808.96,1810.67,38869
2023.02.24 16:00:00,1810.72,1814.14,1808.92,1810.93,22900
2023.02.24 20:00:00,1810.98,1813.42,1810.59,1811.05,5481
2023.02.26 20:00:00,1811.94,1813.08,1811.14,1811.76,1590
2023.02.27 00:00:00,1811.76,1814.21,1806.64,1807.95,15355
2023.02.27 04:00:00,1807.95,1812.30,1807.10,1810.67,15404
2023.02.27 08:00:00,1810.68,1813.68,1808.26,1811.46,19516
2023.02.27 12:00:00,1811.46,1820.12,1810.07,1815.48,30602
2023.02.27 16:00:00,1815.44,1820.16,1812.60,1817.41,20426
2023.02.27 20:00:00,1817.42,1818.06,1815.94,1817.10,6274
2023.02.28 00:00:00,1817.12,1819.40,1814.70,1814.88,10648
2023.02.28 04:00:00,1814.88,1816.93,1810.17,1810.41,12894
2023.02.28 08:00:00,1810.52,1813.00,1804.74,1808.99,19195
2023.02.28 12:00:00,1808.99,1826.78,1807.25,1824.14,32290
2023.02.28 16:00:00,1824.09,1831.13,1824.05,1828.96,23541
2023.02.28 20:00:00,1828.96,1829.31,1825.35,1825.53,7199
2023.03.01 00:00:00,1825.49,1831.17,1823.07,1830.97,14302
2023.03.01 04:00:00,1830.94,1836.75,1829.92,1835.53,15602
2023.03.01 08:00:00,1835.53,1838.55,1830.38,1835.31,23292
2023.03.01 12:00:00,1835.31,1844.47,1833.42,1842.05,36521
2023.03.01 16:00:00,1842.06,1842.22,1836.50,1838.36,24191
2023.03.01 20:00:00,1838.36,1838.99,1836.30,1836.55,8081
2023.03.02 00:00:00,1836.57,1838.20,1831.04,1833.47,16888
2023.03.02 04:00:00,1833.47,1834.84,1830.25,1831.65,14809
2023.03.02 08:00:00,1831.62,1837.30,1830.00,1836.72,23093
2023.03.02 12:00:00,1836.73,1839.02,1830.07,1836.68,34481
2023.03.02 16:00:00,1836.67,1838.72,1832.28,1835.69,22307
2023.03.02 20:00:00,1835.64,1838.13,1834.94,1837.83,8187
2023.03.03 00:00:00,1837.82,1841.46,1837.76,1838.75,15485
2023.03.03 04:00:00,1838.77,1844.75,1837.83,1842.71,12255
2023.03.03 08:00:00,1842.73,1849.22,1842.69,1848.44,19795
2023.03.03 12:00:00,1848.46,1848.64,1839.00,1844.61,32867
2023.03.03 16:00:00,1844.59,1853.68,1843.82,1853.28,21210
2023.03.03 20:00:00,1853.30,1856.32,1852.59,1855.24,6400
2023.03.05 20:00:00,1853.71,1854.00,1852.12,1852.28,1319
2023.03.06 00:00:00,1852.28,1855.85,1850.76,1855.02,11961
2023.03.06 04:00:00,1855.02,1858.26,1852.69,1856.25,11053
2023.03.06 08:00:00,1856.14,1857.15,1847.22,1848.47,17891
2023.03.06 12:00:00,1848.45,1853.94,1848.05,1850.96,28685
2023.03.06 16:00:00,1850.99,1852.79,1845.08,1846.11,20161
2023.03.06 20:00:00,1846.10,1847.28,1845.60,1846.31,5823
2023.03.07 00:00:00,1846.29,1850.43,1844.04,1847.50,11664
2023.03.07 04:00:00,1847.50,1851.62,1845.38,1848.45,10084
2023.03.07 08:00:00,1848.43,1849.64,1840.91,1841.90,16720
2023.03.07 12:00:00,1841.90,1841.92,1815.61,1817.98,40090
2023.03.07 16:00:00,1817.91,1823.15,1812.69,1813.84,32484
2023.03.07 20:00:00,1813.84,1815.99,1813.01,1813.91,7433
2023.03.08 00:00:00,1813.91,1814.10,1809.35,1809.85,12854
2023.03.08 04:00:00,1809.85,1815.06,1809.85,1814.18,10896
2023.03.08 08:00:00,1814.17,1816.62,1812.30,1815.02,15077
2023.03.08 12:00:00,1815.03,1824.25,1812.20,1820.57,38866
2023.03.08 16:00:00,1820.66,1821.87,1813.29,1816.24,24589
2023.03.08 20:00:00,1816.25,1816.35,1812.84,1815.18,6432
2023.03.09 00:00:00,1815.19,1816.48,1811.86,1813.73,10195
2023.03.09 04:00:00,1813.73,1816.01,1812.68,1814.79,9371
2023.03.09 08:00:00,1814.79,1820.33,1813.64,1818.74,15511
2023.03.09 12:00:00,1818.74,1835.69,1815.38,1828.65,35368
2023.03.09 16:00:00,1828.63,1835.02,1825.52,1830.51,30494
2023.03.09 20:00:00,1830.51,1832.30,1828.96,1831.56,10319
2023.03.10 00:00:00,1831.56,1834.84,1828.07,1829.23,18854
2023.03.10 04:00:00,1829.22,1834.73,1827.70,1833.52,14973
2023.03.10 08:00:00,1833.54,1837.30,1830.94,1834.96,21573
2023.03.10 12:00:00,1834.97,1867.41,1831.75,1863.00,56913
2023.03.10 16:00:00,1863.01,1865.37,1854.13,1863.84,41963
2023.03.10 20:00:00,1863.83,1870.15,1863.53,1866.83,8957
2023.03.12 20:00:00,1886.18,1889.31,1875.73,1877.78,6987
2023.03.13 00:00:00,1877.77,1888.80,1872.14,1882.51,27851
2023.03.13 04:00:00,1882.55,1883.64,1871.50,1876.24,17868
2023.03.13 08:00:00,1876.24,1893.83,1875.48,1889.63,47860
2023.03.13 12:00:00,1889.63,1913.05,1887.25,1904.92,70867
2023.03.13 16:00:00,1904.88,1914.57,1903.32,1913.32,38184
2023.03.13 20:00:00,1913.29,1914.12,1909.89,1912.02,4825
2023.03.14 00:00:00,1912.05,1914.13,1902.56,1902.92,17905
2023.03.14 04:00:00,1902.92,1913.51,1901.45,1912.59,22981
2023.03.14 08:00:00,1912.55,1913.29,1900.71,1904.12,30990
2023.03.14 12:00:00,1904.16,1911.95,1895.37,1904.14,55372
2023.03.14 16:00:00,1904.13,1910.25,1902.23,1902.45,35253
2023.03.14 20:00:00,1902.48,1904.66,1902.46,1903.06,3435
2023.03.15 00:00:00,1903.06,1905.61,1899.94,1902.87,14442
2023.03.15 04:00:00,1902.87,1903.46,1896.33,1896.46,14429
2023.03.15 08:00:00,1896.46,1918.90,1885.69,1918.02,44084
2023.03.15 12:00:00,1917.98,1930.34,1916.98,1927.13,61941
2023.03.15 16:00:00,1927.13,1937.31,1909.03,1916.68,43304
2023.03.15 20:00:00,1916.73,1922.82,1916.09,1921.14,5590
2023.03.16 00:00:00,1921.24,1924.39,1907.55,1913.34,23471
2023.03.16 04:00:00,1913.33,1920.68,1912.26,1916.65,20288
2023.03.16 08:00:00,1916.66,1927.09,1915.74,1926.95,24973
2023.03.16 12:00:00,1926.93,1933.46,1913.35,1918.74,48414
2023.03.16 16:00:00,1918.74,1921.22,1914.35,1920.53,28232
2023.03.16 20:00:00,1920.45,1922.07,1918.47,1921.33,3642
2023.03.17 00:00:00,1921.36,1929.72,1918.22,1927.67,14289
2023.03.17 04:00:00,1927.59,1934.31,1927.19,1930.35,15219
2023.03.17 08:00:00,1930.35,1937.13,1927.29,1935.00,20483
2023.03.17 12:00:00,1935.24,1964.96,1934.89,1959.29,42181
2023.03.17 16:00:00,1959.31,1987.75,1955.31,1976.30,34392
2023.03.17 20:00:00,1976.27,1985.10,1975.25,1983.45,2529
2023.03.19 20:00:00,1985.43,1988.13,1974.96,1976.90,6371
2023.03.20 00:00:00,1976.89,1978.42,1968.04,1973.34,18763
2023.03.20 04:00:00,1973.34,2009.75,1973.07,2003.39,26010
2023.03.20 08:00:00,2003.41,2006.13,1973.90,1983.79,37188
2023.03.20 12:00:00,1983.79,1986.56,1965.83,1973.76,44696
2023.03.20 16:00:00,1973.76,1984.36,1972.94,1977.13,26679
2023.03.20 20:00:00,1977.20,1979.94,1976.24,1976.56,3821
2023.03.21 00:00:00,1976.56,1985.16,1975.40,1983.85,12801
2023.03.21 04:00:00,1983.85,1983.86,1970.35,1970.35,15533
2023.03.21 08:00:00,1970.30,1970.88,1962.96,1966.26,22516
2023.03.21 12:00:00,1966.32,1967.05,1943.23,1948.13,40485
2023.03.21 16:00:00,1948.13,1948.98,1935.41,1940.13,22238
2023.03.21 20:00:00,1940.17,1943.95,1939.25,1943.06,3816
2023.03.22 00:00:00,1943.10,1946.25,1938.17,1939.70,14247
2023.03.22 04:00:00,1939.63,1943.48,1934.23,1939.78,14318
2023.03.22 08:00:00,1939.78,1945.66,1939.50,1942.43,19667
2023.03.22 12:00:00,1942.33,1951.91,1937.05,1947.19,29915
2023.03.22 16:00:00,1947.22,1978.76,1944.95,1972.69,36715
2023.03.22 20:00:00,1972.69,1975.07,1964.49,1969.60,6487
2023.03.23 00:00:00,1969.60,1977.65,1966.23,1976.88,19777
2023.03.23 04:00:00,1976.85,1983.57,1974.86,1976.81,18380
2023.03.23 08:00:00,1976.87,1980.67,1974.24,1978.36,21666
2023.03.23 12:00:00,1978.35,1987.02,1966.59,1984.00,37344
2023.03.23 16:00:00,1984.08,2003.28,1982.68,1997.75,35058
2023.03.23 20:00:00,1997.84,1998.88,1990.08,1991.32,5328
2023.03.24 00:00:00,1991.32,1994.78,1989.66,1992.78,17257
2023.03.24 04:00:00,1992.78,1993.33,1985.27,1989.44,15339
2023.03.24 08:00:00,1989.48,2000.22,1981.23,1995.78,32944
2023.03.24 12:00:00,1995.77,2002.93,1985.97,1987.29,43949
2023.03.24 16:00:00,1987.29,1990.60,1975.21,1975.99,28096
2023.03.24 20:00:00,1975.99,1979.30,1975.11,1979.19,1333
2023.03.26 20:00:00,1976.56,1976.69,1969.21,1975.66,4442
2023.03.27 00:00:00,1975.62,1978.70,1972.13,1974.58,17506
2023.03.27 04:00:00,1974.55,1975.47,1965.90,1970.96,19095
2023.03.27 08:00:00,1970.87,1972.17,1948.26,1954.16,23650
2023.03.27 12:00:00,1954.17,1958.73,1944.04,1956.88,32473
2023.03.27 16:00:00,1956.95,1959.47,1950.75,1956.89,18861
2023.03.27 20:00:00,1956.89,1958.24,1955.65,1958.10,3000
2023.03.28 00:00:00,1958.10,1963.99,1957.68,1959.64,14458
2023.03.28 04:00:00,1959.64,1960.84,1951.90,1953.96,18790
2023.03.28 08:00:00,1953.97,1958.56,1949.12,1956.96,18874
2023.03.28 12:00:00,1956.96,1969.98,1956.91,1966.68,31902
2023.03.28 16:00:00,1966.71,1975.26,1965.68,1973.35,17640
2023.03.28 20:00:00,1973.36,1974.29,1971.42,1971.91,3467
2023.03.29 00:00:00,1971.98,1972.84,1965.86,1966.46,13979
2023.03.29 04:00:00,1966.47,1968.84,1958.66,1961.70,17585
2023.03.29 08:00:00,1961.71,1969.13,1960.80,1966.74,17593
2023.03.29 12:00:00,1966.72,1971.71,1960.67,1961.86,30285
2023.03.29 16:00:00,1961.82,1969.19,1961.11,1963.11,16550
2023.03.29 20:00:00,1963.11,1964.98,1962.63,1963.19,3232
2023.03.30 00:00:00,1963.19,1963.49,1955.35,1959.59,13720
2023.03.30 04:00:00,1959.58,1971.48,1958.93,1966.72,18037
2023.03.30 08:00:00,1966.64,1971.18,1964.98,1968.62,15197
2023.03.30 12:00:00,1968.59,1975.36,1963.91,1974.75,31236
2023.03.30 16:00:00,1974.73,1984.33,1974.73,1981.46,16248
2023.03.30 20:00:00,1981.32,1981.95,1977.97,1978.42,3503
2023.03.31 00:00:00,1978.42,1983.56,1977.59,1981.13,13618
2023.03.31 04:00:00,1981.13,1985.02,1974.85,1975.25,13495
2023.03.31 08:00:00,1975.25,1981.92,1973.16,1980.23,16399
2023.03.31 12:00:00,1980.23,1987.57,1974.87,1979.64,32664
2023.03.31 16:00:00,1979.66,1979.76,1966.85,1970.89,19278
2023.03.31 20:00:00,1970.90,1970.92,1968.39,1969.42,1404
2023.04.02 20:00:00,1966.25,1967.34,1956.95,1957.01,4672
2023.04.03 00:00:00,1957.00,1964.47,1949.74,1951.83,19178
2023.04.03 04:00:00,1951.83,1962.06,1950.45,1961.79,17971
2023.04.03 08:00:00,1961.79,1978.81,1961.17,1978.70,18620
2023.04.03 12:00:00,1978.62,1990.51,1972.43,1987.97,33310
2023.04.03 16:00:00,1987.97,1990.47,1981.89,1985.10,15841
2023.04.03 20:00:00,1985.02,1985.82,1983.54,1984.94,2744
2023.04.04 00:00:00,1984.94,1985.30,1977.79,1978.13,10969
2023.04.04 04:00:00,1978.13,1983.75,1976.97,1982.16,13762
2023.04.04 08:00:00,1982.17,1984.32,1978.46,1981.91,14676
2023.04.04 12:00:00,1981.94,2024.97,1981.46,2020.18,37417
2023.04.04 16:00:00,2020.15,2024.97,2017.79,2021.84,17412
2023.04.04 20:00:00,2021.84,2023.59,2019.65,2021.74,3935
2023.04.05 00:00:00,2021.69,2025.30,2019.36,2023.00,10163
2023.04.05 04:00:00,2022.99,2028.31,2022.08,2025.39,13064
2023.04.05 08:00:00,2025.39,2028.15,2021.51,2022.92,17848
2023.04.05 12:00:00,2022.92,2032.03,2010.01,2021.75,44005
2023.04.05 16:00:00,2021.77,2023.92,2019.05,2021.02,17506
2023.04.05 20:00:00,2021.11,2021.64,2018.69,2020.24,3807
2023.04.06 00:00:00,2020.24,2020.45,2007.99,2011.32,16295
2023.04.06 04:00:00,2011.32,2018.12,2010.47,2016.38,16667
2023.04.06 08:00:00,2016.36,2020.96,2014.80,2018.46,17080
2023.04.06 12:00:00,2018.46,2020.59,2000.80,2011.21,35811
2023.04.06 16:00:00,2011.21,2014.93,2006.22,2006.45,14814
2023.04.06 20:00:00,2006.44,2008.13,2005.75,2007.59,1721
2023.04.09 20:00:00,1996.63,2006.34,1992.17,2005.50,3761
2023.04.10 00:00:00,2005.60,2005.87,1988.90,1990.92,15476
2023.04.10 04:00:00,1990.92,1997.58,1989.63,1997.41,12150
2023.04.10 08:00:00,1997.41,2003.02,1995.92,2001.56,10816
2023.04.10 12:00:00,2001.56,2001.99,1981.68,1988.66,32199
2023.04.10 16:00:00,1988.66,1992.85,1987.14,1991.55,15137
2023.04.10 20:00:00,1991.54,1992.44,1990.33,1992.41,3161
2023.04.11 00:00:00,1992.36,1998.20,1988.81,1997.57,16819
2023.04.11 04:00:00,1997.57,2003.75,1997.37,2002.11,17249
2023.04.11 08:00:00,2002.12,2007.45,1999.32,2000.46,18772
2023.04.11 12:00:00,2000.44,2006.26,1995.59,2004.14,27298
2023.04.11 16:00:00,2004.14,2006.76,2001.00,2004.09,16253
2023.04.11 20:00:00,2004.15,2005.02,2002.88,2004.70,3292
2023.04.12 00:00:00,2004.70,2019.36,2003.92,2017.22,17490
2023.04.12 04:00:00,2017.20,2021.09,2011.61,2013.04,16967
2023.04.12 08:00:00,2013.04,2013.71,2007.32,2007.68,16326
2023.04.12 12:00:00,2007.68,2028.35,2001.37,2005.78,42700
2023.04.12 16:00:00,2005.78,2018.09,2005.23,2013.64,22567
2023.04.12 20:00:00,2013.74,2018.47,2013.21,2018.16,4507
2023.04.13 00:00:00,2018.20,2019.78,2015.70,2017.43,16880
2023.04.13 04:00:00,2017.43,2025.63,2015.20,2024.48,16335
2023.04.13 08:00:00,2024.49,2029.19,2024.43,2028.60,18225
2023.04.13 12:00:00,2028.59,2048.70,2026.49,2038.95,39451
2023.04.13 16:00:00,2038.97,2044.12,2036.63,2040.78,19279
2023.04.13 20:00:00,2040.49,2041.04,2038.69,2039.73,3749
2023.04.14 00:00:00,2039.59,2047.43,2038.56,2044.97,17935
2023.04.14 04:00:00,2044.98,2046.52,2036.60,2039.24,15279
2023.04.14 08:00:00,2039.24,2042.19,2031.79,2033.25,19076
2023.04.14 12:00:00,2033.27,2040.18,1993.78,1995.64,52280
2023.04.14 16:00:00,1995.71,2007.97,1992.37,2005.33,22663
2023.04.14 20:00:00,2005.32,2005.69,2003.98,2004.27,1233
2023.04.16 20:00:00,2000.99,2004.96,1999.66,2002.86,3800
2023.04.17 00:00:00,2002.97,2006.24,1995.38,2004.46,18578
2023.04.17 04:00:00,2004.46,2015.02,2003.74,2010.79,19952
2023.04.17 08:00:00,2010.76,2012.72,2004.90,2009.09,18700
2023.04.17 12:00:00,2009.09,2010.63,1981.15,1989.96,39014
2023.04.17 16:00:00,1989.99,1997.12,1987.24,1996.24,17453
2023.04.17 20:00:00,1996.28,1996.47,1993.79,1993.89,3414
2023.04.18 00:00:00,1993.89,2001.74,1993.29,2000.25,16105
2023.04.18 04:00:00,2000.25,2004.09,1996.46,2002.26,14853
2023.04.18 08:00:00,2002.26,2005.17,1999.08,2003.93,17139
2023.04.18 12:00:00,2003.91,2011.85,1991.26,2008.47,33684
2023.04.18 16:00:00,2008.47,2008.50,2003.39,2004.16,15887
2023.04.18 20:00:00,2004.17,2006.29,2004.10,2005.74,3379
2023.04.19 00:00:00,2005.76,2008.16,2001.99,2003.39,15038
2023.04.19 04:00:00,2003.39,2004.46,1986.96,1991.32,21413
2023.04.19 08:00:00,1991.32,1991.42,1969.23,1970.62,26392
2023.04.19 12:00:00,1970.62,1995.91,1969.66,1990.85,35130
2023.04.19 16:00:00,1990.83,1996.86,1990.36,1994.43,17975
2023.04.19 20:00:00,1994.43,1995.77,1993.18,1993.65,4744
2023.04.20 00:00:00,1993.65,1998.70,1990.47,1992.77,17238
2023.04.20 04:00:00,1992.77,2001.18,1991.34,1997.16,18720
2023.04.20 08:00:00,1997.14,2004.91,1992.37,2001.08,20721
2023.04.20 12:00:00,2001.07,2012.32,1997.46,2002.57,36504
2023.04.20 16:00:00,2002.65,2008.37,2002.22,2003.15,18054
2023.04.20 20:00:00,2003.16,2005.74,2001.79,2005.25,4968
2023.04.21 00:00:00,2005.25,2005.52,2000.51,2002.14,13954
2023.04.21 04:00:00,2002.15,2002.33,1981.91,1986.74,21005
2023.04.21 08:00:00,1986.74,1992.45,1984.02,1987.96,19142
2023.04.21 12:00:00,1987.97,1997.97,1971.59,1975.84,42290
2023.04.21 16:00:00,1975.88,1982.98,1973.99,1982.67,17620
2023.04.21 20:00:00,1982.63,1983.59,1981.74,1982.60,1077
2023.04.23 20:00:00,1982.22,1985.39,1981.79,1984.64,2805
2023.04.24 00:00:00,1984.55,1984.60,1978.54,1980.77,18422
2023.04.24 04:00:00,1980.76,1983.17,1976.39,1982.71,20616
2023.04.24 08:00:00,1982.72,1986.90,1980.90,1983.12,18012
2023.04.24 12:00:00,1983.14,1987.19,1974.09,1984.79,30918
2023.04.24 16:00:00,1984.79,1990.85,1984.65,1988.74,15085
2023.04.24 20:00:00,1988.75,1996.59,1988.27,1995.01,4683
2023.04.25 00:00:00,1995.01,2000.95,1992.88,1992.89,18774
2023.04.25 04:00:00,1992.89,1997.26,1987.50,1990.28,20477
2023.04.25 08:00:00,1990.23,1991.07,1976.62,1977.52,22547
2023.04.25 12:00:00,1977.62,1994.55,1976.10,1989.96,35292
2023.04.25 16:00:00,1989.96,2003.85,1988.26,1999.21,21251
2023.04.25 20:00:00,1999.16,2001.64,1995.79,2000.21,5227
2023.04.26 00:00:00,2000.21,2002.43,1993.10,1994.09,19732
2023.04.26 04:00:00,1994.14,1999.32,1994.14,1997.90,17847
2023.04.26 08:00:00,1997.95,2001.71,1991.45,1995.84,22523
2023.04.26 12:00:00,1995.84,2009.37,1991.48,1991.48,37460
2023.04.26 16:00:00,1991.48,1992.47,1983.33,1988.07,25817
2023.04.26 20:00:00,1988.02,1991.89,1987.18,1991.63,4416
2023.04.27 00:00:00,1991.63,2000.87,1989.52,1999.78,16311
2023.04.27 04:00:00,1999.78,2003.20,1997.34,1999.37,19622
2023.04.27 08:00:00,1999.38,2001.20,1995.90,1996.88,17635
2023.04.27 12:00:00,1996.90,2002.99,1974.02,1982.27,40540
2023.04.27 16:00:00,1982.27,1991.09,1981.18,1988.09,18097
2023.04.27 20:00:00,1988.10,1988.62,1986.29,1986.90,6398
2023.04.28 00:00:00,1986.98,1991.59,1984.86,1988.87,19496
2023.04.28 04:00:00,1988.87,1990.30,1981.56,1982.37,28699
2023.04.28 08:00:00,1982.36,1984.85,1979.81,1983.32,19571
2023.04.28 12:00:00,1983.25,1995.00,1976.16,1991.87,41188
2023.04.28 16:00:00,1991.72,1994.10,1987.46,1989.13,19862
2023.04.28 20:00:00,1989.20,1989.76,1987.88,1989.55,1702
2023.04.30 20:00:00,1989.84,1991.79,1986.59,1986.87,3445
2023.05.01 00:00:00,1986.95,1987.37,1980.62,1983.28,11942
2023.05.01 04:00:00,1983.31,1986.36,1978.93,1980.94,12129
2023.05.01 08:00:00,1980.84,1989.97,1977.05,1988.96,14089
2023.05.01 12:00:00,1988.96,2006.00,1980.47,1983.02,39150
2023.05.01 16:00:00,1982.98,1984.09,1979.47,1979.79,18596
2023.05.01 20:00:00,1979.80,1983.29,1979.79,1981.38,5234
2023.05.02 00:00:00,1981.39,1985.22,1981.27,1982.12,12742
2023.05.02 04:00:00,1982.12,1985.70,1980.40,1981.38,16255
2023.05.02 08:00:00,1981.43,1990.15,1978.43,1986.40,19475
2023.05.02 12:00:00,1986.34,2015.51,1984.47,2014.38,38849
2023.05.02 16:00:00,2014.44,2019.36,2011.19,2018.19,23317
2023.05.02 20:00:00,2018.19,2018.21,2015.52,2015.91,4546
2023.05.03 00:00:00,2015.93,2018.77,2014.15,2018.48,9630
2023.05.03 04:00:00,2018.47,2019.54,2012.62,2014.81,12403
2023.05.03 08:00:00,2014.81,2017.45,2014.34,2015.84,15665
2023.05.03 12:00:00,2015.89,2026.80,2008.11,2023.52,36479
2023.05.03 16:00:00,2023.52,2036.04,2016.99,2035.14,40396
2023.05.03 20:00:00,2034.95,2074.20,2029.01,2051.95,13007
2023.05.04 00:00:00,2051.92,2057.05,2038.31,2040.87,22378
2023.05.04 04:00:00,2040.87,2045.41,2030.34,2034.56,21913
2023.05.04 08:00:00,2034.48,2044.92,2031.17,2042.02,23131
2023.05.04 12:00:00,2042.02,2059.56,2032.05,2050.93,55950
2023.05.04 16:00:00,2050.94,2054.10,2044.44,2049.56,37465
2023.05.04 20:00:00,2049.55,2050.99,2047.44,2049.93,6436
2023.05.05 00:00:00,2049.93,2052.96,2045.41,2049.68,15590
2023.05.05 04:00:00,2049.74,2051.14,2039.29,2040.53,18873
2023.05.05 08:00:00,2040.49,2041.67,2034.75,2035.42,18679
2023.05.05 12:00:00,2035.44,2038.29,1999.49,2015.19,48934
2023.05.05 16:00:00,2015.19,2018.82,2013.02,2017.68,24501
2023.05.05 20:00:00,2017.91,2018.90,2015.89,2016.44,1269
2023.05.07 20:00:00,2016.13,2017.35,2014.20,2015.95,3548
2023.05.08 00:00:00,2015.95,2023.98,2015.11,2023.20,16925
2023.05.08 04:00:00,2023.20,2024.67,2020.07,2021.53,13911
2023.05.08 08:00:00,2021.50,2025.43,2019.92,2022.23,15481
2023.05.08 12:00:00,2022.26,2029.28,2017.83,2027.12,37401
2023.05.08 16:00:00,2027.14,2029.37,2020.23,2020.38,20388
2023.05.08 20:00:00,2020.34,2022.40,2020.13,2021.25,4622
2023.05.09 00:00:00,2021.25,2024.96,2019.48,2024.91,13806
2023.05.09 04:00:00,2024.91,2028.72,2021.61,2024.66,16192
2023.05.09 08:00:00,2024.66,2032.82,2021.40,2030.99,17195
2023.05.09 12:00:00,2030.99,2032.09,2022.95,2026.88,32932
2023.05.09 16:00:00,2026.88,2037.60,2026.84,2034.29,22600
2023.05.09 20:00:00,2034.36,2037.15,2033.79,2036.31,3533
2023.05.10 00:00:00,2036.31,2038.20,2030.50,2031.64,13472
2023.05.10 04:00:00,2031.64,2033.03,2027.42,2031.72,16175
2023.05.10 08:00:00,2031.71,2032.10,2026.25,2029.31,18752
2023.05.10 12:00:00,2029.32,2048.16,2021.51,2024.98,53446
2023.05.10 16:00:00,2025.01,2034.17,2024.59,2030.92,28442
2023.05.10 20:00:00,2030.91,2032.10,2029.12,2031.51,3332
2023.05.11 00:00:00,2031.51,2036.34,2031.18,2032.36,17268
2023.05.11 04:00:00,2032.36,2033.14,2021.74,2025.63,20612
2023.05.11 08:00:00,2025.63,2039.14,2021.63,2036.72,25414
2023.05.11 12:00:00,2036.85,2041.19,2011.10,2013.58,54095
2023.05.11 16:00:00,2013.47,2018.37,2012.84,2014.25,29143
2023.05.11 20:00:00,2014.28,2016.64,2013.74,2016.29,4578
2023.05.12 00:00:00,2016.29,2017.48,2008.70,2011.61,19769
2023.05.12 04:00:00,2011.58,2012.60,2005.65,2008.78,18761
2023.05.12 08:00:00,2008.78,2009.78,2000.85,2004.79,20235
2023.05.12 12:00:00,2004.79,2022.57,2003.52,2009.46,43836
2023.05.12 16:00:00,2009.41,2016.44,2008.35,2010.90,22238
2023.05.12 20:00:00,2010.90,2011.48,2010.34,2011.25,1010
2023.05.14 20:00:00,2008.55,2011.96,2008.53,2009.56,2282
2023.05.15 00:00:00,2009.53,2018.77,2008.65,2014.02,16321
2023.05.15 04:00:00,2014.02,2020.01,2013.25,2018.42,16670
2023.05.15 08:00:00,2018.42,2020.90,2011.90,2013.07,14478
2023.05.15 12:00:00,2013.07,2022.18,2011.48,2017.67,28815
2023.05.15 16:00:00,2017.69,2021.40,2014.40,2015.07,12931
2023.05.15 20:00:00,2015.07,2016.56,2013.72,2014.38,2908
2023.05.16 00:00:00,2014.38,2018.28,2014.12,2016.93,12598
2023.05.16 04:00:00,2016.92,2017.68,2002.59,2010.04,20795
2023.05.16 08:00:00,2009.99,2010.31,2005.16,2005.51,16611
2023.05.16 12:00:00,2005.52,2014.86,1994.65,1995.96,40084
2023.05.16 16:00:00,1995.94,1997.02,1985.46,1989.92,20153
2023.05.16 20:00:00,1989.93,1991.14,1988.01,1989.63,3652
2023.05.17 00:00:00,1989.63,1993.01,1989.63,1991.38,12687
2023.05.17 04:00:00,1991.38,1992.16,1986.78,1987.67,14499
2023.05.17 08:00:00,1987.67,1989.12,1983.69,1987.45,16856
2023.05.17 12:00:00,1987.46,1988.02,1975.03,1980.38,37120
2023.05.17 16:00:00,1980.32,1984.53,1980.07,1983.03,20480
2023.05.17 20:00:00,1983.00,1983.67,1980.38,1982.74,2847
2023.05.18 00:00:00,1982.76,1985.99,1981.28,1982.26,14749
2023.05.18 04:00:00,1982.26,1982.73,1973.52,1974.55,15973
2023.05.18 08:00:00,1974.50,1978.90,1972.18,1974.12,16096
2023.05.18 12:00:00,1973.93,1975.37,1951.98,1956.08,42910
2023.05.18 16:00:00,1956.06,1958.91,1953.93,1957.26,22072
2023.05.18 20:00:00,1957.31,1959.13,1956.91,1958.33,2687
2023.05.19 00:00:00,1958.33,1963.61,1953.98,1963.27,15538
2023.05.19 04:00:00,1963.28,1968.74,1960.61,1966.93,17318
2023.05.19 08:00:00,1966.91,1968.26,1962.33,1963.73,18841
2023.05.19 12:00:00,1963.73,1984.11,1957.19,1974.70,44271
2023.05.19 16:00:00,1974.79,1983.23,1973.09,1976.13,21156
2023.05.19 20:00:00,1976.14,1977.27,1975.46,1977.10,946
2023.05.21 20:00:00,1978.07,1981.48,1977.96,1980.79,2642
2023.05.22 00:00:00,1980.79,1982.36,1976.30,1977.88,16133
2023.05.22 04:00:00,1977.88,1978.73,1971.22,1976.81,15507
2023.05.22 08:00:00,1976.81,1982.55,1969.79,1972.92,17767
2023.05.22 12:00:00,1972.91,1978.71,1968.86,1972.43,38068
2023.05.22 16:00:00,1972.47,1978.93,1971.65,1972.10,19879
2023.05.22 20:00:00,1972.11,1972.55,1969.58,1969.79,3264
2023.05.23 00:00:00,1969.77,1971.74,1960.20,1962.79,15667
2023.05.23 04:00:00,1962.79,1964.55,1955.41,1957.16,16790
2023.05.23 08:00:00,1957.24,1961.35,1954.20,1958.91,17567
2023.05.23 12:00:00,1958.89,1973.51,1957.73,1967.36,38394
2023.05.23 16:00:00,1967.32,1977.73,1966.26,1974.74,21903
2023.05.23 20:00:00,1974.80,1977.33,1974.29,1974.96,3303
2023.05.24 00:00:00,1974.97,1976.99,1972.72,1976.44,15959
2023.05.24 04:00:00,1976.44,1980.57,1970.67,1974.05,18092
2023.05.24 08:00:00,1974.01,1982.03,1973.55,1981.89,18591
2023.05.24 12:00:00,1981.90,1985.28,1960.49,1963.09,40602
2023.05.24 16:00:00,1963.09,1965.23,1956.74,1958.98,24438
2023.05.24 20:00:00,1958.99,1961.85,1956.76,1959.80,4986
2023.05.25 00:00:00,1959.81,1960.12,1955.00,1957.21,15895
2023.05.25 04:00:00,1957.22,1961.37,1954.94,1959.45,15660
2023.05.25 08:00:00,1959.47,1964.80,1959.24,1961.97,16196
2023.05.25 12:00:00,1961.97,1963.06,1939.28,1945.39,40314
2023.05.25 16:00:00,1945.46,1946.94,1938.82,1940.15,16340
2023.05.25 20:00:00,1940.15,1943.14,1939.40,1940.51,3833
2023.05.26 00:00:00,1940.51,1948.83,1936.72,1948.45,15133
2023.05.26 04:00:00,1948.45,1957.26,1946.96,1956.20,17085
2023.05.26 08:00:00,1956.12,1956.72,1951.01,1951.46,14209
2023.05.26 12:00:00,1951.45,1953.89,1938.76,1943.47,44033
2023.05.26 16:00:00,1943.47,1947.64,1942.80,1947.43,19762
2023.05.26 20:00:00,1947.43,1947.51,1946.47,1946.74,715
2023.05.28 20:00:00,1943.09,1946.30,1943.09,1943.70,2681
2023.05.29 00:00:00,1943.70,1946.21,1940.26,1945.58,10988
2023.05.29 04:00:00,1945.58,1948.90,1943.83,1944.24,8794
2023.05.29 08:00:00,1944.24,1946.62,1940.83,1946.32,9423
2023.05.29 12:00:00,1946.40,1949.71,1944.80,1945.91,12041
2023.05.29 16:00:00,1945.91,1945.91,1942.37,1942.46,2147
2023.05.29 20:00:00,1943.50,1944.25,1941.31,1941.52,2180
2023.05.30 00:00:00,1941.47,1946.65,1939.29,1939.46,14940
2023.05.30 04:00:00,1939.41,1942.32,1932.03,1942.32,19303
2023.05.30 08:00:00,1942.31,1960.78,1941.67,1960.23,20827
2023.05.30 12:00:00,1960.20,1962.27,1951.15,1962.05,30506
2023.05.30 16:00:00,1962.09,1963.53,1957.73,1960.19,11441
2023.05.30 20:00:00,1960.19,1960.19,1958.02,1958.57,2305
2023.05.31 00:00:00,1958.57,1960.51,1953.67,1958.05,12147
2023.05.31 04:00:00,1958.05,1965.37,1955.75,1956.09,16939
2023.05.31 08:00:00,1956.12,1960.78,1954.93,1960.34,17295
2023.05.31 12:00:00,1960.34,1974.76,1959.95,1968.61,34365
2023.05.31 16:00:00,1968.60,1969.26,1962.66,1963.11,20650
2023.05.31 20:00:00,1963.15,1967.04,1962.37,1966.29,4086
2023.06.01 00:00:00,1966.31,1967.50,1962.07,1964.23,14411
2023.06.01 04:00:00,1964.22,1965.82,1955.16,1955.56,14975
2023.06.01 08:00:00,1955.56,1968.46,1953.36,1967.91,16050
2023.06.01 12:00:00,1967.87,1983.09,1958.69,1982.09,39487
2023.06.01 16:00:00,1982.09,1982.66,1975.64,1978.16,15475
2023.06.01 20:00:00,1978.14,1978.37,1975.90,1977.06,2538
2023.06.02 00:00:00,1977.06,1983.44,1974.01,1982.54,12872
2023.06.02 04:00:00,1982.52,1982.90,1975.79,1976.02,14470
2023.06.02 08:00:00,1976.02,1981.16,1975.01,1978.82,15413
2023.06.02 12:00:00,1978.83,1980.25,1961.06,1962.06,47919
2023.06.02 16:00:00,1962.06,1962.27,1948.10,1948.65,19986
2023.06.02 20:00:00,1948.63,1949.05,1948.15,1948.28,1152
2023.06.04 20:00:00,1947.45,1950.13,1947.31,1949.42,3266
2023.06.05 00:00:00,1949.39,1949.53,1944.00,1947.13,17339
2023.06.05 04:00:00,1947.13,1947.40,1938.55,1939.90,17235
2023.06.05 08:00:00,1939.90,1945.95,1938.36,1942.29,16216
2023.06.05 12:00:00,1942.29,1961.91,1938.11,1958.14,34975
2023.06.05 16:00:00,1958.16,1964.03,1957.13,1961.09,18069
2023.06.05 20:00:00,1961.16,1963.18,1960.65,1961.22,4105
2023.06.06 00:00:00,1961.30,1964.62,1959.03,1959.22,14281
2023.06.06 04:00:00,1959.22,1962.77,1956.88,1957.59,19613
2023.06.06 08:00:00,1957.59,1964.95,1957.27,1962.82,18823
2023.06.06 12:00:00,1962.79,1966.42,1954.40,1963.50,34552
2023.06.06 16:00:00,1963.50,1966.39,1961.06,1962.86,13433
2023.06.06 20:00:00,1962.88,1964.53,1962.48,1963.30,3200
2023.06.07 00:00:00,1963.35,1966.71,1962.94,1963.36,12952
2023.06.07 04:00:00,1963.36,1965.08,1954.95,1956.14,16103
2023.06.07 08:00:00,1956.12,1966.46,1955.77,1961.32,18410
2023.06.07 12:00:00,1961.31,1970.20,1946.47,1947.20,42992
2023.06.07 16:00:00,1947.22,1947.75,1940.10,1940.13,24876
2023.06.07 20:00:00,1939.97,1945.32,1939.62,1944.41,4879
2023.06.08 00:00:00,1944.45,1947.05,1944.23,1946.31,14025
2023.06.08 04:00:00,1946.33,1948.27,1942.80,1947.30,15200
2023.06.08 08:00:00,1947.30,1949.12,1944.94,1946.67,14975
2023.06.08 12:00:00,1946.67,1970.49,1946.25,1966.85,46275
2023.06.08 16:00:00,1966.89,1969.28,1961.80,1965.02,17768
2023.06.08 20:00:00,1964.96,1966.47,1964.85,1965.34,2832
2023.06.09 00:00:00,1965.32,1965.73,1963.17,1963.80,13994
2023.06.09 04:00:00,1963.80,1966.10,1962.40,1963.16,13595
2023.06.09 08:00:00,1963.14,1966.96,1960.68,1966.48,16403
2023.06.09 12:00:00,1966.49,1973.09,1956.63,1962.17,40475
2023.06.09 16:00:00,1962.13,1962.85,1959.68,1960.17,14226
2023.06.09 20:00:00,1960.18,1961.16,1960.09,1960.77,700
2023.06.11 20:00:00,1959.51,1960.52,1958.02,1959.98,2293
2023.06.12 00:00:00,1959.94,1960.46,1954.24,1958.45,13644
2023.06.12 04:00:00,1958.45,1962.14,1956.54,1960.63,15604
2023.06.12 08:00:00,1960.61,1967.00,1960.21,1964.00,17581
2023.06.12 12:00:00,1964.02,1965.96,1949.20,1955.45,37126
2023.06.12 16:00:00,1955.45,1958.72,1953.11,1957.98,16678
2023.06.12 20:00:00,1957.98,1960.55,1956.68,1959.95,3242
2023.06.13 00:00:00,1959.96,1962.12,1955.89,1962.04,13194
2023.06.13 04:00:00,1962.04,1965.40,1958.26,1962.26,15115
2023.06.13 08:00:00,1962.25,1966.24,1961.50,1963.81,13270
2023.06.13 12:00:00,1963.82,1970.79,1942.05,1943.17,47495
2023.06.13 16:00:00,1943.16,1947.11,1940.02,1943.63,18978
2023.06.13 20:00:00,1943.51,1945.12,1942.12,1943.91,3627
2023.06.14 00:00:00,1944.00,1949.40,1942.70,1949.26,11553
2023.06.14 04:00:00,1949.26,1951.55,1945.25,1949.65,12333
2023.06.14 08:00:00,1949.64,1952.91,1945.80,1947.00,14232
2023.06.14 12:00:00,1946.99,1960.36,1946.80,1956.03,29343
2023.06.14 16:00:00,1956.03,1957.48,1939.91,1945.00,37192
2023.06.14 20:00:00,1944.94,1946.19,1939.67,1945.30,5519
2023.06.15 00:00:00,1945.29,1945.29,1932.37,1934.81,17667
2023.06.15 04:00:00,1934.81,1939.82,1928.90,1933.60,22107
2023.06.15 08:00:00,1933.57,1936.77,1927.91,1928.53,19490
2023.06.15 12:00:00,1928.51,1959.74,1924.60,1956.56,46330
2023.06.15 16:00:00,1956.56,1960.28,1956.56,1958.69,17624
2023.06.15 20:00:00,1958.71,1959.26,1957.12,1958.26,3127
2023.06.16 00:00:00,1958.24,1962.00,1955.16,1956.64,13535
2023.06.16 04:00:00,1956.65,1963.37,1954.65,1961.59,15468
2023.06.16 08:00:00,1961.61,1966.54,1959.98,1965.62,19145
2023.06.16 12:00:00,1965.66,1967.93,1953.26,1956.27,44949
2023.06.16 16:00:00,1956.25,1959.80,1953.94,1955.43,16049
2023.06.16 20:00:00,1955.40,1957.62,1955.40,1957.58,810
2023.06.18 20:00:00,1958.44,1958.52,1956.23,1957.04,1822
2023.06.19 00:00:00,1957.07,1958.71,1953.97,1955.66,10521
2023.06.19 04:00:00,1955.64,1957.46,1952.71,1955.10,12212
2023.06.19 08:00:00,1955.05,1958.72,1948.29,1948.50,14689
2023.06.19 12:00:00,1948.53,1953.48,1947.83,1950.65,15876
2023.06.19 16:00:00,1950.65,1951.90,1949.47,1950.33,4516
2023.06.19 20:00:00,1950.29,1954.15,1950.04,1952.45,2300
2023.06.20 00:00:00,1952.45,1952.97,1945.08,1950.20,14528
2023.06.20 04:00:00,1950.23,1956.80,1946.92,1954.92,16901
2023.06.20 08:00:00,1954.91,1955.60,1949.95,1951.34,16163
2023.06.20 12:00:00,1951.38,1954.55,1929.77,1935.22,40831
2023.06.20 16:00:00,1935.22,1938.65,1934.19,1936.15,16769
2023.06.20 20:00:00,1936.15,1938.84,1934.80,1937.27,4196
2023.06.21 00:00:00,1937.28,1939.45,1935.41,1937.06,12111
2023.06.21 04:00:00,1937.07,1937.40,1931.21,1935.00,15646
2023.06.21 08:00:00,1935.00,1935.92,1932.10,1934.60,17169
2023.06.21 12:00:00,1934.55,1935.34,1919.15,1932.26,44878
2023.06.21 16:00:00,1932.20,1937.60,1930.37,1933.57,18935
2023.06.21 20:00:00,1933.66,1934.95,1931.66,1933.79,4124
2023.06.22 00:00:00,1933.80,1934.25,1931.49,1932.56,7334
2023.06.22 04:00:00,1932.56,1933.12,1927.06,1929.95,15100
2023.06.22 08:00:00,1929.95,1931.47,1924.89,1927.32,18411
2023.06.22 12:00:00,1927.32,1930.99,1912.80,1913.49,38695
2023.06.22 16:00:00,1913.34,1917.75,1913.06,1913.90,15381
2023.06.22 20:00:00,1913.87,1914.92,1912.37,1914.45,3517
2023.06.23 00:00:00,1914.45,1916.08,1910.04,1912.35,10303
2023.06.23 04:00:00,1912.35,1918.94,1912.08,1918.09,18381
2023.06.23 08:00:00,1918.05,1920.63,1916.59,1919.19,16795
2023.06.23 12:00:00,1919.19,1936.73,1918.88,1921.06,40675
2023.06.23 16:00:00,1921.07,1922.38,1917.95,1919.07,13822
2023.06.23 20:00:00,1919.07,1919.99,1918.99,1919.50,978
2023.06.25 20:00:00,1923.06,1925.41,1922.65,1925.25,2490
2023.06.26 00:00:00,1925.25,1928.53,1924.14,1925.48,13534
2023.06.26 04:00:00,1925.48,1929.14,1922.14,1928.92,14596
2023.06.26 08:00:00,1928.92,1933.36,1928.90,1931.37,15407
2023.06.26 12:00:00,1931.37,1933.11,1921.54,1925.74,31537
2023.06.26 16:00:00,1925.74,1926.57,1922.40,1922.88,14295
2023.06.26 20:00:00,1922.88,1924.61,1921.05,1922.59,3298
2023.06.27 00:00:00,1922.54,1930.39,1921.69,1928.41,13383
2023.06.27 04:00:00,1928.44,1929.74,1924.14,1928.21,13542
2023.06.27 08:00:00,1928.19,1928.65,1919.68,1923.15,15501
2023.06.27 12:00:00,1923.12,1930.70,1911.50,1913.50,37356
2023.06.27 16:00:00,1913.48,1916.58,1910.87,1913.77,16514
2023.06.27 20:00:00,1913.84,1915.77,1912.93,1915.40,3311
2023.06.28 00:00:00,1915.42,1917.21,1913.40,1915.17,12284
2023.06.28 04:00:00,1915.20,1916.80,1909.17,1910.94,13424
2023.06.28 08:00:00,1910.94,1911.99,1905.79,1907.13,16634
2023.06.28 12:00:00,1907.16,1913.33,1902.86,1910.87,37271
2023.06.28 16:00:00,1910.87,1913.41,1909.21,1909.34,13539
2023.06.28 20:00:00,1909.29,1910.74,1906.77,1909.69,3992
2023.06.29 00:00:00,1909.69,1912.79,1902.73,1905.37,13662
2023.06.29 04:00:00,1905.37,1907.55,1902.47,1905.68,13659
2023.06.29 08:00:00,1905.96,1911.02,1903.90,1910.05,14522
2023.06.29 12:00:00,1910.05,1913.09,1892.97,1909.00,46070
2023.06.29 16:00:00,1909.00,1910.78,1906.24,1907.80,15479
2023.06.29 20:00:00,1907.78,1909.00,1907.08,1908.75,3687
2023.06.30 00:00:00,1908.75,1909.71,1907.10,1908.31,12448
2023.06.30 04:00:00,1908.36,1909.91,1903.75,1905.29,15663
2023.06.30 08:00:00,1905.27,1906.68,1900.52,1905.29,16999
2023.06.30 12:00:00,1905.30,1919.42,1904.63,1919.07,41752
2023.06.30 16:00:00,1919.05,1922.76,1917.49,1920.04,17886
2023.06.30 20:00:00,1920.06,1920.07,1918.14,1918.79,1469
2023.07.02 20:00:00,1918.63,1919.58,1917.52,1918.20,2193
2023.07.03 00:00:00,1918.20,1919.02,1914.61,1918.33,13244
2023.07.03 04:00:00,1918.33,1920.69,1912.10,1912.18,15198
2023.07.03 08:00:00,1912.18,1914.36,1910.05,1912.58,14559
2023.07.03 12:00:00,1912.58,1931.04,1911.63,1926.60,35157
2023.07.03 16:00:00,1926.55,1926.72,1920.57,1921.32,9830
2023.07.03 20:00:00,1921.30,1921.68,1919.81,1921.20,1626
2023.07.04 00:00:00,1921.20,1923.47,1920.03,1922.95,9130
2023.07.04 04:00:00,1922.95,1928.47,1922.75,1928.02,12311
2023.07.04 08:00:00,1928.05,1930.73,1925.77,1928.57,14753
2023.07.04 12:00:00,1928.57,1930.36,1926.15,1927.09,11957
2023.07.04 16:00:00,1927.09,1927.26,1924.00,1925.76,4215
2023.07.04 20:00:00,1925.77,1927.17,1924.19,1926.26,2576
2023.07.05 00:00:00,1926.26,1927.10,1923.19,1924.37,10711
2023.07.05 04:00:00,1924.37,1927.82,1920.85,1927.48,14679
2023.07.05 08:00:00,1927.48,1929.63,1925.16,1927.51,14848
2023.07.05 12:00:00,1927.51,1935.05,1919.05,1923.21,41528
2023.07.05 16:00:00,1923.22,1924.80,1915.14,1915.86,21383
2023.07.05 20:00:00,1915.83,1917.89,1914.53,1916.84,4158
2023.07.06 00:00:00,1916.80,1919.71,1916.07,1918.18,14233
2023.07.06 04:00:00,1918.18,1921.50,1916.90,1918.97,18172
2023.07.06 08:00:00,1918.97,1927.48,1916.29,1926.62,17858
2023.07.06 12:00:00,1926.64,1927.62,1902.67,1911.48,56521
2023.07.06 16:00:00,1911.48,1912.40,1908.94,1910.22,15705
2023.07.06 20:00:00,1910.31,1912.28,1909.56,1911.50,3557
2023.07.07 00:00:00,1911.50,1912.39,1909.60,1911.13,13429
2023.07.07 04:00:00,1911.14,1916.49,1910.24,1914.59,17455
2023.07.07 08:00:00,1914.62,1918.38,1913.33,1917.54,15589
2023.07.07 12:00:00,1917.54,1934.86,1914.26,1927.64,49204
2023.07.07 16:00:00,1927.65,1929.40,1924.71,1924.79,17425
2023.07.07 20:00:00,1924.77,1925.19,1924.29,1925.16,962
2023.07.09 20:00:00,1925.20,1928.17,1923.83,1924.88,3647
2023.07.10 00:00:00,1924.88,1926.88,1922.58,1923.86,15665
2023.07.10 04:00:00,1923.85,1925.73,1919.36,1924.85,14348
2023.07.10 08:00:00,1924.86,1926.25,1922.72,1924.71,14448
2023.07.10 12:00:00,1924.70,1925.02,1912.69,1923.57,34544
2023.07.10 16:00:00,1923.55,1926.85,1922.72,1925.90,13208
2023.07.10 20:00:00,1925.94,1925.99,1924.34,1924.81,3299
2023.07.11 00:00:00,1924.81,1928.99,1924.41,1926.69,16065
2023.07.11 04:00:00,1926.69,1938.38,1926.37,1932.30,19284
2023.07.11 08:00:00,1932.30,1938.49,1932.00,1936.30,15920
2023.07.11 12:00:00,1936.32,1936.51,1929.46,1931.11,32568
2023.07.11 16:00:00,1931.07,1932.85,1929.35,1932.49,12144
2023.07.11 20:00:00,1932.49,1933.79,1931.59,1933.29,3286
2023.07.12 00:00:00,1933.27,1940.99,1933.19,1938.53,18132
2023.07.12 04:00:00,1938.53,1940.26,1933.88,1934.73,16891
2023.07.12 08:00:00,1934.76,1936.50,1933.50,1934.69,14417
2023.07.12 12:00:00,1934.66,1958.34,1933.59,1955.72,49907
2023.07.12 16:00:00,1955.72,1959.67,1955.39,1958.69,15193
2023.07.12 20:00:00,1958.69,1958.73,1955.66,1957.77,3267
2023.07.13 00:00:00,1957.77,1961.71,1956.37,1960.31,17769
2023.07.13 04:00:00,1960.28,1963.38,1955.26,1961.85,19860
2023.07.13 08:00:00,1961.85,1962.80,1957.94,1959.91,14438
2023.07.13 12:00:00,1959.91,1963.57,1952.38,1954.96,41992
2023.07.13 16:00:00,1954.98,1960.86,1954.77,1959.97,16916
2023.07.13 20:00:00,1959.97,1961.86,1959.83,1960.16,4171
2023.07.14 00:00:00,1960.23,1963.80,1958.38,1962.57,18168
2023.07.14 04:00:00,1962.57,1962.57,1954.32,1956.87,18753
2023.07.14 08:00:00,1956.87,1960.09,1955.21,1959.26,15191
2023.07.14 12:00:00,1959.28,1962.77,1950.95,1958.14,44022
2023.07.14 16:00:00,1958.14,1961.07,1954.37,1954.40,16896
2023.07.14 20:00:00,1954.44,1955.58,1954.36,1955.11,1072
2023.07.16 20:00:00,1954.86,1954.96,1951.35,1953.29,3338
2023.07.17 00:00:00,1953.29,1955.96,1950.95,1952.09,14042
2023.07.17 04:00:00,1952.09,1956.82,1950.62,1952.33,16067
2023.07.17 08:00:00,1952.33,1959.87,1951.97,1957.62,17028
2023.07.17 12:00:00,1957.59,1959.45,1945.77,1954.59,36824
2023.07.17 16:00:00,1954.59,1956.40,1952.49,1955.33,11746
2023.07.17 20:00:00,1955.20,1956.24,1953.69,1955.44,2704
2023.07.18 00:00:00,1955.47,1960.69,1954.66,1959.79,16512
2023.07.18 04:00:00,1959.79,1964.15,1957.81,1961.52,19309
2023.07.18 08:00:00,1961.53,1972.22,1960.55,1963.05,19710
2023.07.18 12:00:00,1963.05,1984.40,1960.76,1978.10,51365
2023.07.18 16:00:00,1978.13,1981.56,1975.03,1977.71,17665
2023.07.18 20:00:00,1977.72,1979.13,1976.72,1977.50,4704
2023.07.19 00:00:00,1977.47,1978.53,1974.41,1975.52,17967
2023.07.19 04:00:00,1975.52,1980.96,1973.00,1977.95,20787
2023.07.19 08:00:00,1977.95,1979.13,1971.57,1973.77,18894
2023.07.19 12:00:00,1973.80,1979.87,1969.78,1973.87,37957
2023.07.19 16:00:00,1973.88,1978.93,1972.09,1978.48,13621
2023.07.19 20:00:00,1978.46,1978.74,1975.62,1977.73,3656
2023.07.20 00:00:00,1977.70,1987.44,1977.31,1985.20,19927
2023.07.20 04:00:00,1985.20,1985.49,1977.86,1979.23,20690
2023.07.20 08:00:00,1979.22,1983.90,1978.21,1981.47,18267
2023.07.20 12:00:00,1981.45,1981.62,1965.80,1968.69,44740
2023.07.20 16:00:00,1968.69,1971.52,1965.35,1968.81,19168
2023.07.20 20:00:00,1968.79,1972.85,1968.54,1972.27,3426
2023.07.21 00:00:00,1972.32,1973.74,1969.90,1970.24,17271
2023.07.21 04:00:00,1970.24,1972.20,1964.18,1964.31,19793
2023.07.21 08:00:00,1964.28,1966.82,1961.08,1965.78,21771
2023.07.21 12:00:00,1965.78,1968.14,1956.84,1960.33,39208
2023.07.21 16:00:00,1960.33,1964.87,1960.19,1962.47,14917
2023.07.21 20:00:00,1962.51,1962.64,1961.46,1961.92,1030
2023.07.23 20:00:00,1962.34,1962.89,1960.36,1961.23,2235
2023.07.24 00:00:00,1961.24,1962.67,1959.13,1960.14,16156
2023.07.24 04:00:00,1960.15,1965.70,1957.88,1963.33,20375
2023.07.24 08:00:00,1963.26,1967.89,1959.38,1965.01,19712
2023.07.24 12:00:00,1965.04,1967.70,1957.14,1959.70,39222
2023.07.24 16:00:00,1959.68,1961.50,1953.49,1954.36,16936
2023.07.24 20:00:00,1954.36,1955.49,1953.19,1954.40,3426
2023.07.25 00:00:00,1954.41,1963.56,1953.87,1961.61,17393
2023.07.25 04:00:00,1961.60,1964.13,1959.69,1961.24,16161
2023.07.25 08:00:00,1961.16,1963.71,1953.10,1960.77,18898
2023.07.25 12:00:00,1960.77,1965.39,1951.50,1964.27,29045
2023.07.25 16:00:00,1964.26,1965.71,1961.28,1964.50,13717
2023.07.25 20:00:00,1964.50,1966.27,1964.11,1965.32,3917
2023.07.26 00:00:00,1965.32,1966.06,1962.01,1963.96,11737
2023.07.26 04:00:00,1963.97,1971.15,1962.40,1970.68,14740
2023.07.26 08:00:00,1970.70,1974.23,1969.62,1972.20,14285
2023.07.26 12:00:00,1972.21,1975.08,1963.95,1972.38,32883
2023.07.26 16:00:00,1972.38,1978.43,1965.62,1974.83,30372
2023.07.26 20:00:00,1974.80,1974.80,1970.87,1972.01,4069
2023.07.27 00:00:00,1972.01,1982.05,1971.17,1977.99,12672
2023.07.27 04:00:00,1977.98,1982.17,1974.04,1979.94,17034
2023.07.27 08:00:00,1980.03,1981.12,1973.63,1979.09,18264
2023.07.27 12:00:00,1979.09,1979.16,1942.70,1946.95,45377
2023.07.27 16:00:00,1946.90,1949.72,1942.60,1944.24,21225
2023.07.27 20:00:00,1944.23,1948.12,1943.41,1947.40,4998
2023.07.28 00:00:00,1947.42,1954.91,1946.06,1954.23,19781
2023.07.28 04:00:00,1954.28,1956.77,1948.28,1949.69,27840
2023.07.28 08:00:00,1949.73,1958.06,1947.89,1956.62,18952
2023.07.28 12:00:00,1956.62,1963.44,1952.31,1960.96,36232
2023.07.28 16:00:00,1960.96,1963.55,1957.51,1959.07,12246
2023.07.28 20:00:00,1959.03,1959.55,1958.61,1959.00,1020
2023.07.30 20:00:00,1959.80,1960.57,1957.40,1958.09,2798
2023.07.31 00:00:00,1958.09,1958.94,1953.71,1954.57,15302
2023.07.31 04:00:00,1954.57,1957.16,1953.11,1954.94,13338
2023.07.31 08:00:00,1954.96,1961.12,1951.35,1959.09,17151
2023.07.31 12:00:00,1959.08,1972.42,1957.50,1970.75,31070
2023.07.31 16:00:00,1970.75,1972.31,1964.28,1964.58,11561
2023.07.31 20:00:00,1964.59,1966.01,1963.91,1963.93,4492
2023.08.01 00:00:00,1963.90,1964.68,1959.00,1962.17,14626
2023.08.01 04:00:00,1962.17,1962.30,1954.45,1955.50,14959
2023.08.01 08:00:00,1955.46,1957.72,1953.13,1953.62,15957
2023.08.01 12:00:00,1953.62,1956.08,1941.49,1944.28,39836
2023.08.01 16:00:00,1944.28,1945.65,1941.27,1944.49,10171
2023.08.01 20:00:00,1944.49,1952.89,1944.09,1952.18,6115
2023.08.02 00:00:00,1952.15,1952.43,1946.71,1949.33,11818
2023.08.02 04:00:00,1949.33,1950.44,1945.32,1948.43,13478
2023.08.02 08:00:00,1948.61,1954.81,1948.32,1950.70,16308
2023.08.02 12:00:00,1950.72,1951.94,1933.06,1935.60,38129
2023.08.02 16:00:00,1935.60,1939.17,1935.06,1935.27,12893
2023.08.02 20:00:00,1935.22,1937.00,1933.76,1936.06,2790
2023.08.03 00:00:00,1936.06,1938.95,1933.93,1937.30,8779
2023.08.03 04:00:00,1937.27,1938.29,1930.93,1936.91,17239
2023.08.03 08:00:00,1936.98,1938.46,1932.84,1935.10,18083
2023.08.03 12:00:00,1935.05,1938.78,1929.56,1933.07,41228
2023.08.03 16:00:00,1933.07,1935.93,1932.53,1934.21,12087
2023.08.03 20:00:00,1934.19,1937.02,1933.76,1935.72,3630
2023.08.04 00:00:00,1935.72,1938.02,1934.34,1935.24,12028
2023.08.04 04:00:00,1935.24,1937.49,1932.08,1932.95,13937
2023.08.04 08:00:00,1932.93,1934.24,1931.27,1932.31,12915
2023.08.04 12:00:00,1932.33,1946.98,1926.75,1942.73,45189
2023.08.04 16:00:00,1942.73,1943.55,1939.83,1941.36,12353
2023.08.04 20:00:00,1941.33,1942.77,1941.18,1942.62,752
2023.08.06 20:00:00,1942.52,1946.69,1942.44,1943.94,2964
2023.08.07 00:00:00,1943.95,1945.37,1938.20,1939.31,10878
2023.08.07 04:00:00,1939.31,1939.47,1935.49,1936.82,12449
2023.08.07 08:00:00,1936.78,1937.64,1933.41,1936.23,13138
2023.08.07 12:00:00,1936.21,1941.72,1931.47,1932.54,25058
2023.08.07 16:00:00,1932.54,1937.63,1932.12,1936.69,10839
2023.08.07 20:00:00,1936.68,1938.07,1934.23,1936.76,3392
2023.08.08 00:00:00,1936.76,1937.34,1931.13,1933.08,12233
2023.08.08 04:00:00,1933.08,1934.90,1930.23,1930.50,13365
2023.08.08 08:00:00,1930.82,1935.70,1928.19,1928.85,16665
2023.08.08 12:00:00,1928.93,1932.05,1922.75,1925.87,31828
2023.08.08 16:00:00,1925.87,1928.48,1923.61,1924.88,12020
2023.08.08 20:00:00,1924.82,1925.73,1924.56,1925.62,1984
2023.08.09 00:00:00,1925.62,1930.83,1924.25,1930.11,10099
2023.08.09 04:00:00,1930.13,1932.35,1928.61,1930.60,11364
2023.08.09 08:00:00,1930.60,1930.80,1923.29,1924.51,11753
2023.08.09 12:00:00,1924.53,1927.60,1915.61,1916.71,31112
2023.08.09 16:00:00,1916.75,1918.19,1915.45,1915.53,12200
2023.08.09 20:00:00,1915.47,1916.95,1913.95,1916.68,2872
2023.08.10 00:00:00,1916.68,1919.21,1915.33,1918.65,8784
2023.08.10 04:00:00,1918.65,1920.66,1915.52,1919.30,11595
2023.08.10 08:00:00,1919.31,1922.73,1918.62,1921.87,13456
2023.08.10 12:00:00,1921.87,1930.18,1912.88,1919.98,45500
2023.08.10 16:00:00,1919.99,1921.75,1912.89,1913.34,17960
2023.08.10 20:00:00,1913.27,1913.71,1910.87,1912.38,3583
2023.08.11 00:00:00,1912.38,1916.01,1911.86,1914.67,7898
2023.08.11 04:00:00,1914.67,1918.10,1912.59,1917.93,10815
2023.08.11 08:00:00,1917.92,1919.83,1916.14,1919.05,12058
2023.08.11 12:00:00,1919.05,1920.96,1912.94,1914.05,36153
2023.08.11 16:00:00,1914.08,1915.54,1912.20,1913.65,11290
2023.08.11 20:00:00,1913.66,1913.96,1912.91,1913.41,483
2023.08.13 20:00:00,1913.82,1915.19,1912.44,1913.64,2252
2023.08.14 00:00:00,1913.66,1913.77,1910.13,1912.75,12222
2023.08.14 04:00:00,1912.75,1915.96,1910.64,1914.49,13168
2023.08.14 08:00:00,1914.50,1916.24,1912.24,1913.99,15159
2023.08.14 12:00:00,1913.99,1914.05,1902.74,1910.67,38058
2023.08.14 16:00:00,1910.62,1913.24,1907.25,1907.59,13032
2023.08.14 20:00:00,1907.58,1908.10,1905.08,1907.62,2780
2023.08.15 00:00:00,1907.62,1908.22,1903.60,1907.15,12911
2023.08.15 04:00:00,1907.14,1907.46,1903.49,1905.01,14512
2023.08.15 08:00:00,1905.00,1905.25,1902.00,1904.23,17687
2023.08.15 12:00:00,1904.28,1911.64,1896.38,1906.85,44843
2023.08.15 16:00:00,1906.85,1907.50,1902.46,1902.68,17124
2023.08.15 20:00:00,1902.70,1903.59,1900.28,1901.48,3499
2023.08.16 00:00:00,1901.48,1905.29,1900.48,1904.12,11467
2023.08.16 04:00:00,1904.11,1906.55,1902.79,1904.55,11890
2023.08.16 08:00:00,1904.56,1907.22,1903.10,1903.15,12458
2023.08.16 12:00:00,1903.09,1906.49,1899.90,1901.97,29830
2023.08.16 16:00:00,1901.95,1902.63,1891.82,1892.30,21153
2023.08.16 20:00:00,1892.20,1894.94,1891.45,1893.30,4813
2023.08.17 00:00:00,1893.32,1893.93,1889.58,1892.76,13365
2023.08.17 04:00:00,1892.74,1897.62,1892.12,1896.46,11643
2023.08.17 08:00:00,1896.46,1899.55,1893.63,1898.85,16035
2023.08.17 12:00:00,1898.85,1903.46,1889.19,1889.50,35514
2023.08.17 16:00:00,1889.50,1891.24,1885.06,1889.11,16423
2023.08.17 20:00:00,1888.99,1891.67,1888.39,1891.22,3056
2023.08.18 00:00:00,1891.24,1895.22,1890.69,1892.69,10820
2023.08.18 04:00:00,1892.66,1894.09,1891.14,1892.61,12985
2023.08.18 08:00:00,1892.61,1895.54,1891.41,1893.79,12727
2023.08.18 12:00:00,1893.89,1896.86,1888.67,1891.31,26308
2023.08.18 16:00:00,1891.31,1891.97,1886.79,1889.27,11757
2023.08.18 20:00:00,1889.15,1889.86,1888.32,1889.18,843
2023.08.20 20:00:00,1889.44,1890.83,1888.85,1889.86,1981
2023.08.21 00:00:00,1889.88,1893.71,1884.80,1891.70,12579
2023.08.21 04:00:00,1891.67,1894.09,1887.42,1888.18,13240
2023.08.21 08:00:00,1888.17,1893.19,1886.80,1893.06,15454
2023.08.21 12:00:00,1893.11,1898.88,1885.28,1889.20,34670
2023.08.21 16:00:00,1889.25,1895.37,1889.10,1894.35,12682
2023.08.21 20:00:00,1894.31,1896.06,1894.23,1894.78,2122
2023.08.22 00:00:00,1894.77,1897.28,1893.69,1896.03,11177
2023.08.22 04:00:00,1896.03,1901.90,1893.84,1901.55,12786
2023.08.22 08:00:00,1901.55,1904.51,1898.41,1902.15,14859
2023.08.22 12:00:00,1902.15,1903.44,1889.14,1897.83,33205
2023.08.22 16:00:00,1897.91,1898.95,1896.42,1897.56,10558
2023.08.22 20:00:00,1897.55,1898.65,1897.09,1898.56,1554
2023.08.23 00:00:00,1898.56,1903.06,1898.49,1901.62,8905
2023.08.23 04:00:00,1901.62,1904.75,1900.76,1903.63,13967
2023.08.23 08:00:00,1903.60,1905.55,1901.29,1903.32,15303
2023.08.23 12:00:00,1903.30,1918.92,1902.70,1918.32,35654
2023.08.23 16:00:00,1918.32,1920.36,1916.29,1916.79,13588
2023.08.23 20:00:00,1916.78,1918.05,1914.44,1917.91,3188
2023.08.24 00:00:00,1917.91,1921.64,1917.38,1920.94,9326
2023.08.24 04:00:00,1920.94,1922.97,1919.55,1919.56,13239
2023.08.24 08:00:00,1919.57,1922.07,1916.45,1916.63,12044
2023.08.24 12:00:00,1916.70,1923.39,1911.80,1921.05,33830
2023.08.24 16:00:00,1920.99,1921.48,1916.70,1916.80,12961
2023.08.24 20:00:00,1916.80,1917.49,1915.68,1915.92,2132
2023.08.25 00:00:00,1915.92,1917.56,1913.15,1913.43,8456
2023.08.25 04:00:00,1913.43,1916.14,1912.83,1914.26,10233
2023.08.25 08:00:00,1914.26,1918.46,1913.35,1918.34,10690
2023.08.25 12:00:00,1918.32,1922.41,1903.77,1907.82,40622
2023.08.25 16:00:00,1907.86,1914.73,1907.62,1914.34,15579
2023.08.25 20:00:00,1914.42,1914.43,1913.31,1914.30,740
2023.08.27 20:00:00,1915.85,1916.15,1914.34,1915.03,1929
2023.08.28 00:00:00,1915.03,1917.45,1914.57,1916.27,8965
2023.08.28 04:00:00,1916.27,1917.78,1914.34,1914.57,8278
2023.08.28 08:00:00,1914.57,1915.75,1913.50,1914.80,9121
2023.08.28 12:00:00,1914.79,1926.10,1912.77,1924.81,24514
2023.08.28 16:00:00,1924.79,1925.25,1916.91,1919.67,10764
2023.08.28 20:00:00,1919.67,1921.59,1919.60,1921.26,1837
2023.08.29 00:00:00,1921.26,1925.87,1921.07,1925.48,7493
2023.08.29 04:00:00,1925.48,1925.62,1921.62,1923.26,8796
2023.08.29 08:00:00,1923.26,1924.49,1916.74,1917.24,12453
2023.08.29 12:00:00,1917.24,1937.67,1914.43,1936.70,35728
2023.08.29 16:00:00,1936.72,1938.16,1934.09,1938.03,13122
2023.08.29 20:00:00,1937.97,1937.97,1935.94,1936.25,2587
2023.08.30 00:00:00,1936.26,1937.49,1935.37,1936.77,9145
2023.08.30 04:00:00,1936.77,1937.11,1934.95,1936.50,11308
2023.08.30 08:00:00,1936.49,1939.66,1935.48,1939.14,12962
2023.08.30 12:00:00,1939.13,1949.06,1938.80,1944.95,38461
2023.08.30 16:00:00,1944.90,1945.67,1942.87,1943.44,11560
2023.08.30 20:00:00,1943.52,1945.43,1941.73,1944.24,3433
2023.08.31 00:00:00,1944.24,1947.75,1944.18,1945.15,7653
2023.08.31 04:00:00,1945.14,1946.37,1943.26,1945.09,9370
2023.08.31 08:00:00,1945.08,1945.94,1943.69,1945.69,10769
2023.08.31 12:00:00,1945.69,1947.91,1939.09,1940.66,32995
2023.08.31 16:00:00,1940.67,1942.51,1939.11,1940.10,10635
2023.08.31 20:00:00,1940.09,1940.63,1938.98,1939.90,2340
2023.09.01 00:00:00,1939.90,1944.03,1938.71,1938.97,9533
2023.09.01 04:00:00,1938.97,1943.55,1938.24,1943.16,9250
2023.09.01 08:00:00,1943.16,1945.91,1941.94,1944.49,9904
2023.09.01 12:00:00,1944.47,1952.94,1934.50,1938.83,47542
2023.09.01 16:00:00,1938.83,1941.58,1937.35,1940.51,9970
2023.09.01 20:00:00,1940.51,1940.68,1939.77,1939.89,640
2023.09.03 20:00:00,1940.22,1941.08,1939.37,1940.60,1290
2023.09.04 00:00:00,1940.60,1946.13,1940.18,1944.92,10073
2023.09.04 04:00:00,1944.93,1946.32,1943.14,1943.80,9869
2023.09.04 08:00:00,1943.80,1944.50,1939.85,1941.67,10533
2023.09.04 12:00:00,1941.67,1941.74,1936.82,1938.62,11528
2023.09.04 16:00:00,1938.63,1938.90,1937.98,1938.11,1587
2023.09.04 20:00:00,1937.27,1938.77,1937.27,1937.66,1145
2023.09.05 00:00:00,1937.65,1938.74,1934.95,1936.97,7644
2023.09.05 04:00:00,1936.96,1939.00,1935.15,1935.60,11993
2023.09.05 08:00:00,1935.56,1935.73,1929.93,1930.51,14575
2023.09.05 12:00:00,1930.51,1934.81,1925.37,1926.08,37959
2023.09.05 16:00:00,1926.05,1927.95,1925.52,1925.91,10184
2023.09.05 20:00:00,1925.91,1927.00,1925.43,1926.59,2384
2023.09.06 00:00:00,1926.58,1926.77,1924.26,1926.56,8534
2023.09.06 04:00:00,1926.55,1928.50,1922.89,1922.95,11952
2023.09.06 08:00:00,1922.92,1927.75,1922.59,1925.46,12583
2023.09.06 12:00:00,1925.46,1929.20,1915.29,1916.79,35582
2023.09.06 16:00:00,1916.82,1920.68,1916.01,1916.73,10023
2023.09.06 20:00:00,1916.75,1918.43,1916.01,1917.13,2127
2023.09.07 00:00:00,1917.11,1920.72,1916.31,1920.16,7126
2023.09.07 04:00:00,1920.19,1920.30,1917.10,1918.35,10092
2023.09.07 08:00:00,1918.34,1922.25,1917.39,1921.85,10864
2023.09.07 12:00:00,1921.85,1923.59,1916.23,1920.97,29551
2023.09.07 16:00:00,1920.97,1921.51,1917.44,1918.80,7793
2023.09.07 20:00:00,1918.79,1920.34,1918.79,1920.27,2164
2023.09.08 00:00:00,1920.27,1927.24,1920.08,1924.99,10729
2023.09.08 04:00:00,1924.99,1927.28,1923.95,1924.11,8528
2023.09.08 08:00:00,1924.12,1925.89,1922.65,1923.02,9963
2023.09.08 12:00:00,1923.04,1929.73,1919.26,1919.60,27013
2023.09.08 16:00:00,1919.60,1920.70,1917.35,1919.18,7577
2023.09.08 20:00:00,1919.17,1919.44,1918.76,1919.42,383
2023.09.10 20:00:00,1919.69,1919.80,1916.60,1918.87,2784
2023.09.11 00:00:00,1918.87,1924.15,1918.32,1923.29,12034
2023.09.11 04:00:00,1923.29,1930.73,1923.02,1926.46,14238
2023.09.11 08:00:00,1926.44,1928.03,1924.69,1925.22,9794
2023.09.11 12:00:00,1925.22,1930.11,1921.41,1923.07,24423
2023.09.11 16:00:00,1923.07,1925.13,1921.49,1922.74,7041
2023.09.11 20:00:00,1922.74,1923.45,1921.27,1921.68,1925
2023.09.12 00:00:00,1921.68,1924.36,1920.29,1923.66,8826
2023.09.12 04:00:00,1923.68,1924.57,1918.83,1919.00,9139
2023.09.12 08:00:00,1919.00,1921.37,1910.97,1912.99,13256
2023.09.12 12:00:00,1912.98,1914.78,1907.58,1912.47,25592
2023.09.12 16:00:00,1912.50,1915.09,1911.75,1913.02,8404
2023.09.12 20:00:00,1912.96,1913.79,1912.06,1912.89,2219
2023.09.13 00:00:00,1912.89,1913.86,1908.19,1909.66,9460
2023.09.13 04:00:00,1909.66,1912.66,1908.28,1912.02,12222
2023.09.13 08:00:00,1912.01,1913.14,1910.79,1912.34,9441
2023.09.13 12:00:00,1912.34,1915.77,1905.56,1910.46,38751
2023.09.13 16:00:00,1910.47,1911.69,1908.18,1908.89,10810
2023.09.13 20:00:00,1908.90,1909.82,1907.52,1909.21,2668
2023.09.14 00:00:00,1909.26,1912.89,1908.84,1909.72,12205
2023.09.14 04:00:00,1909.72,1911.08,1905.23,1905.87,11109
2023.09.14 08:00:00,1905.85,1909.17,1905.55,1907.53,11584
2023.09.14 12:00:00,1907.56,1911.43,1901.05,1907.99,46880
2023.09.14 16:00:00,1907.99,1912.11,1907.96,1909.43,12154
2023.09.14 20:00:00,1909.43,1911.06,1909.21,1909.81,2370
2023.09.15 00:00:00,1909.81,1916.04,1909.80,1915.64,11647
2023.09.15 04:00:00,1915.64,1919.64,1914.96,1918.09,14608
2023.09.15 08:00:00,1918.09,1919.97,1916.77,1919.24,12088
2023.09.15 12:00:00,1919.24,1930.43,1916.09,1926.47,35162
2023.09.15 16:00:00,1926.47,1927.89,1922.37,1922.48,10949
2023.09.15 20:00:00,1922.48,1923.80,1922.40,1923.52,1056
2023.09.17 20:00:00,1924.12,1924.53,1922.49,1923.24,1611
2023.09.18 00:00:00,1923.24,1929.46,1923.19,1928.81,11322
2023.09.18 04:00:00,1928.76,1930.61,1926.49,1926.51,13158
2023.09.18 08:00:00,1926.51,1928.20,1925.13,1926.83,10125
2023.09.18 12:00:00,1926.83,1929.42,1922.85,1929.03,24630
2023.09.18 16:00:00,1929.06,1933.58,1927.74,1933.29,9543
2023.09.18 20:00:00,1933.29,1934.58,1933.06,1934.09,2485
2023.09.19 00:00:00,1934.09,1934.61,1931.76,1932.26,7154
2023.09.19 04:00:00,1932.24,1934.86,1929.82,1934.46,9877
2023.09.19 08:00:00,1934.46,1936.82,1933.48,1935.31,9020
2023.09.19 12:00:00,1935.31,1937.43,1931.07,1933.13,23328
2023.09.19 16:00:00,1933.13,1933.74,1929.81,1932.00,8171
2023.09.19 20:00:00,1932.00,1932.54,1930.92,1931.47,1718
2023.09.20 00:00:00,1931.47,1931.62,1928.56,1930.64,7242
2023.09.20 04:00:00,1930.64,1932.36,1927.96,1928.72,9908
2023.09.20 08:00:00,1928.72,1932.72,1928.67,1932.10,9683
2023.09.20 12:00:00,1932.10,1945.84,1930.95,1941.88,26951
2023.09.20 16:00:00,1941.88,1947.47,1932.89,1933.05,32289
2023.09.20 20:00:00,1933.06,1933.74,1929.09,1929.49,6213
2023.09.21 00:00:00,1929.48,1929.71,1924.19,1928.35,12569
2023.09.21 04:00:00,1928.35,1930.52,1926.40,1927.21,11937
2023.09.21 08:00:00,1927.23,1927.48,1920.25,1920.79,17210
2023.09.21 12:00:00,1920.78,1923.85,1913.97,1917.48,42033
2023.09.21 16:00:00,1917.48,1921.27,1916.39,1919.83,13672
2023.09.21 20:00:00,1919.83,1921.54,1919.29,1921.39,3210
2023.09.22 00:00:00,1921.39,1925.53,1921.20,1923.76,13472
2023.09.22 04:00:00,1923.76,1928.76,1923.36,1928.03,16635
2023.09.22 08:00:00,1928.00,1928.05,1924.34,1925.57,12782
2023.09.22 12:00:00,1925.57,1929.14,1924.18,1927.74,31198
2023.09.22 16:00:00,1927.74,1928.57,1924.34,1925.42,9184
2023.09.22 20:00:00,1925.41,1925.57,1924.65,1925.11,514
2023.09.24 20:00:00,1926.35,1926.35,1924.46,1924.84,1817
2023.09.25 00:00:00,1924.79,1925.36,1922.66,1923.64,7386
2023.09.25 04:00:00,1923.64,1927.24,1920.94,1923.51,10819
2023.09.25 08:00:00,1923.51,1925.04,1921.03,1924.10,15808
2023.09.25 12:00:00,1924.06,1926.89,1915.17,1917.50,30726
2023.09.25 16:00:00,1917.50,1918.32,1915.20,1915.56,10740
2023.09.25 20:00:00,1915.57,1916.82,1914.74,1916.22,1692
2023.09.26 00:00:00,1916.22,1916.47,1913.06,1913.67,8823
2023.09.26 04:00:00,1913.67,1915.20,1909.78,1913.69,10755
2023.09.26 08:00:00,1913.74,1915.71,1910.59,1911.63,13802
2023.09.26 12:00:00,1911.63,1912.88,1900.81,1902.41,35154
2023.09.26 16:00:00,1902.42,1903.69,1899.18,1900.57,14432
2023.09.26 20:00:00,1900.57,1902.25,1900.09,1901.62,2750
2023.09.27 00:00:00,1901.62,1904.13,1899.64,1900.08,7842
2023.09.27 04:00:00,1900.08,1900.08,1895.63,1896.70,14348
2023.09.27 08:00:00,1896.68,1897.89,1892.53,1892.95,15062
2023.09.27 12:00:00,1892.94,1893.16,1879.87,1881.55,32772
2023.09.27 16:00:00,1881.55,1881.63,1872.57,1876.77,23665
2023.09.27 20:00:00,1876.79,1877.80,1874.68,1877.70,4041
2023.09.28 00:00:00,1877.70,1877.95,1873.56,1874.65,9256
2023.09.28 04:00:00,1874.65,1878.29,1873.69,1875.79,15196
2023.09.28 08:00:00,1875.81,1877.25,1873.74,1876.06,17148
2023.09.28 12:00:00,1876.06,1879.66,1857.69,1864.78,49855
2023.09.28 16:00:00,1864.79,1867.32,1861.03,1867.16,20105
2023.09.28 20:00:00,1867.12,1867.36,1863.82,1866.73,3938
2023.09.29 00:00:00,1866.71,1867.25,1862.97,1863.33,8505
2023.09.29 04:00:00,1863.33,1874.03,1863.13,1873.60,12647
2023.09.29 08:00:00,1873.61,1873.80,1867.60,1869.50,18718
2023.09.29 12:00:00,1869.53,1879.89,1852.26,1854.77,49563
2023.09.29 16:00:00,1854.81,1856.51,1846.34,1848.27,23065
2023.09.29 20:00:00,1848.22,1849.90,1847.67,1848.62,1359
2023.10.01 20:00:00,1847.46,1848.72,1845.75,1848.37,3713
2023.10.02 00:00:00,1848.37,1848.95,1842.83,1843.51,9094
2023.10.02 04:00:00,1843.50,1846.34,1839.26,1839.83,18340
2023.10.02 08:00:00,1839.83,1843.24,1831.13,1837.34,28299
2023.10.02 12:00:00,1837.34,1840.65,1827.18,1832.64,66234
2023.10.02 16:00:00,1832.64,1833.62,1829.26,1829.43,29967
2023.10.02 20:00:00,1829.43,1829.73,1820.39,1824.98,6664
2023.10.03 00:00:00,1824.98,1825.28,1815.24,1820.53,15020
2023.10.03 04:00:00,1820.53,1824.71,1818.18,1824.10,20307
2023.10.03 08:00:00,1824.10,1829.16,1823.70,1825.96,27077
2023.10.03 12:00:00,1825.96,1833.40,1819.29,1824.88,71904
2023.10.03 16:00:00,1824.89,1828.12,1821.94,1823.97,31571
2023.10.03 20:00:00,1823.99,1825.10,1822.05,1823.39,5846
2023.10.04 00:00:00,1823.39,1825.08,1819.72,1820.81,15019
2023.10.04 04:00:00,1820.81,1823.84,1816.73,1823.16,23567
2023.10.04 08:00:00,1823.16,1827.23,1820.29,1825.01,31590
2023.10.04 12:00:00,1825.01,1830.66,1817.13,1823.87,74633
2023.10.04 16:00:00,1823.87,1824.08,1816.61,1823.28,29709
2023.10.04 20:00:00,1823.28,1823.99,1820.37,1822.54,4297
2023.10.05 00:00:00,1822.54,1828.68,1821.80,1828.37,13415
2023.10.05 04:00:00,1828.33,1829.22,1819.94,1820.80,18218
2023.10.05 08:00:00,1820.80,1824.03,1819.68,1823.03,30368
2023.10.05 12:00:00,1823.03,1823.91,1813.07,1815.53,55701
2023.10.05 16:00:00,1815.53,1820.86,1814.87,1820.35,19620
2023.10.05 20:00:00,1820.35,1823.25,1819.46,1821.31,3624
2023.10.06 00:00:00,1821.31,1824.45,1819.69,1823.97,11199
2023.10.06 04:00:00,1823.97,1824.58,1818.61,1821.39,14515
2023.10.06 08:00:00,1821.39,1825.15,1819.32,1821.29,19997
2023.10.06 12:00:00,1821.29,1834.88,1810.46,1832.62,74265
2023.10.06 16:00:00,1832.62,1833.98,1828.80,1829.49,24573
2023.10.06 20:00:00,1829.51,1832.25,1828.94,1832.01,1268
2023.10.08 20:00:00,1853.33,1854.51,1845.51,1847.95,9087
2023.10.09 00:00:00,1847.95,1852.79,1846.27,1851.08,16778
2023.10.09 04:00:00,1851.11,1854.45,1848.06,1850.48,20312
2023.10.09 08:00:00,1850.48,1852.36,1848.97,1850.02,15059
2023.10.09 12:00:00,1850.02,1853.20,1844.23,1851.60,38962
2023.10.09 16:00:00,1851.60,1863.50,1848.71,1863.27,17430
2023.10.09 20:00:00,1863.26,1863.27,1860.30,1862.54,4543
2023.10.10 00:00:00,1862.55,1865.42,1861.38,1862.47,20677
2023.10.10 04:00:00,1862.47,1862.54,1855.17,1857.42,25410
2023.10.10 08:00:00,1857.42,1859.84,1854.89,1857.15,26505
2023.10.10 12:00:00,1857.15,1862.33,1853.00,1861.30,49017
2023.10.10 16:00:00,1861.30,1862.78,1858.12,1860.14,22585
2023.10.10 20:00:00,1860.14,1860.79,1859.24,1859.68,4063
2023.10.11 00:00:00,1859.68,1862.12,1859.55,1860.12,12266
2023.10.11 04:00:00,1860.12,1868.23,1858.64,1868.00,19096
2023.10.11 08:00:00,1867.96,1874.80,1866.91,1871.03,27081
2023.10.11 12:00:00,1871.03,1875.10,1867.44,1873.04,53864
2023.10.11 16:00:00,1873.04,1877.26,1870.83,1873.63,23518
2023.10.11 20:00:00,1873.62,1875.74,1873.28,1875.25,3855
2023.10.12 00:00:00,1875.27,1878.76,1874.52,1877.69,13267
2023.10.12 04:00:00,1877.69,1882.65,1876.77,1878.87,16231
2023.10.12 08:00:00,1878.87,1884.52,1878.63,1883.56,18576
2023.10.12 12:00:00,1883.56,1885.01,1870.72,1872.33,57405
2023.10.12 16:00:00,1872.34,1873.67,1867.91,1868.39,25898
2023.10.12 20:00:00,1868.41,1871.17,1867.04,1870.57,3783
2023.10.13 00:00:00,1870.57,1874.00,1870.11,1873.75,12633
2023.10.13 04:00:00,1873.75,1883.15,1873.60,1882.20,17642
2023.10.13 08:00:00,1882.20,1899.93,1882.04,1896.51,28987
2023.10.13 12:00:00,1896.51,1923.20,1896.47,1923.05,65977
2023.10.13 16:00:00,1923.04,1930.79,1922.47,1928.39,28420
2023.10.13 20:00:00,1928.40,1929.41,1928.14,1928.94,1440
2023.10.15 20:00:00,1927.62,1927.62,1921.16,1925.86,7540
2023.10.16 00:00:00,1925.86,1925.99,1918.08,1920.08,15862
2023.10.16 04:00:00,1920.08,1920.43,1908.23,1911.53,21136
2023.10.16 08:00:00,1911.53,1918.40,1909.94,1915.60,24698
2023.10.16 12:00:00,1915.62,1924.58,1914.47,1921.52,53530
2023.10.16 16:00:00,1921.52,1922.79,1917.90,1919.03,16160
2023.10.16 20:00:00,1919.03,1921.81,1918.79,1919.44,4126
2023.10.17 00:00:00,1919.44,1920.03,1912.41,1916.82,13649
2023.10.17 04:00:00,1916.82,1921.44,1914.27,1920.09,17413
2023.10.17 08:00:00,1920.09,1926.60,1918.69,1924.08,23675
2023.10.17 12:00:00,1924.08,1931.62,1919.02,1926.88,54087
2023.10.17 16:00:00,1926.88,1926.88,1919.17,1922.67,20422
2023.10.17 20:00:00,1922.67,1925.56,1922.19,1924.75,4429
2023.10.18 00:00:00,1924.75,1942.85,1923.84,1937.47,21455
2023.10.18 04:00:00,1937.47,1940.16,1935.14,1939.64,21859
2023.10.18 08:00:00,1939.64,1947.49,1937.30,1946.19,22982
2023.10.18 12:00:00,1946.21,1962.70,1938.21,1945.20,65816
2023.10.18 16:00:00,1945.20,1956.67,1944.66,1950.41,32637
2023.10.18 20:00:00,1950.43,1951.70,1947.04,1950.81,6371
2023.10.19 00:00:00,1950.81,1953.31,1945.20,1946.35,15783
2023.10.19 04:00:00,1946.35,1952.80,1945.32,1949.49,20485
2023.10.19 08:00:00,1949.49,1954.47,1947.86,1952.21,21366
2023.10.19 12:00:00,1952.21,1959.99,1949.80,1956.19,53104
2023.10.19 16:00:00,1956.21,1977.73,1952.14,1974.42,53284
2023.10.19 20:00:00,1974.42,1982.03,1972.45,1977.17,9722
2023.10.20 00:00:00,1977.17,1982.00,1971.96,1977.75,22915
2023.10.20 04:00:00,1977.75,1982.19,1974.08,1980.18,23578
2023.10.20 08:00:00,1980.20,1985.92,1976.41,1977.31,33026
2023.10.20 12:00:00,1977.31,1997.22,1973.25,1991.60,65857
2023.10.20 16:00:00,1991.58,1992.45,1974.30,1979.69,37523
2023.10.20 20:00:00,1979.69,1981.09,1978.88,1980.15,1382
2023.10.22 20:00:00,1972.23,1978.54,1970.01,1971.50,5582
2023.10.23 00:00:00,1971.50,1974.75,1964.33,1973.65,19235
2023.10.23 04:00:00,1973.62,1979.78,1972.73,1979.46,20611
2023.10.23 08:00:00,1979.46,1982.84,1975.32,1979.38,30314
2023.10.23 12:00:00,1979.38,1981.99,1970.15,1975.38,62815
2023.10.23 16:00:00,1975.38,1979.38,1971.13,1973.21,28248
2023.10.23 20:00:00,1973.20,1973.82,1971.40,1973.55,4270
2023.10.24 00:00:00,1973.55,1980.89,1972.40,1976.87,17959
2023.10.24 04:00:00,1976.87,1979.20,1974.49,1975.34,21364
2023.10.24 08:00:00,1975.34,1975.99,1953.61,1963.76,39087
2023.10.24 12:00:00,1963.76,1970.10,1958.97,1969.78,62342
2023.10.24 16:00:00,1969.78,1977.59,1968.91,1972.72,25475
2023.10.24 20:00:00,1972.66,1973.38,1969.91,1972.79,4857
2023.10.25 00:00:00,1972.79,1976.99,1970.85,1973.22,17545
2023.10.25 04:00:00,1973.22,1975.99,1968.31,1971.20,16950
2023.10.25 08:00:00,1971.20,1976.56,1969.50,1974.70,27398
2023.10.25 12:00:00,1974.70,1987.28,1962.99,1981.25,71477
2023.10.25 16:00:00,1981.23,1985.72,1976.57,1980.81,27332
2023.10.25 20:00:00,1980.81,1984.08,1977.70,1982.94,9001
2023.10.26 00:00:00,1982.94,1987.33,1982.36,1987.16,15520
2023.10.26 04:00:00,1987.16,1990.18,1983.94,1990.11,25074
2023.10.26 08:00:00,1990.16,1993.48,1982.46,1984.65,26820
2023.10.26 12:00:00,1984.65,1986.74,1971.78,1980.28,70465
2023.10.26 16:00:00,1980.22,1989.38,1979.71,1984.42,30161
2023.10.26 20:00:00,1984.39,1986.77,1983.44,1984.37,12187
2023.10.27 00:00:00,1984.35,1988.82,1982.90,1987.89,15609
2023.10.27 04:00:00,1987.89,1989.98,1985.85,1987.36,22554
2023.10.27 08:00:00,1987.36,1987.97,1979.97,1981.82,23178
2023.10.27 12:00:00,1981.82,1986.21,1976.85,1979.91,59317
2023.10.27 16:00:00,1979.90,2009.43,1979.19,2006.97,45902
2023.10.27 20:00:00,2007.05,2007.14,2004.29,2005.70,2515
2023.10.29 20:00:00,2003.07,2004.77,1996.87,2002.78,8084
2023.10.30 00:00:00,2002.82,2006.76,2001.49,2002.08,19779
2023.10.30 04:00:00,2002.08,2002.69,1993.50,1993.73,19564
2023.10.30 08:00:00,1993.73,1997.41,1991.03,1995.80,27765
2023.10.30 12:00:00,1995.80,2002.58,1992.06,1999.20,61336
2023.10.30 16:00:00,1999.20,2000.69,1994.73,1995.88,26925
2023.10.30 20:00:00,1995.88,1996.65,1993.96,1995.56,4054
2023.10.31 00:00:00,1995.56,1997.23,1991.68,1992.12,16882
2023.10.31 04:00:00,1992.12,1997.69,1990.61,1996.29,14601
2023.10.31 08:00:00,1996.29,2000.42,1995.06,1999.95,25415
2023.10.31 12:00:00,1999.95,2007.95,1992.45,1994.23,63045
2023.10.31 16:00:00,1994.25,1994.83,1978.87,1984.89,41487
2023.10.31 20:00:00,1984.87,1986.10,1982.88,1983.63,6425
2023.11.01 00:00:00,1983.65,1983.94,1976.89,1977.09,15911
2023.11.01 04:00:00,1977.09,1981.08,1975.23,1977.10,15058
2023.11.01 08:00:00,1977.13,1985.21,1977.07,1983.47,22191
2023.11.01 12:00:00,1983.46,1992.07,1978.36,1979.24,54119
2023.11.01 16:00:00,1979.24,1982.39,1969.82,1978.58,45808
2023.11.01 20:00:00,1978.50,1985.70,1977.05,1985.02,8029
2023.11.02 00:00:00,1985.02,1988.24,1983.26,1985.38,12876
2023.11.02 04:00:00,1985.38,1986.65,1983.69,1985.46,11381
2023.11.02 08:00:00,1985.46,1990.43,1984.46,1988.55,19227
2023.11.02 12:00:00,1988.56,1991.03,1978.80,1981.18,53272
2023.11.02 16:00:00,1981.18,1986.70,1978.98,1985.40,26987
2023.11.02 20:00:00,1985.37,1986.49,1984.33,1984.88,4753
2023.11.03 00:00:00,1984.88,1987.85,1983.23,1985.81,10447
2023.11.03 04:00:00,1985.81,1989.18,1984.60,1986.54,10993
2023.11.03 08:00:00,1986.54,1990.33,1986.19,1987.64,19090
2023.11.03 12:00:00,1987.64,2004.11,1986.50,1991.72,82292
2023.11.03 16:00:00,1991.72,1995.17,1989.29,1992.68,30137
2023.11.03 20:00:00,1992.65,1992.92,1992.01,1992.46,1876
2023.11.05 20:00:00,1991.46,1991.61,1987.05,1988.45,2835
2023.11.06 00:00:00,1988.45,1993.14,1981.93,1985.20,20649
2023.11.06 04:00:00,1985.20,1985.34,1982.24,1983.49,14616
2023.11.06 08:00:00,1983.51,1988.41,1982.92,1987.72,19185
2023.11.06 12:00:00,1987.72,1989.09,1981.10,1981.14,40524
2023.11.06 16:00:00,1981.20,1984.51,1979.25,1980.34,20623
2023.11.06 20:00:00,1980.34,1980.34,1975.69,1976.67,7693
2023.11.07 00:00:00,1976.69,1977.04,1972.25,1972.60,15375
2023.11.07 04:00:00,1972.60,1974.24,1967.23,1969.47,14408
2023.11.07 08:00:00,1969.47,1970.35,1962.70,1963.94,23147
2023.11.07 12:00:00,1963.94,1967.29,1956.70,1963.39,49322
2023.11.07 16:00:00,1963.39,1969.84,1961.80,1967.42,26057
2023.11.07 20:00:00,1967.41,1969.44,1966.93,1968.96,6710
2023.11.08 00:00:00,1968.96,1971.01,1967.32,1967.81,17442
2023.11.08 04:00:00,1967.80,1969.13,1964.94,1967.72,12098
2023.11.08 08:00:00,1967.72,1969.11,1959.56,1964.53,24161
2023.11.08 12:00:00,1964.53,1966.70,1950.97,1955.43,46932
2023.11.08 16:00:00,1955.43,1957.99,1947.56,1948.18,31494
2023.11.08 20:00:00,1948.18,1951.93,1947.44,1950.80,7762
2023.11.09 00:00:00,1950.80,1954.61,1947.71,1949.28,15131
2023.11.09 04:00:00,1949.28,1950.50,1948.02,1949.38,12269
2023.11.09 08:00:00,1949.38,1949.78,1944.80,1948.82,17810
2023.11.09 12:00:00,1948.82,1964.93,1944.83,1962.97,50875
2023.11.09 16:00:00,1962.97,1965.60,1956.16,1958.41,43726
2023.11.09 20:00:00,1958.41,1960.13,1956.95,1959.08,9909
2023.11.10 00:00:00,1959.08,1960.76,1956.41,1959.45,17892
2023.11.10 04:00:00,1959.45,1959.55,1953.79,1955.45,13431
2023.11.10 08:00:00,1955.45,1957.25,1947.16,1948.25,19816
2023.11.10 12:00:00,1948.25,1949.22,1939.72,1942.08,51564
2023.11.10 16:00:00,1942.13,1943.45,1933.03,1935.44,34068
2023.11.10 20:00:00,1935.44,1937.74,1934.58,1936.62,5177
2023.11.12 20:00:00,1940.81,1941.14,1915.53,1940.40,1891
2023.11.13 00:00:00,1940.36,1941.91,1934.08,1935.39,19301
2023.11.13 04:00:00,1935.39,1941.25,1934.22,1938.88,13216
2023.11.13 08:00:00,1938.88,1940.53,1936.02,1938.04,17060
2023.11.13 12:00:00,1938.04,1938.94,1931.77,1938.52,43812
2023.11.13 16:00:00,1938.52,1949.20,1938.19,1946.22,20214
2023.11.13 20:00:00,1946.22,1946.75,1945.20,1946.45,5528
2023.11.14 00:00:00,1946.46,1948.40,1944.39,1944.76,13161
2023.11.14 04:00:00,1944.76,1946.52,1943.74,1945.70,8873
2023.11.14 08:00:00,1945.70,1948.23,1944.39,1945.99,18249
2023.11.14 12:00:00,1945.99,1970.95,1944.36,1964.39,57195
2023.11.14 16:00:00,1964.39,1966.58,1961.65,1963.73,28968
2023.11.14 20:00:00,1963.73,1964.45,1962.21,1962.45,7008
2023.11.15 00:00:00,1962.45,1967.01,1961.53,1966.87,18546
2023.11.15 04:00:00,1966.87,1971.03,1965.89,1970.32,16254
2023.11.15 08:00:00,1970.32,1974.12,1969.81,1972.98,29163
2023.11.15 12:00:00,1972.98,1975.29,1955.44,1963.14,57122
2023.11.15 16:00:00,1963.15,1963.74,1959.18,1961.80,21759
2023.11.15 20:00:00,1961.80,1962.26,1957.28,1960.42,6206
2023.11.16 00:00:00,1960.42,1962.14,1956.47,1961.37,12388
2023.11.16 04:00:00,1961.37,1967.82,1960.79,1966.57,11612
2023.11.16 08:00:00,1966.53,1968.57,1964.65,1965.58,23172
2023.11.16 12:00:00,1965.58,1986.54,1962.10,1984.93,56472
2023.11.16 16:00:00,1984.94,1987.98,1980.15,1983.36,28634
2023.11.16 20:00:00,1983.34,1984.15,1980.34,1982.62,7018
2023.11.17 00:00:00,1982.62,1986.92,1981.77,1986.69,14554
2023.11.17 04:00:00,1986.68,1987.69,1982.66,1987.68,12721
2023.11.17 08:00:00,1987.68,1993.41,1984.64,1988.87,34030
2023.11.17 12:00:00,1988.87,1991.63,1979.39,1983.48,51746
2023.11.17 16:00:00,1983.49,1985.32,1978.60,1980.39,28576
2023.11.17 20:00:00,1980.39,1981.08,1979.03,1980.25,4694
2023.11.19 20:00:00,1977.55,1978.77,1974.18,1974.58,2691
2023.11.20 00:00:00,1974.58,1985.19,1973.38,1982.33,24228
2023.11.20 04:00:00,1982.33,1983.40,1978.17,1978.62,19421
2023.11.20 08:00:00,1978.64,1980.56,1972.31,1973.40,33721
2023.11.20 12:00:00,1973.40,1973.41,1965.49,1972.01,45644
2023.11.20 16:00:00,1971.96,1978.98,1971.28,1978.45,25467
2023.11.20 20:00:00,1978.45,1981.60,1976.94,1981.26,6883
2023.11.21 00:00:00,1981.26,1994.31,1980.80,1993.29,21731
2023.11.21 04:00:00,1993.29,1994.11,1989.70,1992.43,17644
2023.11.21 08:00:00,1992.43,1994.33,1984.32,1987.29,27155
2023.11.21 12:00:00,1987.29,2007.56,1986.69,2004.26,48248
2023.11.21 16:00:00,2004.26,2005.35,1996.28,2000.13,32602
2023.11.21 20:00:00,2000.13,2000.22,1997.82,1999.34,7064
2023.11.22 00:00:00,1999.34,1999.34,1995.52,1996.55,16623
2023.11.22 04:00:00,1996.55,2004.07,1996.20,2003.74,17147
2023.11.22 08:00:00,2003.74,2006.44,1999.10,2000.65,25082
2023.11.22 12:00:00,2000.65,2003.24,1989.97,1994.99,51542
2023.11.22 16:00:00,1994.99,1995.61,1986.92,1990.74,27051
2023.11.22 20:00:00,1990.74,1991.84,1988.69,1990.46,5707
2023.11.23 00:00:00,1990.46,1998.37,1990.10,1997.80,12207
2023.11.23 04:00:00,1997.80,1998.61,1993.44,1996.40,10517
2023.11.23 08:00:00,1996.39,1996.42,1992.22,1993.93,14452
2023.11.23 12:00:00,1993.93,1994.93,1991.83,1992.17,16597
2023.11.23 16:00:00,1992.17,1993.03,1989.84,1992.14,4335
2023.11.23 20:00:00,1992.14,1994.32,1992.08,1994.10,1072
2023.11.24 00:00:00,1994.10,1994.96,1991.45,1993.62,12086
2023.11.24 04:00:00,1993.62,1994.84,1991.48,1993.46,9923
2023.11.24 08:00:00,1993.45,1996.32,1992.26,1995.22,18642
2023.11.24 12:00:00,1995.22,2003.61,1994.40,1998.40,36552
2023.11.24 16:00:00,1998.39,2002.42,1997.16,2002.33,11174
2023.11.26 20:00:00,2001.06,2003.18,2000.50,2002.39,2559
2023.11.27 00:00:00,2002.39,2018.04,2001.78,2009.51,27850
2023.11.27 04:00:00,2009.51,2013.74,2008.40,2010.96,16723
2023.11.27 08:00:00,2010.94,2015.53,2010.54,2012.61,22844
2023.11.27 12:00:00,2012.61,2016.34,2008.74,2010.31,41918
2023.11.27 16:00:00,2010.31,2013.60,2005.74,2012.86,24226
2023.11.27 20:00:00,2012.86,2015.36,2012.04,2015.25,5894
2023.11.28 00:00:00,2015.25,2018.08,2013.91,2014.92,19508
2023.11.28 04:00:00,2014.92,2016.91,2012.07,2013.51,12315
2023.11.28 08:00:00,2013.51,2016.78,2012.52,2015.23,16232
2023.11.28 12:00:00,2015.23,2031.50,2011.65,2030.90,40599
2023.11.28 16:00:00,2030.90,2043.02,2030.49,2041.78,26877
2023.11.28 20:00:00,2041.78,2044.51,2039.56,2044.40,7731
2023.11.29 00:00:00,2044.42,2052.08,2042.77,2043.96,25983
2023.11.29 04:00:00,2043.96,2049.02,2041.09,2042.34,18681
2023.11.29 08:00:00,2042.35,2044.09,2035.32,2040.07,26157
2023.11.29 12:00:00,2040.07,2047.00,2037.11,2043.04,50012
2023.11.29 16:00:00,2043.04,2049.61,2039.54,2046.34,23171
2023.11.29 20:00:00,2046.34,2046.53,2042.76,2044.67,6450
2023.11.30 00:00:00,2044.67,2047.19,2042.60,2046.06,12099
2023.11.30 04:00:00,2046.06,2046.95,2041.39,2044.61,13658
2023.11.30 08:00:00,2044.61,2045.74,2035.97,2037.19,23116
2023.11.30 12:00:00,2037.19,2043.70,2031.83,2037.91,53961
2023.11.30 16:00:00,2037.91,2041.36,2033.68,2036.20,23846
2023.11.30 20:00:00,2036.20,2040.60,2034.82,2040.10,7402
2023.12.01 00:00:00,2040.09,2043.43,2038.68,2039.52,12990
2023.12.01 04:00:00,2039.52,2042.90,2038.84,2039.50,11887
2023.12.01 08:00:00,2039.50,2049.88,2036.51,2037.10,24157
2023.12.01 12:00:00,2037.10,2053.30,2033.93,2049.37,47836
2023.12.01 16:00:00,2049.37,2075.39,2044.73,2067.04,46045
2023.12.01 20:00:00,2067.04,2072.07,2066.51,2071.55,6122
2023.12.03 20:00:00,2074.30,2139.40,2071.70,2117.41,11042
2023.12.04 00:00:00,2117.41,2120.01,2083.14,2085.84,31623
2023.12.04 04:00:00,2085.84,2090.54,2061.53,2063.48,23917
2023.12.04 08:00:00,2063.49,2076.52,2057.83,2070.88,29942
2023.12.04 12:00:00,2070.88,2071.34,2020.13,2022.64,69998
2023.12.04 16:00:00,2022.64,2031.51,2020.81,2030.93,39509
2023.12.04 20:00:00,2030.91,2034.20,2026.26,2034.03,10275
2023.12.05 00:00:00,2033.99,2041.26,2032.71,2037.36,20496
2023.12.05 04:00:00,2037.36,2038.37,2030.40,2032.69,18265
2023.12.05 08:00:00,2032.69,2039.59,2021.57,2024.80,29863
2023.12.05 12:00:00,2024.77,2030.89,2009.94,2016.27,59320
2023.12.05 16:00:00,2016.27,2020.59,2012.19,2019.81,38043
2023.12.05 20:00:00,2019.81,2020.95,2017.25,2018.95,7845
2023.12.06 00:00:00,2018.95,2024.23,2018.74,2023.23,12174
2023.12.06 04:00:00,2023.23,2035.86,2020.45,2034.09,13754
2023.12.06 08:00:00,2034.09,2034.91,2020.21,2021.39,30160
2023.12.06 12:00:00,2021.40,2033.06,2021.05,2030.28,59126
2023.12.06 16:00:00,2030.28,2031.39,2023.98,2029.96,38052
2023.12.06 20:00:00,2029.96,2029.98,2024.38,2027.10,8361
2023.12.07 00:00:00,2027.10,2030.05,2026.09,2026.89,13346
2023.12.07 04:00:00,2026.89,2030.80,2025.26,2029.62,18316
2023.12.07 08:00:00,2029.62,2035.12,2028.83,2032.63,32343
2023.12.07 12:00:00,2032.63,2039.96,2025.22,2029.30,51997
2023.12.07 16:00:00,2029.30,2032.02,2020.22,2029.96,50578
2023.12.07 20:00:00,2029.96,2031.37,2026.87,2028.10,8783
2023.12.08 00:00:00,2028.10,2034.02,2027.49,2032.46,19620
2023.12.08 04:00:00,2032.47,2032.47,2028.88,2030.97,14945
2023.12.08 08:00:00,2030.90,2032.39,2026.54,2030.00,31028
2023.12.08 12:00:00,2029.98,2030.12,2002.66,2008.98,70479
2023.12.08 16:00:00,2008.98,2009.75,1994.67,2000.75,46882
2023.12.08 20:00:00,2000.75,2003.87,2000.05,2003.65,7023
2023.12.10 20:00:00,2005.67,2007.61,2004.60,2007.05,2821
2023.12.11 00:00:00,2007.05,2007.84,1995.52,1996.93,21005
2023.12.11 04:00:00,1996.93,2000.59,1991.36,1992.81,16305
2023.12.11 08:00:00,1992.80,1997.87,1991.26,1996.28,32811
2023.12.11 12:00:00,1996.28,1996.79,1980.67,1982.38,45830
2023.12.11 16:00:00,1982.38,1984.36,1975.88,1981.61,45997
2023.12.11 20:00:00,1981.61,1984.26,1980.36,1982.98,12350
2023.12.12 00:00:00,1982.98,1989.57,1981.97,1985.50,14995
2023.12.12 04:00:00,1985.50,1989.08,1984.70,1988.09,11657
2023.12.12 08:00:00,1988.09,1988.46,1982.74,1988.42,28549
2023.12.12 12:00:00,1988.41,1996.82,1980.08,1981.64,55117
2023.12.12 16:00:00,1981.73,1983.74,1977.23,1980.30,29457
2023.12.12 20:00:00,1980.30,1982.80,1978.86,1982.52,7491
2023.12.13 00:00:00,1982.50,1982.55,1977.81,1978.01,9403
2023.12.13 04:00:00,1978.01,1980.52,1973.04,1979.25,12655
2023.12.13 08:00:00,1979.25,1983.62,1978.56,1982.86,19535
2023.12.13 12:00:00,1982.86,1986.78,1978.45,1981.89,37197
2023.12.13 16:00:00,1981.89,2017.46,1979.69,2013.66,51401
2023.12.13 20:00:00,2013.66,2033.10,2012.64,2032.84,23680
2023.12.14 00:00:00,2032.84,2039.26,2029.88,2030.98,31853
2023.12.14 04:00:00,2030.98,2037.43,2029.27,2032.74,22044
2023.12.14 08:00:00,2032.74,2040.36,2032.04,2035.03,35174
2023.12.14 12:00:00,2035.03,2047.91,2027.53,2040.33,61569
2023.12.14 16:00:00,2040.33,2041.52,2029.11,2033.25,38891
2023.12.14 20:00:00,2033.25,2038.68,2032.78,2035.49,10293
2023.12.15 00:00:00,2035.49,2037.50,2031.24,2035.85,18509
2023.12.15 04:00:00,2035.85,2039.10,2034.31,2037.88,15184
2023.12.15 08:00:00,2037.88,2044.39,2037.00,2041.69,28955
2023.12.15 12:00:00,2041.69,2044.94,2026.95,2035.15,74226
2023.12.15 16:00:00,2035.13,2036.43,2015.60,2019.16,50069
2023.12.15 20:00:00,2019.16,2021.66,2017.41,2019.09,9815
2023.12.17 20:00:00,2019.57,2020.08,2015.99,2017.43,2236
2023.12.18 00:00:00,2017.46,2024.14,2016.05,2022.84,16795
2023.12.18 04:00:00,2022.84,2024.81,2021.55,2023.14,12700
2023.12.18 08:00:00,2023.14,2027.32,2018.80,2022.01,37144
2023.12.18 12:00:00,2022.01,2026.92,2020.37,2022.28,43338
2023.12.18 16:00:00,2022.28,2033.74,2021.25,2026.22,29132
2023.12.18 20:00:00,2026.22,2027.91,2025.55,2027.61,6598
2023.12.19 00:00:00,2027.64,2029.31,2022.70,2023.42,13641
2023.12.19 04:00:00,2023.42,2026.48,2021.68,2024.83,17795
2023.12.19 08:00:00,2024.83,2028.47,2023.86,2026.53,17733
2023.12.19 12:00:00,2026.53,2045.48,2026.22,2041.84,45307
2023.12.19 16:00:00,2041.84,2047.00,2036.74,2039.53,23054
2023.12.19 20:00:00,2039.53,2041.62,2038.73,2040.94,6991
2023.12.20 00:00:00,2040.94,2041.03,2036.70,2040.45,11830
2023.12.20 04:00:00,2040.45,2043.49,2039.36,2042.33,12347
2023.12.20 08:00:00,2042.33,2042.52,2031.83,2033.59,28943
2023.12.20 12:00:00,2033.59,2039.86,2029.60,2032.55,52703
2023.12.20 16:00:00,2032.55,2037.19,2030.19,2032.43,42860
2023.12.20 20:00:00,2032.41,2033.86,2027.45,2032.18,16186
2023.12.21 00:00:00,2032.18,2037.70,2031.97,2037.47,12919
2023.12.21 04:00:00,2037.47,2038.31,2033.97,2035.00,11270
2023.12.21 08:00:00,2035.00,2037.25,2033.07,2034.10,28361
2023.12.21 12:00:00,2034.10,2046.06,2032.11,2041.52,60558
2023.12.21 16:00:00,2041.53,2045.10,2037.51,2043.91,37319
2023.12.21 20:00:00,2043.91,2055.04,2043.13,2052.77,9443
2023.12.22 00:00:00,2052.77,2053.87,2046.82,2048.24,19739
2023.12.22 04:00:00,2048.26,2050.89,2047.12,2050.03,17425
2023.12.22 08:00:00,2050.03,2063.01,2049.65,2060.69,30740
2023.12.22 12:00:00,2060.69,2070.65,2057.66,2060.82,59516
2023.12.22 16:00:00,2060.82,2062.21,2051.09,2053.98,44971
2023.12.22 20:00:00,2053.98,2054.06,2052.15,2053.14,6006
2023.12.25 20:00:00,2053.73,2057.59,2052.41,2054.90,2200
2023.12.26 00:00:00,2054.90,2065.12,2053.47,2063.94,11808
2023.12.26 04:00:00,2063.94,2065.03,2061.37,2064.31,9636
2023.12.26 08:00:00,2064.31,2064.70,2060.58,2063.59,9261
2023.12.26 12:00:00,2063.59,2063.92,2054.54,2056.83,25316
2023.12.26 16:00:00,2056.83,2062.07,2056.58,2061.67,17352
2023.12.26 20:00:00,2061.67,2069.03,2061.59,2066.15,8165
2023.12.27 00:00:00,2066.15,2067.83,2063.90,2064.58,12611
2023.12.27 04:00:00,2064.58,2067.43,2064.08,2066.02,10615
2023.12.27 08:00:00,2066.02,2069.32,2061.54,2068.18,23629
2023.12.27 12:00:00,2068.18,2081.93,2064.38,2078.92,45828
2023.12.27 16:00:00,2078.93,2084.42,2075.94,2077.52,32851
2023.12.27 20:00:00,2077.52,2079.87,2076.40,2079.53,9726
2023.12.28 00:00:00,2079.53,2088.44,2079.20,2087.22,17110
2023.12.28 04:00:00,2087.20,2087.65,2084.02,2086.13,16541
2023.12.28 08:00:00,2086.13,2086.48,2072.73,2075.51,32778
2023.12.28 12:00:00,2075.51,2081.16,2071.36,2077.28,50827
2023.12.28 16:00:00,2077.28,2077.37,2065.97,2068.10,31961
2023.12.28 20:00:00,2068.10,2068.94,2064.59,2066.75,8352
2023.12.29 00:00:00,2066.72,2071.37,2066.03,2069.43,16271
2023.12.29 04:00:00,2069.43,2074.75,2068.88,2071.91,12642
2023.12.29 08:00:00,2071.91,2073.45,2061.85,2067.74,28005
2023.12.29 12:00:00,2067.79,2068.90,2058.23,2064.84,40231
2023.12.29 16:00:00,2064.84,2068.11,2061.12,2067.31,35493
2023.12.29 20:00:00,2067.34,2067.42,2062.52,2062.68,5469
2024.01.01 20:00:00,2063.13,2066.47,2062.28,2063.63,2559
2024.01.02 00:00:00,2063.61,2070.40,2062.28,2069.62,16957
2024.01.02 04:00:00,2069.62,2076.79,2068.90,2073.15,17458
2024.01.02 08:00:00,2073.14,2078.98,2068.35,2069.25,26063
2024.01.02 12:00:00,2069.26,2071.11,2055.97,2059.37,53583
2024.01.02 16:00:00,2059.36,2067.63,2059.17,2060.93,26632
2024.01.02 20:00:00,2060.93,2061.62,2057.99,2059.60,6782
2024.01.03 00:00:00,2059.63,2065.62,2059.26,2065.10,14314
2024.01.03 04:00:00,2065.10,2066.04,2060.85,2062.98,13117
2024.01.03 08:00:00,2062.98,2064.39,2046.71,2047.59,28948
2024.01.03 12:00:00,2047.59,2048.77,2031.78,2032.59,62057
2024.01.03 16:00:00,2032.59,2042.35,2030.63,2036.69,44736
2024.01.03 20:00:00,2036.69,2043.91,2036.52,2042.98,11508
2024.01.04 00:00:00,2042.98,2046.91,2040.13,2044.61,15138
2024.01.04 04:00:00,2044.61,2049.55,2042.42,2047.69,16189
2024.01.04 08:00:00,2047.69,2050.98,2044.93,2045.16,25670
2024.01.04 12:00:00,2045.16,2047.75,2036.26,2045.15,43531
2024.01.04 16:00:00,2045.15,2046.79,2040.88,2044.42,24494
2024.01.04 20:00:00,2044.42,2044.87,2042.79,2044.22,6394
2024.01.05 00:00:00,2044.22,2048.28,2043.28,2045.39,14191
2024.01.05 04:00:00,2045.39,2047.02,2040.87,2043.16,15218
2024.01.05 08:00:00,2043.16,2044.46,2037.14,2039.23,20896
2024.01.05 12:00:00,2039.23,2063.99,2024.45,2054.84,74623
2024.01.05 16:00:00,2054.84,2056.29,2040.47,2045.73,44202
2024.01.05 20:00:00,2045.73,2045.79,2042.89,2044.97,6508
2024.01.07 20:00:00,2044.57,2045.73,2043.03,2044.26,1927
2024.01.08 00:00:00,2044.29,2046.59,2035.04,2036.08,15145
2024.01.08 04:00:00,2036.08,2037.62,2027.01,2031.42,19109
2024.01.08 08:00:00,2031.42,2031.82,2016.80,2020.10,30217
2024.01.08 12:00:00,2020.07,2034.85,2018.48,2034.24,48569
2024.01.08 16:00:00,2034.26,2036.88,2026.38,2029.41,26445
2024.01.08 20:00:00,2029.41,2030.93,2026.14,2030.72,8071
2024.01.09 00:00:00,2030.72,2035.90,2030.68,2033.62,17070
2024.01.09 04:00:00,2033.62,2037.21,2030.33,2036.02,16552
2024.01.09 08:00:00,2036.02,2038.54,2031.34,2035.04,26275
2024.01.09 12:00:00,2035.04,2041.99,2028.75,2028.80,46530
2024.01.09 16:00:00,2028.80,2032.06,2026.09,2028.83,31529
2024.01.09 20:00:00,2028.83,2031.23,2028.29,2030.76,7737
2024.01.10 00:00:00,2030.76,2032.85,2027.21,2028.93,14303
2024.01.10 04:00:00,2028.93,2031.66,2023.88,2031.00,16420
2024.01.10 08:00:00,2031.00,2040.28,2030.25,2034.06,28172
2024.01.10 12:00:00,2034.06,2035.66,2024.84,2027.90,46510
2024.01.10 16:00:00,2027.90,2028.50,2020.47,2024.03,30563
2024.01.10 20:00:00,2024.03,2027.96,2021.90,2026.77,10106
2024.01.11 00:00:00,2026.77,2031.97,2026.60,2030.90,13039
2024.01.11 04:00:00,2030.90,2035.72,2030.86,2033.88,13883
2024.01.11 08:00:00,2033.90,2034.39,2030.20,2034.34,20795
2024.01.11 12:00:00,2034.34,2039.62,2025.00,2029.02,80193
2024.01.11 16:00:00,2029.02,2029.69,2013.34,2026.50,53645
2024.01.11 20:00:00,2026.50,2035.57,2023.51,2035.34,13061
2024.01.12 00:00:00,2035.34,2035.64,2030.04,2033.93,16644
2024.01.12 04:00:00,2033.93,2039.44,2032.80,2037.54,16833
2024.01.12 08:00:00,2037.53,2047.40,2037.05,2045.42,27465
2024.01.12 12:00:00,2045.43,2062.31,2044.36,2053.69,70596
2024.01.12 16:00:00,2053.69,2055.56,2041.51,2047.32,43204
2024.01.12 20:00:00,2047.32,2048.73,2046.07,2048.51,5616
2024.01.14 20:00:00,2047.93,2048.67,2046.34,2047.61,2274
2024.01.15 00:00:00,2047.61,2058.09,2045.86,2057.39,18856
2024.01.15 04:00:00,2057.39,2057.56,2052.91,2054.26,14824
2024.01.15 08:00:00,2054.24,2058.62,2051.57,2053.35,19031
2024.01.15 12:00:00,2053.35,2054.42,2049.25,2053.24,21374
2024.01.15 16:00:00,2053.24,2056.34,2053.20,2053.78,8732
2024.01.15 20:00:00,2054.14,2055.56,2053.39,2054.07,2477
2024.01.16 00:00:00,2054.07,2054.57,2048.35,2049.50,18923
2024.01.16 04:00:00,2049.50,2050.92,2047.35,2049.42,16074
2024.01.16 08:00:00,2049.42,2050.17,2038.27,2039.92,35239
2024.01.16 12:00:00,2039.92,2045.05,2031.40,2041.12,59745
2024.01.16 16:00:00,2041.13,2041.35,2024.26,2029.28,51441
2024.01.16 20:00:00,2029.29,2029.79,2024.75,2028.11,7686
2024.01.17 00:00:00,2028.11,2032.93,2023.40,2024.04,19920
2024.01.17 04:00:00,2024.02,2026.17,2017.69,2025.78,24648
2024.01.17 08:00:00,2025.77,2028.36,2019.07,2023.89,28188
2024.01.17 12:00:00,2023.87,2029.07,2006.17,2008.87,60600
2024.01.17 16:00:00,2008.88,2011.96,2001.85,2005.51,37136
2024.01.17 20:00:00,2005.59,2009.87,2004.78,2009.52,8974
2024.01.18 00:00:00,2009.52,2012.13,2006.45,2008.04,16810
2024.01.18 04:00:00,2008.04,2014.11,2005.80,2012.31,16607
2024.01.18 08:00:00,2012.31,2013.54,2008.18,2012.63,22693
2024.01.18 12:00:00,2012.63,2017.25,2007.23,2013.65,52092
2024.01.18 16:00:00,2013.65,2021.08,2013.08,2019.79,31545
2024.01.18 20:00:00,2019.80,2024.67,2019.80,2023.82,9489
2024.01.19 00:00:00,2023.82,2025.54,2021.97,2022.87,14875
2024.01.19 04:00:00,2022.87,2029.69,2020.39,2028.07,14847
2024.01.19 08:00:00,2028.07,2032.02,2026.21,2031.65,18647
2024.01.19 12:00:00,2031.65,2039.42,2023.19,2027.75,48354
2024.01.19 16:00:00,2027.73,2029.54,2023.32,2029.16,30162
2024.01.19 20:00:00,2029.16,2029.78,2027.76,2029.63,4163
2024.01.21 20:00:00,2028.71,2028.71,2026.94,2027.62,2075
2024.01.22 00:00:00,2027.60,2032.16,2025.45,2026.98,15878
2024.01.22 04:00:00,2026.98,2027.13,2019.13,2021.81,20193
2024.01.22 08:00:00,2021.81,2026.59,2020.44,2026.22,24765
2024.01.22 12:00:00,2026.22,2030.18,2016.62,2024.13,48358
2024.01.22 16:00:00,2024.14,2024.61,2019.14,2021.03,23008
2024.01.22 20:00:00,2021.03,2021.93,2019.23,2020.72,6600
2024.01.23 00:00:00,2020.72,2027.92,2019.58,2027.50,17024
2024.01.23 04:00:00,2027.50,2037.91,2026.74,2031.65,24259
2024.01.23 08:00:00,2031.65,2031.72,2022.47,2023.95,22765
2024.01.23 12:00:00,2023.95,2029.97,2021.44,2025.13,41648
2024.01.23 16:00:00,2025.17,2030.71,2022.64,2029.88,24610
2024.01.23 20:00:00,2029.87,2030.30,2027.31,2029.33,7506
2024.01.24 00:00:00,2029.33,2029.33,2023.69,2024.82,12597
2024.01.24 04:00:00,2024.76,2031.60,2022.80,2029.55,15509
2024.01.24 08:00:00,2029.55,2034.29,2028.19,2033.51,24955
2024.01.24 12:00:00,2033.51,2036.67,2014.93,2015.29,59461
2024.01.24 16:00:00,2015.29,2019.84,2011.20,2012.19,34749
2024.01.24 20:00:00,2012.19,2017.64,2011.76,2016.34,8669
2024.01.25 00:00:00,2016.34,2017.29,2014.52,2015.80,13017
2024.01.25 04:00:00,2015.80,2018.31,2013.58,2015.80,12110
2024.01.25 08:00:00,2015.80,2019.59,2012.67,2017.56,20884
2024.01.25 12:00:00,2017.56,2025.39,2010.18,2020.28,58383
2024.01.25 16:00:00,2020.28,2021.63,2012.52,2017.78,32025
2024.01.25 20:00:00,2017.79,2021.49,2016.92,2020.64,7587
2024.01.26 00:00:00,2020.64,2024.20,2019.36,2021.86,12210
2024.01.26 04:00:00,2021.86,2023.54,2019.82,2021.36,11718
2024.01.26 08:00:00,2021.36,2024.68,2018.25,2023.44,19192
2024.01.26 12:00:00,2023.44,2026.80,2016.09,2017.07,43411
2024.01.26 16:00:00,2017.07,2019.44,2015.91,2017.06,19853
2024.01.26 20:00:00,2017.06,2019.27,2016.48,2018.38,3292
2024.01.28 20:00:00,2023.66,2028.54,2021.25,2021.86,4826
2024.01.29 00:00:00,2021.87,2026.42,2019.28,2025.67,15515
2024.01.29 04:00:00,2025.67,2033.90,2024.69,2031.38,14647
2024.01.29 08:00:00,2031.38,2033.61,2025.50,2028.19,21223
2024.01.29 12:00:00,2028.19,2037.59,2020.59,2025.48,40436
2024.01.29 16:00:00,2025.45,2031.11,2024.05,2026.94,22423
2024.01.29 20:00:00,2026.93,2035.23,2026.93,2031.09,11964
2024.01.30 00:00:00,2031.09,2034.09,2029.83,2032.09,13271
2024.01.30 04:00:00,2032.09,2040.38,2031.22,2037.93,16962
2024.01.30 08:00:00,2037.93,2039.45,2031.43,2034.35,23643
2024.01.30 12:00:00,2034.34,2048.63,2029.05,2032.64,57089
2024.01.30 16:00:00,2032.61,2037.06,2031.51,2036.10,28249
2024.01.30 20:00:00,2036.10,2037.10,2035.36,2036.46,6509
2024.01.31 00:00:00,2036.46,2038.63,2032.88,2033.93,14425
2024.01.31 04:00:00,2033.93,2038.59,2033.26,2036.63,13699
2024.01.31 08:00:00,2036.64,2040.48,2036.16,2037.32,21428
2024.01.31 12:00:00,2037.32,2056.01,2036.04,2052.28,60090
2024.01.31 16:00:00,2052.28,2053.68,2039.22,2044.83,53045
2024.01.31 20:00:00,2044.74,2045.92,2030.84,2039.95,28220
2024.02.01 00:00:00,2039.95,2049.62,2039.18,2046.30,19032
2024.02.01 04:00:00,2046.30,2046.67,2041.19,2042.90,17712
2024.02.01 08:00:00,2042.90,2042.90,2030.05,2033.47,34267
2024.02.01 12:00:00,2033.47,2053.07,2030.24,2051.93,67047
2024.02.01 16:00:00,2051.93,2065.42,2051.26,2054.74,55071
2024.02.01 20:00:00,2054.82,2056.23,2053.48,2054.81,7741
2024.02.02 00:00:00,2054.81,2056.91,2051.96,2054.61,16131
2024.02.02 04:00:00,2054.61,2056.92,2054.09,2055.04,16413
2024.02.02 08:00:00,2055.04,2056.83,2052.70,2056.10,20035
2024.02.02 12:00:00,2056.10,2057.67,2027.90,2035.05,74047
2024.02.02 16:00:00,2035.04,2038.78,2033.14,2038.15,34675
2024.02.02 20:00:00,2038.19,2038.43,2036.04,2037.79,5866
2024.02.04 20:00:00,2041.55,2042.17,2039.03,2039.20,3238
2024.02.05 00:00:00,2039.20,2039.82,2030.37,2032.24,26316
2024.02.05 04:00:00,2032.25,2033.35,2026.89,2027.56,22594
2024.02.05 08:00:00,2027.56,2028.40,2020.68,2027.66,30638
2024.02.05 12:00:00,2027.66,2028.09,2014.92,2017.84,60555
2024.02.05 16:00:00,2017.84,2027.57,2017.79,2025.98,27661
2024.02.05 20:00:00,2025.90,2026.40,2023.73,2025.06,7264
2024.02.06 00:00:00,2025.06,2028.57,2023.53,2023.95,14499
2024.02.06 04:00:00,2023.97,2029.86,2023.61,2026.33,18763
2024.02.06 08:00:00,2026.33,2027.57,2022.92,2026.78,19672
2024.02.06 12:00:00,2026.78,2038.20,2024.54,2036.33,52118
2024.02.06 16:00:00,2036.33,2038.88,2032.10,2035.99,34229
2024.02.06 20:00:00,2035.98,2037.01,2034.51,2035.25,5933
2024.02.07 00:00:00,2035.25,2036.15,2034.07,2034.44,11856
2024.02.07 04:00:00,2034.43,2036.17,2032.46,2035.21,13187
2024.02.07 08:00:00,2035.21,2035.78,2031.24,2034.12,23093
2024.02.07 12:00:00,2034.12,2044.58,2030.64,2038.33,53080
2024.02.07 16:00:00,2038.33,2040.93,2034.04,2035.59,28962
2024.02.07 20:00:00,2035.59,2036.59,2033.72,2036.49,6543
2024.02.08 00:00:00,2036.49,2038.71,2031.81,2032.81,12690
2024.02.08 04:00:00,2032.81,2035.14,2031.23,2032.89,15114
2024.02.08 08:00:00,2032.89,2038.51,2027.90,2029.06,29102
2024.02.08 12:00:00,2029.06,2033.97,2020.22,2031.96,57591
2024.02.08 16:00:00,2031.96,2035.36,2027.73,2032.59,27682
2024.02.08 20:00:00,2032.59,2034.91,2032.59,2034.25,5063
2024.02.09 00:00:00,2034.25,2035.15,2031.92,2033.59,9326
2024.02.09 04:00:00,2033.59,2034.99,2032.20,2033.61,10136
2024.02.09 08:00:00,2033.61,2034.15,2030.54,2031.57,22499
2024.02.09 12:00:00,2031.57,2037.22,2021.89,2022.51,58891
2024.02.09 16:00:00,2022.51,2026.36,2020.33,2024.75,22476
2024.02.09 20:00:00,2024.74,2026.25,2023.90,2024.47,3931
2024.02.11 20:00:00,2026.68,2026.76,2024.40,2025.42,1283
2024.02.12 00:00:00,2025.44,2026.57,2021.90,2022.90,6246
2024.02.12 04:00:00,2022.88,2026.46,2022.60,2025.58,9009
2024.02.12 08:00:00,2025.58,2027.31,2020.03,2021.73,22137
2024.02.12 12:00:00,2021.73,2027.59,2012.12,2013.16,43899
2024.02.12 16:00:00,2013.16,2021.58,2011.89,2019.15,25680
2024.02.12 20:00:00,2019.15,2020.52,2018.65,2018.92,6481
2024.02.13 00:00:00,2018.92,2021.18,2016.91,2018.61,8107
2024.02.13 04:00:00,2018.61,2025.82,2018.43,2025.27,11771
2024.02.13 08:00:00,2025.27,2029.32,2024.54,2027.73,19984
2024.02.13 12:00:00,2027.72,2031.11,1990.20,1992.30,72143
2024.02.13 16:00:00,1992.30,1997.87,1991.26,1991.77,25810
2024.02.13 20:00:00,1991.77,1993.71,1990.72,1991.51,6038
2024.02.14 00:00:00,1991.51,1993.67,1988.80,1992.48,11724
2024.02.14 04:00:00,1992.48,1993.37,1989.41,1989.48,13105
2024.02.14 08:00:00,1989.48,1993.40,1986.15,1992.31,27993
2024.02.14 12:00:00,1992.31,1993.28,1984.18,1987.91,52592
2024.02.14 16:00:00,1987.91,1996.13,1987.48,1991.74,30297
2024.02.14 20:00:00,1991.74,1994.07,1989.67,1993.72,6481
2024.02.15 00:00:00,1993.74,1994.36,1990.26,1990.80,9941
2024.02.15 04:00:00,1990.80,1994.68,1990.47,1993.84,11251
2024.02.15 08:00:00,1993.84,1998.14,1993.52,1997.54,20980
2024.02.15 12:00:00,1997.54,2008.31,1995.77,2000.79,61892
2024.02.15 16:00:00,2000.79,2006.48,1998.49,2005.14,33577
2024.02.15 20:00:00,2005.15,2005.16,2003.22,2003.49,7128
2024.02.16 00:00:00,2003.49,2005.67,2002.42,2004.33,11319
2024.02.16 04:00:00,2004.33,2006.49,2002.75,2005.17,12400
2024.02.16 08:00:00,2005.17,2007.86,2003.92,2007.31,18511
2024.02.16 12:00:00,2007.30,2011.07,1995.13,2007.90,60752
2024.02.16 16:00:00,2007.90,2015.19,2007.23,2012.66,29495
2024.02.16 20:00:00,2012.66,2013.51,2011.25,2013.46,5178
2024.02.18 20:00:00,2011.74,2016.05,2010.01,2013.81,2153
2024.02.19 00:00:00,2013.71,2022.88,2013.71,2019.91,15143
2024.02.19 04:00:00,2019.91,2023.01,2018.28,2020.99,11900
2024.02.19 08:00:00,2020.99,2021.24,2018.26,2018.40,18737
2024.02.19 12:00:00,2018.40,2019.32,2014.80,2014.92,22327
2024.02.19 16:00:00,2014.92,2018.54,2013.26,2017.92,6762
2024.02.19 20:00:00,2017.31,2017.88,2015.82,2016.16,1348
2024.02.20 00:00:00,2016.17,2019.21,2015.02,2018.33,13814
2024.02.20 04:00:00,2018.33,2022.91,2017.78,2021.52,13750
2024.02.20 08:00:00,2021.52,2027.60,2020.80,2026.93,29853
2024.02.20 12:00:00,2026.93,2030.89,2025.48,2027.51,43848
2024.02.20 16:00:00,2027.50,2028.93,2024.81,2025.13,15352
2024.02.20 20:00:00,2025.14,2025.20,2023.52,2024.28,5622
2024.02.21 00:00:00,2024.28,2030.90,2022.95,2030.54,16215
2024.02.21 04:00:00,2030.54,2032.26,2028.41,2028.88,14704
2024.02.21 08:00:00,2028.88,2030.19,2025.98,2028.33,22087
2024.02.21 12:00:00,2028.33,2031.59,2024.06,2024.15,42445
2024.02.21 16:00:00,2024.24,2026.52,2020.03,2026.03,38546
2024.02.21 20:00:00,2025.98,2027.01,2023.96,2025.70,9637
2024.02.22 00:00:00,2025.75,2028.63,2025.10,2026.37,14298
2024.02.22 04:00:00,2026.37,2032.06,2025.54,2031.49,14872
2024.02.22 08:00:00,2031.49,2034.83,2027.32,2029.00,28381
2024.02.22 12:00:00,2029.00,2029.90,2020.17,2023.39,55063
2024.02.22 16:00:00,2023.39,2024.72,2019.63,2023.05,29084
2024.02.22 20:00:00,2023.07,2026.09,2022.56,2024.77,7780
2024.02.23 00:00:00,2024.77,2027.42,2022.81,2025.76,12225
2024.02.23 04:00:00,2025.76,2026.49,2018.20,2021.89,13369
2024.02.23 08:00:00,2021.89,2023.95,2016.05,2023.90,25468
2024.02.23 12:00:00,2023.90,2031.15,2023.11,2030.20,47920
2024.02.23 16:00:00,2030.20,2041.35,2030.20,2037.34,34804
2024.02.23 20:00:00,2037.36,2037.53,2035.12,2036.01,4958
2024.02.25 20:00:00,2033.23,2034.98,2033.12,2034.02,1338
2024.02.26 00:00:00,2034.02,2034.07,2029.95,2032.57,13313
2024.02.26 04:00:00,2032.57,2035.32,2031.92,2035.09,13416
2024.02.26 08:00:00,2035.11,2037.07,2030.88,2030.92,25483
2024.02.26 12:00:00,2030.92,2034.46,2025.08,2029.18,40741
2024.02.26 16:00:00,2029.20,2030.31,2026.55,2029.77,24167
2024.02.26 20:00:00,2029.76,2033.66,2029.72,2031.32,6846
2024.02.27 00:00:00,2031.32,2034.58,2031.08,2033.46,10519
2024.02.27 04:00:00,2033.46,2036.25,2032.84,2035.46,11247
2024.02.27 08:00:00,2035.46,2039.48,2034.66,2038.26,22939
2024.02.27 12:00:00,2038.26,2039.13,2033.01,2033.77,40142
2024.02.27 16:00:00,2033.77,2036.13,2029.44,2030.24,26570
2024.02.27 20:00:00,2030.24,2031.34,2028.80,2030.08,4231
2024.02.28 00:00:00,2030.08,2033.74,2029.17,2030.93,11290
2024.02.28 04:00:00,2030.93,2032.09,2027.89,2028.13,12542
2024.02.28 08:00:00,2028.13,2029.30,2024.51,2027.31,24449
2024.02.28 12:00:00,2027.30,2037.88,2026.95,2031.84,45369
2024.02.28 16:00:00,2031.85,2035.65,2030.87,2032.18,21765
2024.02.28 20:00:00,2032.20,2035.64,2032.12,2034.68,5596
2024.02.29 00:00:00,2034.68,2037.08,2033.97,2036.61,12662
2024.02.29 04:00:00,2036.61,2037.84,2034.44,2037.32,12286
2024.02.29 08:00:00,2037.32,2037.50,2028.88,2030.31,24042
2024.02.29 12:00:00,2030.31,2050.72,2028.07,2048.17,57248
2024.02.29 16:00:00,2048.17,2048.41,2043.32,2044.52,30618
2024.02.29 20:00:00,2044.48,2045.51,2042.90,2044.33,6741
2024.03.01 00:00:00,2044.32,2046.86,2042.88,2046.59,10608
2024.03.01 04:00:00,2046.59,2048.83,2043.45,2045.42,11418
2024.03.01 08:00:00,2045.42,2057.49,2039.08,2055.41,34675
2024.03.01 12:00:00,2055.41,2070.98,2045.63,2069.28,61750
2024.03.01 16:00:00,2069.28,2088.32,2069.27,2085.26,47777
2024.03.01 20:00:00,2085.25,2085.36,2082.90,2083.47,6497
2024.03.03 20:00:00,2082.95,2086.26,2082.67,2083.57,2767
2024.03.04 00:00:00,2083.57,2084.40,2079.48,2081.47,16960
2024.03.04 04:00:00,2081.47,2088.28,2080.31,2087.43,13264
2024.03.04 08:00:00,2087.44,2087.53,2081.89,2082.14,25170
2024.03.04 12:00:00,2082.14,2109.36,2081.18,2109.02,56157
2024.03.04 16:00:00,2109.02,2119.90,2107.70,2116.33,37276
2024.03.04 20:00:00,2116.34,2118.54,2113.32,2114.64,6480
2024.03.05 00:00:00,2114.64,2116.85,2110.49,2113.01,17049
2024.03.05 04:00:00,2113.01,2119.74,2112.65,2114.48,20416
2024.03.05 08:00:00,2114.47,2127.34,2114.47,2124.48,33394
2024.03.05 12:00:00,2124.48,2141.83,2121.22,2126.63,80067
2024.03.05 16:00:00,2126.68,2134.78,2123.65,2129.62,35861
2024.03.05 20:00:00,2129.63,2130.95,2127.04,2128.10,8518
2024.03.06 00:00:00,2128.10,2128.17,2123.73,2124.80,14836
2024.03.06 04:00:00,2124.80,2131.58,2124.79,2128.50,15066
2024.03.06 08:00:00,2128.50,2132.61,2124.38,2132.56,30543
2024.03.06 12:00:00,2132.59,2149.25,2131.04,2141.00,72245
2024.03.06 16:00:00,2141.00,2152.21,2139.26,2144.41,40580
2024.03.06 20:00:00,2144.41,2151.44,2143.21,2147.40,8893
2024.03.07 00:00:00,2147.38,2152.48,2144.18,2151.77,24964
2024.03.07 04:00:00,2151.77,2161.33,2151.64,2156.03,35546
2024.03.07 08:00:00,2156.03,2159.85,2153.34,2156.06,32228
2024.03.07 12:00:00,2156.06,2164.76,2147.99,2153.70,58424
2024.03.07 16:00:00,2153.71,2160.87,2149.29,2160.06,22659
2024.03.07 20:00:00,2159.99,2162.59,2158.00,2161.98,6358
2024.03.08 00:00:00,2161.98,2163.60,2154.02,2157.67,15810
2024.03.08 04:00:00,2157.67,2162.08,2156.39,2161.39,17255
2024.03.08 08:00:00,2161.36,2171.09,2161.16,2168.31,32774
2024.03.08 12:00:00,2168.33,2185.42,2156.63,2177.22,72535
2024.03.08 16:00:00,2177.23,2195.19,2168.30,2176.39,58808
2024.03.08 20:00:00,2176.39,2178.21,2175.72,2177.18,6654
2024.03.10 20:00:00,2179.91,2183.87,2177.23,2181.65,4506
2024.03.11 00:00:00,2181.65,2189.00,2176.88,2179.55,20584
2024.03.11 04:00:00,2179.55,2182.75,2176.88,2182.29,19090
2024.03.11 08:00:00,2182.29,2183.09,2176.03,2178.97,29065
2024.03.11 12:00:00,2178.97,2185.71,2174.86,2184.35,53494
2024.03.11 16:00:00,2184.35,2184.69,2177.20,2181.38,17794
2024.03.11 20:00:00,2181.32,2184.77,2180.78,2183.68,5295
2024.03.12 00:00:00,2183.68,2184.53,2176.86,2177.49,16484
2024.03.12 04:00:00,2177.49,2179.26,2173.70,2177.02,20379
2024.03.12 08:00:00,2177.01,2179.10,2170.61,2171.95,26367
2024.03.12 12:00:00,2171.94,2182.05,2152.66,2162.99,89190
2024.03.12 16:00:00,2162.99,2166.54,2150.30,2157.37,23299
2024.03.12 20:00:00,2157.38,2161.44,2155.79,2157.02,7121
2024.03.13 00:00:00,2157.02,2161.59,2156.65,2159.17,14687
2024.03.13 04:00:00,2159.14,2161.51,2157.25,2159.78,17450
2024.03.13 08:00:00,2159.80,2164.19,2157.54,2164.01,25007
2024.03.13 12:00:00,2164.01,2174.55,2161.48,2171.77,57317
2024.03.13 16:00:00,2171.76,2179.86,2169.62,2172.60,26095
2024.03.13 20:00:00,2172.61,2176.21,2172.39,2175.47,4431
2024.03.14 00:00:00,2175.47,2176.98,2171.15,2172.28,12295
2024.03.14 04:00:00,2172.29,2172.52,2167.45,2168.73,12092
2024.03.14 08:00:00,2168.67,2172.01,2167.20,2168.53,17076
2024.03.14 12:00:00,2168.55,2170.42,2152.78,2157.24,68634
2024.03.14 16:00:00,2157.24,2165.05,2156.73,2163.48,22258
2024.03.14 20:00:00,2163.46,2163.83,2158.45,2161.62,2819
2024.03.15 00:00:00,2161.62,2165.97,2160.59,2164.63,11959
2024.03.15 04:00:00,2164.64,2170.09,2163.56,2167.04,19067
2024.03.15 08:00:00,2167.04,2172.75,2165.32,2166.99,25245
2024.03.15 12:00:00,2166.99,2167.37,2156.55,2160.04,53508
2024.03.15 16:00:00,2160.04,2163.49,2155.18,2156.91,21681
2024.03.15 20:00:00,2156.94,2158.33,2156.63,2156.84,721
2024.03.17 20:00:00,2153.55,2156.91,2153.16,2156.55,3972
2024.03.18 00:00:00,2156.58,2157.50,2146.11,2146.77,16656
2024.03.18 04:00:00,2146.75,2152.23,2146.11,2152.17,11821
2024.03.18 08:00:00,2152.19,2161.28,2150.19,2161.06,23546
2024.03.18 12:00:00,2161.07,2163.62,2155.53,2158.39,41686
2024.03.18 16:00:00,2158.38,2161.15,2154.59,2160.20,16092
2024.03.18 20:00:00,2160.19,2162.61,2159.41,2162.14,3414
2024.03.19 00:00:00,2162.18,2162.88,2158.55,2161.56,13395
2024.03.19 04:00:00,2161.57,2162.17,2154.03,2155.81,16192
2024.03.19 08:00:00,2155.82,2156.71,2147.14,2155.64,30055
2024.03.19 12:00:00,2155.64,2158.70,2148.41,2154.30,44591
2024.03.19 16:00:00,2154.30,2157.97,2153.10,2157.79,16957
2024.03.19 20:00:00,2157.78,2159.67,2156.99,2157.07,2810
2024.03.20 00:00:00,2157.10,2160.05,2155.24,2159.86,9794
2024.03.20 04:00:00,2159.86,2160.24,2156.47,2158.28,13399
2024.03.20 08:00:00,2158.27,2158.39,2152.32,2153.99,21453
2024.03.20 12:00:00,2153.99,2164.90,2149.62,2155.90,43908
2024.03.20 16:00:00,2155.90,2188.83,2155.59,2182.79,62723
2024.03.20 20:00:00,2182.77,2222.93,2182.77,2203.97,20345
2024.03.21 00:00:00,2204.00,2212.50,2192.43,2202.81,32846
2024.03.21 04:00:00,2202.84,2210.22,2201.85,2206.56,23645
2024.03.21 08:00:00,2206.56,2211.79,2196.88,2207.56,43548
2024.03.21 12:00:00,2207.53,2208.88,2166.36,2174.70,77842
2024.03.21 16:00:00,2174.70,2184.00,2173.06,2181.47,20583
2024.03.21 20:00:00,2181.50,2182.63,2180.60,2181.80,3117
2024.03.22 00:00:00,2181.78,2186.08,2171.82,2173.80,26478
2024.03.22 04:00:00,2173.80,2176.29,2162.63,2168.48,26368
2024.03.22 08:00:00,2168.48,2170.15,2164.96,2166.10,32684
2024.03.22 12:00:00,2166.11,2180.14,2165.47,2166.16,55653
2024.03.22 16:00:00,2166.16,2167.52,2157.16,2163.98,24045
2024.03.22 20:00:00,2163.99,2167.27,2163.60,2165.48,2024
2024.03.24 20:00:00,2166.31,2168.92,2165.22,2168.38,4041
2024.03.25 00:00:00,2168.44,2178.34,2163.98,2170.60,28593
2024.03.25 04:00:00,2170.62,2171.64,2163.66,2165.91,22240
2024.03.25 08:00:00,2165.91,2171.90,2163.89,2170.52,28792
2024.03.25 12:00:00,2170.51,2181.33,2170.36,2175.47,45661
2024.03.25 16:00:00,2175.47,2177.90,2170.74,2170.98,16396
2024.03.25 20:00:00,2171.13,2173.54,2170.74,2172.95,4789
2024.03.26 00:00:00,2172.95,2174.48,2167.63,2170.35,19228
2024.03.26 04:00:00,2170.35,2174.24,2169.63,2173.04,18168
2024.03.26 08:00:00,2173.04,2200.12,2171.60,2196.49,39584
2024.03.26 12:00:00,2196.49,2197.34,2171.69,2174.33,58106
2024.03.26 16:00:00,2174.33,2179.23,2174.30,2177.94,19641
2024.03.26 20:00:00,2177.97,2179.97,2174.71,2179.49,4447
2024.03.27 00:00:00,2179.49,2181.73,2173.45,2177.77,15517
2024.03.27 04:00:00,2177.77,2180.81,2175.78,2180.56,14716
2024.03.27 08:00:00,2180.56,2197.61,2176.58,2188.47,36412
2024.03.27 12:00:00,2188.47,2195.25,2183.60,2190.49,50841
2024.03.27 16:00:00,2190.49,2194.29,2189.09,2193.43,19030
2024.03.27 20:00:00,2193.45,2195.23,2190.13,2190.75,6114
2024.03.28 00:00:00,2190.77,2196.47,2187.40,2194.84,17974
2024.03.28 04:00:00,2194.84,2200.68,2192.71,2193.75,19761
2024.03.28 08:00:00,2193.76,2213.75,2190.86,2210.44,39920
2024.03.28 12:00:00,2210.44,2217.07,2202.25,2215.92,69164
2024.03.28 16:00:00,2215.92,2225.57,2213.49,2221.77,29815
2024.03.28 20:00:00,2221.73,2236.20,2219.61,2233.78,3875
2024.03.31 20:00:00,2239.41,2247.34,2235.66,2246.02,11096
2024.04.01 00:00:00,2246.02,2265.19,2243.90,2264.48,32170
2024.04.01 04:00:00,2264.48,2265.71,2256.93,2257.52,20799
2024.04.01 08:00:00,2257.52,2260.19,2245.61,2246.83,22207
2024.04.01 12:00:00,2246.83,2257.91,2228.51,2239.77,68133
2024.04.01 16:00:00,2239.77,2244.72,2234.75,2244.71,21563
2024.04.01 20:00:00,2244.70,2255.88,2243.06,2249.04,8807
2024.04.02 00:00:00,2249.03,2255.31,2246.72,2251.62,28776
2024.04.02 04:00:00,2251.61,2259.89,2250.48,2256.44,25425
2024.04.02 08:00:00,2256.44,2266.82,2255.16,2260.63,38702
2024.04.02 12:00:00,2260.64,2277.00,2250.76,2258.66,78132
2024.04.02 16:00:00,2258.66,2279.39,2254.18,2277.44,33599
2024.04.02 20:00:00,2277.48,2288.39,2275.78,2279.98,11376
2024.04.03 00:00:00,2279.91,2288.03,2276.74,2285.10,26580
2024.04.03 04:00:00,2285.14,2287.07,2270.47,2271.20,31144
2024.04.03 08:00:00,2271.17,2276.10,2267.69,2273.80,36010
2024.04.03 12:00:00,2273.80,2288.32,2265.53,2286.31,76269
2024.04.03 16:00:00,2286.31,2298.89,2280.82,2297.53,37379
2024.04.03 20:00:00,2297.63,2302.81,2296.36,2297.56,9252
2024.04.04 00:00:00,2297.60,2304.97,2297.36,2299.17,18818
2024.04.04 04:00:00,2299.20,2300.71,2291.88,2293.05,22875
2024.04.04 08:00:00,2293.05,2295.19,2288.87,2289.33,30954
2024.04.04 12:00:00,2289.34,2299.41,2282.93,2292.11,62668
2024.04.04 16:00:00,2292.11,2305.58,2279.74,2284.97,48051
2024.04.04 20:00:00,2284.92,2293.39,2284.92,2288.78,7851
2024.04.05 00:00:00,2288.92,2290.35,2267.81,2276.75,31363
2024.04.05 04:00:00,2276.80,2290.65,2276.61,2289.21,29978
2024.04.05 08:00:00,2289.21,2296.16,2284.92,2291.21,33930
2024.04.05 12:00:00,2291.21,2328.45,2280.40,2326.25,99094
2024.04.05 16:00:00,2326.25,2330.47,2320.64,2323.23,33663
2024.04.05 20:00:00,2323.31,2327.93,2322.85,2327.67,1689
2024.04.07 20:00:00,2327.85,2328.50,2303.98,2311.27,13207
2024.04.08 00:00:00,2311.33,2354.06,2302.92,2345.62,59502
2024.04.08 04:00:00,2345.64,2345.71,2331.83,2337.80,43698
2024.04.08 08:00:00,2337.80,2343.59,2333.38,2337.39,42881
2024.04.08 12:00:00,2337.39,2338.16,2318.70,2327.92,80832
2024.04.08 16:00:00,2327.92,2342.07,2326.07,2338.42,28624
2024.04.08 20:00:00,2338.43,2340.47,2336.96,2338.82,4593
2024.04.09 00:00:00,2338.82,2348.45,2337.84,2344.03,32382
2024.04.09 04:00:00,2344.04,2356.91,2343.10,2353.96,32631
2024.04.09 08:00:00,2353.96,2365.35,2349.76,2354.55,47301
2024.04.09 12:00:00,2354.55,2364.27,2338.30,2340.39,88434
2024.04.09 16:00:00,2340.36,2351.57,2340.09,2351.20,34461
2024.04.09 20:00:00,2351.16,2355.31,2350.51,2354.95,5931
2024.04.10 00:00:00,2354.85,2355.61,2344.79,2351.35,23600
2024.04.10 04:00:00,2351.35,2360.12,2350.93,2353.10,30700
2024.04.10 08:00:00,2353.10,2355.93,2344.85,2347.05,34402
2024.04.10 12:00:00,2347.05,2352.38,2319.44,2337.08,115615
2024.04.10 16:00:00,2337.08,2345.23,2325.84,2329.74,56720
2024.04.10 20:00:00,2329.71,2337.29,2329.58,2335.57,7264
2024.04.11 00:00:00,2335.63,2346.91,2333.37,2343.99,28716
2024.04.11 04:00:00,2343.98,2346.11,2333.91,2336.46,38328
2024.04.11 08:00:00,2336.48,2339.69,2325.77,2337.26,46810
2024.04.11 12:00:00,2337.26,2347.46,2331.75,2344.76,93950
2024.04.11 16:00:00,2344.79,2374.64,2342.73,2372.83,48482
2024.04.11 20:00:00,2372.84,2379.61,2370.52,2376.87,12493
2024.04.12 00:00:00,2377.08,2395.43,2374.62,2384.24,46740
2024.04.12 04:00:00,2384.22,2400.34,2382.78,2399.97,41846
2024.04.12 08:00:00,2399.96,2400.65,2390.44,2395.42,48020
2024.04.12 12:00:00,2395.42,2431.47,2382.18,2395.58,126749
2024.04.12 16:00:00,2395.58,2395.58,2333.83,2343.32,88245
2024.04.12 20:00:00,2343.35,2344.94,2341.79,2342.86,2309
2024.04.14 20:00:00,2359.98,2372.54,2346.85,2364.72,18116
2024.04.15 00:00:00,2364.74,2365.95,2348.46,2358.48,53074
2024.04.15 04:00:00,2358.47,2362.47,2350.05,2353.11,44069
2024.04.15 08:00:00,2352.73,2361.28,2344.78,2357.90,46332
2024.04.15 12:00:00,2357.87,2361.15,2324.46,2351.79,104184
2024.04.15 16:00:00,2351.78,2387.56,2346.23,2386.28,60103
2024.04.15 20:00:00,2386.11,2392.23,2380.09,2381.92,11065
2024.04.16 00:00:00,2381.94,2389.34,2379.33,2388.06,40960
2024.04.16 04:00:00,2388.05,2389.07,2363.02,2365.58,49737
2024.04.16 08:00:00,2365.61,2375.36,2365.17,2374.12,44425
2024.04.16 12:00:00,2374.18,2392.99,2363.53,2386.13,102498
2024.04.16 16:00:00,2386.14,2398.29,2379.81,2389.81,65741
2024.04.16 20:00:00,2389.85,2390.35,2378.40,2382.82,10654
2024.04.17 00:00:00,2382.83,2386.27,2380.76,2381.74,30916
2024.04.17 04:00:00,2381.90,2383.28,2372.76,2382.75,37286
2024.04.17 08:00:00,2382.75,2394.34,2382.73,2387.57,43300
2024.04.17 12:00:00,2387.55,2395.59,2378.39,2382.53,88024
2024.04.17 16:00:00,2382.51,2384.43,2361.06,2372.91,64738
2024.04.17 20:00:00,2372.92,2373.31,2355.73,2368.04,10074
2024.04.18 00:00:00,2368.01,2375.36,2364.10,2374.34,33616
2024.04.18 04:00:00,2374.32,2381.02,2373.20,2377.69,33706
2024.04.18 08:00:00,2377.70,2385.40,2377.31,2381.44,34359
2024.04.18 12:00:00,2381.49,2392.80,2369.61,2384.58,93599
2024.04.18 16:00:00,2384.59,2389.33,2378.16,2380.07,37832
2024.04.18 20:00:00,2380.09,2381.48,2376.95,2379.81,5030
2024.04.19 00:00:00,2379.80,2417.93,2373.79,2391.29,89578
2024.04.19 04:00:00,2391.27,2393.88,2378.73,2385.21,53062
2024.04.19 08:00:00,2385.22,2386.38,2372.94,2376.93,45492
2024.04.19 12:00:00,2376.93,2396.06,2373.08,2395.14,79466
2024.04.19 16:00:00,2395.21,2401.95,2386.67,2388.24,35280
2024.04.19 20:00:00,2388.23,2390.24,2386.71,2389.95,1960
2024.04.21 20:00:00,2384.23,2388.59,2381.97,2386.06,7880
2024.04.22 00:00:00,2386.05,2386.15,2362.10,2369.96,40535
2024.04.22 04:00:00,2369.97,2372.93,2351.57,2360.92,47724
2024.04.22 08:00:00,2360.91,2363.68,2339.51,2341.37,39804
2024.04.22 12:00:00,2341.40,2350.41,2331.18,2334.87,70762
2024.04.22 16:00:00,2334.86,2336.54,2324.60,2329.56,23688
2024.04.22 20:00:00,2329.57,2333.96,2325.29,2333.63,8883
2024.04.23 00:00:00,2333.65,2334.45,2295.62,2302.68,54899
2024.04.23 04:00:00,2302.67,2314.79,2298.90,2308.93,40392
2024.04.23 08:00:00,2308.94,2309.73,2291.53,2302.06,38282
2024.04.23 12:00:00,2302.06,2332.10,2301.28,2323.38,83080
2024.04.23 16:00:00,2323.42,2331.34,2321.31,2322.80,30928
2024.04.23 20:00:00,2322.81,2324.33,2321.37,2323.31,5807
2024.04.24 00:00:00,2323.32,2328.19,2315.82,2327.97,29827
2024.04.24 04:00:00,2327.97,2331.26,2320.65,2320.75,30837
2024.04.24 08:00:00,2320.76,2321.95,2311.82,2316.55,28642
2024.04.24 12:00:00,2316.56,2337.29,2312.16,2322.19,71590
2024.04.24 16:00:00,2322.18,2330.57,2317.79,2319.56,29049
2024.04.24 20:00:00,2319.57,2319.64,2313.74,2316.27,7654
2024.04.25 00:00:00,2316.28,2322.10,2305.17,2313.84,26997
2024.04.25 04:00:00,2313.81,2326.15,2312.40,2325.80,26083
2024.04.25 08:00:00,2325.79,2330.63,2324.18,2328.43,24371
2024.04.25 12:00:00,2328.42,2344.83,2312.90,2329.62,93018
2024.04.25 16:00:00,2329.62,2336.47,2322.99,2333.00,29543
2024.04.25 20:00:00,2332.99,2333.75,2330.11,2330.89,5293
2024.04.26 00:00:00,2330.85,2336.28,2326.33,2334.68,21002
2024.04.26 04:00:00,2334.65,2347.02,2333.58,2345.42,28030
2024.04.26 08:00:00,2345.41,2352.58,2343.50,2344.61,36168
2024.04.26 12:00:00,2344.63,2351.57,2328.71,2336.57,84248
2024.04.26 16:00:00,2336.51,2341.42,2332.71,2339.76,23543
2024.04.26 20:00:00,2339.73,2340.03,2336.61,2337.08,2533
2024.04.28 20:00:00,2333.88,2336.86,2332.60,2335.77,5029
2024.04.29 00:00:00,2335.81,2336.28,2319.98,2328.72,36037
2024.04.29 04:00:00,2328.70,2337.93,2327.44,2337.21,61659
2024.04.29 08:00:00,2337.16,2344.38,2335.42,2337.46,32845
2024.04.29 12:00:00,2337.44,2339.53,2325.69,2337.80,59145
2024.04.29 16:00:00,2337.83,2346.74,2333.01,2335.80,34743
2024.04.29 20:00:00,2335.81,2337.20,2332.60,2332.62,5858
2024.04.30 00:00:00,2332.63,2336.19,2326.91,2329.29,26434
2024.04.30 04:00:00,2329.30,2329.51,2315.40,2317.54,35806
2024.04.30 08:00:00,2317.53,2318.51,2309.63,2312.74,33545
2024.04.30 12:00:00,2312.73,2313.43,2293.19,2295.94,87885
2024.04.30 16:00:00,2295.94,2299.33,2289.35,2290.84,33481
2024.04.30 20:00:00,2290.67,2293.51,2285.08,2291.37,10321
2024.05.01 00:00:00,2291.33,2292.91,2283.12,2284.17,16693
2024.05.01 04:00:00,2284.17,2289.77,2281.66,2285.88,21790
2024.05.01 08:00:00,2285.87,2297.13,2283.81,2294.60,29543
2024.05.01 12:00:00,2294.60,2310.49,2294.23,2307.29,70328
2024.05.01 16:00:00,2307.29,2328.32,2295.53,2309.80,71818
2024.05.01 20:00:00,2309.83,2324.87,2307.07,2323.77,21271
2024.05.02 00:00:00,2323.77,2326.44,2317.42,2319.55,24930
2024.05.02 04:00:00,2319.55,2321.02,2308.19,2309.28,33715
2024.05.02 08:00:00,2309.30,2311.10,2297.60,2299.04,25640
2024.05.02 12:00:00,2299.04,2306.97,2285.52,2299.98,84345
2024.05.02 16:00:00,2299.98,2309.44,2297.96,2302.91,26761
2024.05.02 20:00:00,2302.90,2305.71,2300.66,2304.26,6927
2024.05.03 00:00:00,2304.30,2306.39,2299.95,2302.47,20719
2024.05.03 04:00:00,2302.48,2308.78,2297.81,2299.27,31723
2024.05.03 08:00:00,2299.21,2303.22,2296.41,2298.30,31122
2024.05.03 12:00:00,2298.30,2320.60,2277.26,2293.75,98813
2024.05.03 16:00:00,2293.75,2303.13,2292.92,2301.41,22807
2024.05.03 20:00:00,2301.40,2303.46,2300.77,2302.31,1633
2024.05.05 20:00:00,2302.37,2303.26,2293.37,2293.95,5910
2024.05.06 00:00:00,2293.95,2315.37,2291.87,2309.35,38882
2024.05.06 04:00:00,2309.36,2324.23,2308.19,2322.89,32310
2024.05.06 08:00:00,2322.81,2323.16,2315.67,2318.25,29796
2024.05.06 12:00:00,2318.25,2332.00,2314.61,2324.91,62560
2024.05.06 16:00:00,2324.91,2327.47,2317.68,2325.04,26603
2024.05.06 20:00:00,2325.03,2328.90,2322.23,2326.05,7699
2024.05.07 00:00:00,2326.06,2329.92,2319.69,2324.99,29154
2024.05.07 04:00:00,2324.99,2325.17,2317.79,2319.36,31292
2024.05.07 08:00:00,2319.36,2319.91,2311.83,2312.36,30942
2024.05.07 12:00:00,2312.39,2323.72,2310.03,2314.81,57174
2024.05.07 16:00:00,2314.81,2317.48,2311.09,2314.72,18641
2024.05.07 20:00:00,2314.72,2316.90,2312.80,2315.18,3993
2024.05.08 00:00:00,2315.25,2318.23,2307.13,2317.09,29780
2024.05.08 04:00:00,2317.09,2321.46,2305.44,2305.86,28988
2024.05.08 08:00:00,2305.80,2318.11,2303.74,2314.69,36725
2024.05.08 12:00:00,2314.69,2320.44,2306.87,2320.44,60063
2024.05.08 16:00:00,2320.45,2321.15,2308.07,2308.15,17187
2024.05.08 20:00:00,2308.16,2310.98,2307.91,2308.85,5248
2024.05.09 00:00:00,2308.84,2313.05,2307.89,2312.40,22169
2024.05.09 04:00:00,2312.39,2319.81,2307.58,2309.41,31883
2024.05.09 08:00:00,2309.41,2316.73,2306.74,2315.99,29751
2024.05.09 12:00:00,2315.99,2338.81,2312.18,2330.43,78757
2024.05.09 16:00:00,2330.43,2344.03,2329.26,2343.83,20792
2024.05.09 20:00:00,2343.83,2348.40,2343.20,2346.58,8225
2024.05.10 00:00:00,2346.59,2355.84,2346.02,2353.42,35799
2024.05.10 04:00:00,2353.42,2370.33,2351.27,2366.71,39459
2024.05.10 08:00:00,2366.70,2378.42,2365.96,2372.24,36030
2024.05.10 12:00:00,2372.24,2375.73,2356.58,2364.84,62300
2024.05.10 16:00:00,2364.84,2371.00,2361.67,2363.41,18601
2024.05.10 20:00:00,2363.41,2365.02,2361.46,2361.54,1441
2024.05.12 20:00:00,2361.43,2363.04,2359.71,2360.37,3411
2024.05.13 00:00:00,2360.37,2364.52,2354.85,2357.09,26719
2024.05.13 04:00:00,2357.09,2357.09,2346.62,2348.72,27788
2024.05.13 08:00:00,2348.71,2350.39,2338.47,2344.60,34981
2024.05.13 12:00:00,2344.59,2349.85,2331.93,2335.97,56554
2024.05.13 16:00:00,2335.97,2338.53,2334.48,2337.35,17507
2024.05.13 20:00:00,2337.35,2339.28,2335.22,2338.39,3321
2024.05.14 00:00:00,2338.38,2344.48,2334.83,2343.15,21094
2024.05.14 04:00:00,2343.15,2345.98,2336.13,2339.22,25849
2024.05.14 08:00:00,2339.22,2348.25,2337.81,2343.58,29628
2024.05.14 12:00:00,2343.58,2357.13,2336.55,2347.97,65336
2024.05.14 16:00:00,2347.93,2359.69,2346.33,2356.61,22515
2024.05.14 20:00:00,2356.61,2358.41,2355.11,2355.84,4136
2024.05.15 00:00:00,2355.84,2361.00,2354.92,2360.40,21807
2024.05.15 04:00:00,2360.41,2364.93,2355.76,2362.52,27775
2024.05.15 08:00:00,2362.52,2374.30,2362.09,2362.76,33411
2024.05.15 12:00:00,2362.76,2385.80,2351.85,2377.60,79759
2024.05.15 16:00:00,2377.62,2390.25,2377.09,2386.40,29169
2024.05.15 20:00:00,2386.40,2391.91,2385.02,2391.80,6997
2024.05.16 00:00:00,2391.80,2397.42,2386.57,2388.72,35005
2024.05.16 04:00:00,2388.71,2394.47,2384.87,2389.37,27602
2024.05.16 08:00:00,2389.37,2391.41,2380.92,2384.62,23868
2024.05.16 12:00:00,2384.62,2386.28,2370.98,2381.55,58885
2024.05.16 16:00:00,2381.55,2383.80,2377.76,2378.13,19107
2024.05.16 20:00:00,2378.13,2379.71,2375.92,2377.85,4015
2024.05.17 00:00:00,2377.85,2381.28,2373.99,2377.86,20775
2024.05.17 04:00:00,2377.86,2387.85,2376.62,2383.87,22985
2024.05.17 08:00:00,2383.87,2390.17,2381.40,2389.78,23524
2024.05.17 12:00:00,2389.78,2419.20,2386.95,2407.81,64727
2024.05.17 16:00:00,2407.81,2419.23,2405.78,2416.48,25829
2024.05.17 20:00:00,2416.48,2422.69,2414.82,2417.71,3592
2024.05.19 20:00:00,2425.13,2425.28,2416.78,2420.27,7056
2024.05.20 00:00:00,2420.27,2440.60,2416.53,2437.65,39906
2024.05.20 04:00:00,2437.65,2450.07,2431.98,2442.31,42183
2024.05.20 08:00:00,2442.31,2447.21,2427.72,2430.68,35832
2024.05.20 12:00:00,2430.68,2430.89,2407.41,2424.94,79491
2024.05.20 16:00:00,2424.94,2437.34,2422.54,2426.67,33761
2024.05.20 20:00:00,2426.70,2430.56,2423.32,2426.27,6959
2024.05.21 00:00:00,2426.18,2433.08,2406.43,2413.83,44913
2024.05.21 04:00:00,2413.83,2422.19,2408.64,2419.23,37067
2024.05.21 08:00:00,2419.23,2423.79,2412.24,2423.48,34911
2024.05.21 12:00:00,2423.48,2433.93,2420.12,2423.46,74590
2024.05.21 16:00:00,2423.45,2425.04,2417.39,2423.35,32834
2024.05.21 20:00:00,2423.35,2423.43,2420.30,2421.87,4344
2024.05.22 00:00:00,2421.87,2426.51,2412.65,2414.23,24657
2024.05.22 04:00:00,2414.23,2418.54,2411.53,2417.32,31000
2024.05.22 08:00:00,2417.32,2419.37,2404.86,2408.74,41480
2024.05.22 12:00:00,2408.74,2415.11,2382.25,2392.06,86132
2024.05.22 16:00:00,2392.09,2395.08,2374.99,2379.27,53468
2024.05.22 20:00:00,2379.27,2382.73,2377.48,2382.25,7602
2024.05.23 00:00:00,2382.25,2383.67,2366.69,2372.46,34804
2024.05.23 04:00:00,2372.46,2373.99,2355.03,2356.12,41590
2024.05.23 08:00:00,2356.12,2369.42,2355.16,2368.09,47258
2024.05.23 12:00:00,2368.11,2369.90,2340.43,2346.13,93558
2024.05.23 16:00:00,2346.15,2350.21,2330.97,2331.57,48891
2024.05.23 20:00:00,2331.60,2333.63,2327.13,2332.03,6766
2024.05.24 00:00:00,2331.92,2335.21,2325.48,2330.59,26482
2024.05.24 04:00:00,2330.59,2340.62,2330.50,2337.75,26665
2024.05.24 08:00:00,2337.75,2343.90,2336.11,2338.24,34183
2024.05.24 12:00:00,2338.24,2347.46,2332.38,2334.60,60686
2024.05.24 16:00:00,2334.58,2337.00,2331.89,2333.75,27720
2024.05.24 20:00:00,2333.82,2335.15,2333.76,2334.25,1468
2024.05.26 20:00:00,2335.88,2340.69,2332.29,2337.20,4703
2024.05.27 00:00:00,2337.16,2347.58,2334.46,2346.04,18251
2024.05.27 04:00:00,2346.03,2346.09,2338.14,2338.56,17911
2024.05.27 08:00:00,2338.57,2346.18,2338.20,2345.08,20697
2024.05.27 12:00:00,2345.07,2358.47,2343.71,2352.44,47196
2024.05.27 16:00:00,2352.44,2355.59,2352.16,2353.84,7094
2024.05.27 20:00:00,2350.82,2353.81,2350.58,2352.44,2815
2024.05.28 00:00:00,2352.44,2356.36,2349.15,2350.93,23081
2024.05.28 04:00:00,2350.93,2353.71,2341.39,2344.10,31459
2024.05.28 08:00:00,2344.10,2348.45,2340.27,2347.45,29805
2024.05.28 12:00:00,2347.45,2364.15,2345.93,2360.35,80996
2024.05.28 16:00:00,2360.30,2362.22,2352.79,2358.20,41414
2024.05.28 20:00:00,2358.20,2362.50,2357.89,2359.88,6438
2024.05.29 00:00:00,2359.88,2361.04,2354.46,2358.21,25632
2024.05.29 04:00:00,2358.20,2361.35,2350.07,2350.48,35174
2024.05.29 08:00:00,2350.48,2351.76,2338.69,2341.72,40023
2024.05.29 12:00:00,2341.71,2347.19,2334.58,2339.11,62676
2024.05.29 16:00:00,2339.10,2344.33,2336.03,2336.74,27658
2024.05.29 20:00:00,2336.74,2339.22,2336.02,2338.41,6045
2024.05.30 00:00:00,2338.41,2339.88,2328.08,2334.39,31694
2024.05.30 04:00:00,2334.39,2337.72,2322.59,2334.39,37391
2024.05.30 08:00:00,2334.39,2340.93,2330.61,2335.85,28136
2024.05.30 12:00:00,2335.85,2351.78,2332.01,2343.84,42184
2024.05.30 16:00:00,2343.84,2348.86,2339.92,2341.57,14809
2024.05.30 20:00:00,2341.52,2346.42,2341.52,2344.07,5177
2024.05.31 00:00:00,2344.06,2347.75,2337.02,2343.71,23325
2024.05.31 04:00:00,2343.71,2347.07,2339.92,2340.40,25664
2024.05.31 08:00:00,2340.40,2344.96,2339.69,2343.85,27047
2024.05.31 12:00:00,2343.85,2359.72,2327.72,2330.06,93971
2024.05.31 16:00:00,2330.06,2336.77,2320.57,2327.65,52763
2024.05.31 20:00:00,2327.65,2330.53,2327.22,2329.13,2037
2024.06.02 20:00:00,2328.70,2328.72,2323.31,2325.80,4662
2024.06.03 00:00:00,2325.81,2331.01,2320.86,2321.32,22812
2024.06.03 04:00:00,2321.32,2328.88,2314.73,2326.00,34113
2024.06.03 08:00:00,2325.98,2333.26,2324.33,2330.00,30713
2024.06.03 12:00:00,2330.00,2345.72,2325.65,2342.82,65287
2024.06.03 16:00:00,2342.82,2354.74,2341.41,2347.65,38306
2024.06.03 20:00:00,2347.65,2351.90,2346.96,2350.52,4504
2024.06.04 00:00:00,2350.52,2352.72,2343.11,2345.63,22848
2024.06.04 04:00:00,2345.63,2351.78,2339.10,2339.72,28936
2024.06.04 08:00:00,2339.72,2339.77,2325.37,2328.03,48023
2024.06.04 12:00:00,2328.01,2338.02,2315.59,2326.10,78838
2024.06.04 16:00:00,2326.09,2330.34,2322.53,2327.22,30610
2024.06.04 20:00:00,2327.22,2328.88,2326.01,2328.76,4097
2024.06.05 00:00:00,2328.76,2337.91,2325.85,2337.18,21290
2024.06.05 04:00:00,2337.18,2341.63,2328.06,2331.59,29390
2024.06.05 08:00:00,2331.59,2335.58,2329.49,2332.53,30050
2024.06.05 12:00:00,2332.55,2357.36,2332.12,2353.71,75010
2024.06.05 16:00:00,2353.71,2356.81,2351.33,2353.97,29296
2024.06.05 20:00:00,2353.99,2357.45,2352.83,2355.00,4667
2024.06.06 00:00:00,2355.00,2374.93,2354.54,2368.35,30057
2024.06.06 04:00:00,2368.35,2371.37,2362.21,2362.93,23339
2024.06.06 08:00:00,2362.93,2363.88,2358.51,2359.84,24255
2024.06.06 12:00:00,2359.84,2378.53,2353.48,2374.22,80796
2024.06.06 16:00:00,2374.22,2376.94,2368.98,2372.50,36239
2024.06.06 20:00:00,2372.50,2378.10,2372.28,2376.82,3898
2024.06.07 00:00:00,2376.87,2381.92,2369.40,2380.12,27243
2024.06.07 04:00:00,2380.12,2387.69,2372.79,2373.58,33889
2024.06.07 08:00:00,2373.53,2373.90,2330.82,2336.62,57724
2024.06.07 12:00:00,2336.63,2339.36,2304.54,2305.03,86480
2024.06.07 16:00:00,2305.03,2314.50,2287.63,2288.24,40975
2024.06.07 20:00:00,2288.25,2292.04,2286.73,2291.48,2896
2024.06.09 20:00:00,2290.47,2300.04,2290.20,2298.40,5330
2024.06.10 00:00:00,2298.40,2301.35,2293.94,2295.36,16663
2024.06.10 04:00:00,2295.36,2297.25,2287.75,2296.55,29205
2024.06.10 08:00:00,2296.55,2305.28,2291.85,2305.07,32416
2024.06.10 12:00:00,2305.07,2308.74,2300.40,2307.39,54781
2024.06.10 16:00:00,2307.41,2313.77,2307.06,2308.77,26073
2024.06.10 20:00:00,2308.77,2312.25,2308.51,2309.87,4502
2024.06.11 00:00:00,2309.87,2311.96,2298.78,2303.71,33007
2024.06.11 04:00:00,2303.73,2305.37,2297.68,2304.56,27548
2024.06.11 08:00:00,2304.58,2308.88,2301.58,2307.66,35682
2024.06.11 12:00:00,2307.66,2319.98,2307.58,2310.13,68493
2024.06.11 16:00:00,2310.13,2315.71,2305.93,2315.27,30060
2024.06.11 20:00:00,2315.27,2317.55,2313.96,2315.07,4862
2024.06.12 00:00:00,2315.07,2316.70,2310.67,2313.97,23446
2024.06.12 04:00:00,2313.97,2317.78,2311.18,2314.52,20335
2024.06.12 08:00:00,2314.53,2315.79,2310.83,2312.92,23925
2024.06.12 12:00:00,2312.92,2341.65,2311.59,2335.62,86710
2024.06.12 16:00:00,2335.65,2339.58,2315.87,2321.22,61566
2024.06.12 20:00:00,2321.26,2324.87,2320.20,2320.55,6312
2024.06.13 00:00:00,2320.55,2322.94,2308.13,2314.25,31301
2024.06.13 04:00:00,2314.25,2318.62,2308.98,2317.07,29399
2024.06.13 08:00:00,2317.10,2319.96,2303.96,2307.05,37185
2024.06.13 12:00:00,2307.05,2326.68,2297.76,2298.93,86608
2024.06.13 16:00:00,2298.93,2304.96,2295.62,2303.40,36883
2024.06.13 20:00:00,2303.40,2304.29,2301.68,2302.29,3705
2024.06.14 00:00:00,2302.29,2308.65,2301.50,2305.51,25640
2024.06.14 04:00:00,2305.51,2316.72,2303.50,2315.31,32513
2024.06.14 08:00:00,2315.31,2336.64,2314.80,2331.98,53464
2024.06.14 12:00:00,2332.02,2335.46,2324.04,2326.14,72665
2024.06.14 16:00:00,2326.14,2335.58,2325.43,2332.44,34262
2024.06.14 20:00:00,2332.40,2333.02,2330.96,2332.22,1519
2024.06.16 20:00:00,2331.12,2331.36,2327.41,2328.84,3707
2024.06.17 00:00:00,2328.84,2328.99,2321.49,2324.37,24889
2024.06.17 04:00:00,2324.37,2326.20,2315.48,2316.91,28860
2024.06.17 08:00:00,2316.91,2322.64,2316.40,2318.19,34518
2024.06.17 12:00:00,2318.24,2327.62,2309.99,2312.55,58769
2024.06.17 16:00:00,2312.54,2320.56,2312.54,2320.15,27281
2024.06.17 20:00:00,2320.12,2321.16,2317.81,2320.69,3937
2024.06.18 00:00:00,2320.69,2325.65,2319.21,2324.46,21864
2024.06.18 04:00:00,2324.45,2324.77,2314.98,2315.50,24148
2024.06.18 08:00:00,2315.50,2315.51,2306.61,2313.42,35381
2024.06.18 12:00:00,2313.42,2329.84,2311.42,2326.84,68205
2024.06.18 16:00:00,2326.84,2333.11,2326.48,2329.36,25445
2024.06.18 20:00:00,2329.36,2330.57,2327.45,2328.28,2756
2024.06.19 00:00:00,2328.28,2331.74,2326.45,2328.24,16956
2024.06.19 04:00:00,2328.27,2332.71,2326.86,2331.84,18271
2024.06.19 08:00:00,2331.86,2335.05,2325.83,2330.48,20187
2024.06.19 12:00:00,2330.48,2332.93,2323.72,2329.83,35907
2024.06.19 16:00:00,2329.83,2331.37,2328.92,2330.02,5709
2024.06.19 20:00:00,2328.31,2330.43,2327.82,2329.33,2721
2024.06.20 00:00:00,2329.35,2338.98,2327.68,2333.90,25413
2024.06.20 04:00:00,2333.90,2345.69,2333.75,2338.59,30865
2024.06.20 08:00:00,2338.59,2341.37,2331.64,2339.34,30009
2024.06.20 12:00:00,2339.34,2365.49,2335.42,2353.72,71154
2024.06.20 16:00:00,2353.72,2361.03,2352.84,2358.89,25988
2024.06.20 20:00:00,2358.93,2361.05,2358.10,2360.80,5900
2024.06.21 00:00:00,2360.80,2364.85,2357.11,2362.10,24119
2024.06.21 04:00:00,2362.11,2365.64,2355.11,2362.97,24708
2024.06.21 08:00:00,2362.97,2368.74,2361.37,2366.24,37464
2024.06.21 12:00:00,2366.24,2368.04,2323.33,2327.95,83508
2024.06.21 16:00:00,2327.95,2329.36,2316.72,2322.12,36849
2024.06.21 20:00:00,2322.07,2322.61,2320.78,2321.37,1398
2024.06.23 20:00:00,2321.07,2322.15,2317.65,2319.17,3567
2024.06.24 00:00:00,2319.16,2326.62,2317.88,2325.49,27229
2024.06.24 04:00:00,2325.49,2331.86,2321.34,2330.79,27195
2024.06.24 08:00:00,2330.79,2332.86,2320.84,2326.19,37779
2024.06.24 12:00:00,2326.19,2333.88,2323.34,2327.62,58519
2024.06.24 16:00:00,2327.62,2334.66,2326.90,2331.65,26697
2024.06.24 20:00:00,2331.65,2334.54,2330.17,2330.84,3831
2024.06.25 00:00:00,2330.84,2330.94,2323.17,2324.12,22128
2024.06.25 04:00:00,2324.12,2330.11,2322.74,2324.78,25360
2024.06.25 08:00:00,2324.78,2337.14,2322.96,2330.18,22055
2024.06.25 12:00:00,2330.18,2330.52,2315.63,2324.77,42281
2024.06.25 16:00:00,2324.80,2325.03,2315.47,2319.85,17057
2024.06.25 20:00:00,2319.85,2321.37,2317.96,2320.05,6378
2024.06.26 00:00:00,2320.05,2323.85,2310.55,2317.30,28888
2024.06.26 04:00:00,2317.30,2318.22,2309.65,2316.13,22490
2024.06.26 08:00:00,2316.13,2318.45,2304.44,2313.02,30250
2024.06.26 12:00:00,2313.02,2317.91,2293.62,2300.08,55763
2024.06.26 16:00:00,2300.08,2302.99,2296.95,2298.68,18175
2024.06.26 20:00:00,2298.68,2299.22,2296.78,2298.40,5099
2024.06.27 00:00:00,2298.40,2300.21,2296.80,2298.99,17475
2024.06.27 04:00:00,2298.98,2303.46,2296.54,2302.39,22066
2024.06.27 08:00:00,2302.39,2317.97,2302.07,2317.09,26483
2024.06.27 12:00:00,2317.09,2331.02,2316.08,2327.53,58925
2024.06.27 16:00:00,2327.53,2328.33,2322.43,2326.05,18295
2024.06.27 20:00:00,2326.05,2328.55,2325.49,2327.76,4108
2024.06.28 00:00:00,2327.76,2328.31,2319.01,2321.78,27103
2024.06.28 04:00:00,2321.77,2328.83,2319.77,2327.16,21625
2024.06.28 08:00:00,2327.16,2337.18,2326.47,2333.98,24684
2024.06.28 12:00:00,2333.98,2339.78,2322.85,2328.60,53673
2024.06.28 16:00:00,2328.60,2332.76,2322.97,2325.09,19984
2024.06.28 20:00:00,2325.06,2325.67,2322.84,2325.38,2168
2024.06.30 20:00:00,2322.83,2326.17,2322.70,2324.92,3326
2024.07.01 00:00:00,2324.91,2328.62,2322.17,2324.78,20258
2024.07.01 04:00:00,2324.78,2329.00,2318.48,2323.78,23178
2024.07.01 08:00:00,2323.78,2338.27,2321.93,2338.19,27418
2024.07.01 12:00:00,2338.19,2338.51,2319.27,2327.80,53273
2024.07.01 16:00:00,2327.80,2331.89,2326.65,2331.03,16473
2024.07.01 20:00:00,2331.03,2332.55,2330.14,2332.25,3851
2024.07.02 00:00:00,2332.25,2334.38,2325.79,2326.08,16561
2024.07.02 04:00:00,2326.08,2331.83,2323.34,2330.80,19441
2024.07.02 08:00:00,2330.86,2332.46,2320.01,2320.74,27072
2024.07.02 12:00:00,2320.77,2336.77,2319.07,2324.74,62890
2024.07.02 16:00:00,2324.74,2331.30,2320.96,2330.83,19040
2024.07.02 20:00:00,2330.83,2331.42,2328.72,2330.31,4173
2024.07.03 00:00:00,2330.30,2332.53,2326.86,2331.74,20066
2024.07.03 04:00:00,2331.75,2347.23,2331.75,2345.40,28610
2024.07.03 08:00:00,2345.40,2349.55,2342.13,2345.39,34422
2024.07.03 12:00:00,2345.40,2364.94,2344.91,2363.07,72533
2024.07.03 16:00:00,2363.07,2363.16,2353.76,2354.35,19078
2024.07.03 20:00:00,2354.36,2359.61,2354.17,2358.79,3941
2024.07.04 00:00:00,2358.82,2362.45,2356.48,2358.08,20972
2024.07.04 04:00:00,2358.07,2359.60,2350.48,2357.54,21941
2024.07.04 08:00:00,2357.54,2360.01,2355.54,2358.47,17459
2024.07.04 12:00:00,2358.49,2361.81,2355.43,2357.43,26384
2024.07.04 16:00:00,2357.43,2359.11,2356.94,2357.37,4006
2024.07.04 20:00:00,2354.69,2357.73,2354.25,2356.74,4407
2024.07.05 00:00:00,2356.74,2363.09,2356.03,2361.85,26289
2024.07.05 04:00:00,2361.85,2367.50,2361.35,2365.31,26564
2024.07.05 08:00:00,2365.31,2368.08,2361.88,2365.85,23588
2024.07.05 12:00:00,2365.85,2388.33,2349.67,2384.73,82927
2024.07.05 16:00:00,2384.73,2392.89,2383.98,2388.73,30166
2024.07.05 20:00:00,2388.72,2391.65,2388.22,2391.23,1579
2024.07.07 20:00:00,2389.50,2390.20,2384.84,2386.08,4101
2024.07.08 00:00:00,2386.08,2391.10,2380.75,2382.98,34611
2024.07.08 04:00:00,2382.99,2386.76,2376.65,2377.89,31992
2024.07.08 08:00:00,2377.89,2378.82,2368.32,2375.39,29404
2024.07.08 12:00:00,2375.33,2379.52,2351.09,2355.52,59494
2024.07.08 16:00:00,2355.52,2359.84,2351.08,2359.21,24543
2024.07.08 20:00:00,2359.24,2362.10,2358.02,2361.78,4018
2024.07.09 00:00:00,2361.78,2368.01,2360.21,2367.71,29795
2024.07.09 04:00:00,2367.73,2368.77,2358.39,2358.99,26694
2024.07.09 08:00:00,2359.03,2365.62,2357.59,2360.62,23373
2024.07.09 12:00:00,2360.63,2371.56,2349.43,2362.12,69440
2024.07.09 16:00:00,2362.12,2365.63,2356.53,2363.59,25210
2024.07.09 20:00:00,2363.58,2366.13,2362.67,2365.03,3679
2024.07.10 00:00:00,2364.99,2370.33,2363.28,2368.19,25580
2024.07.10 04:00:00,2368.20,2375.01,2366.65,2372.70,25131
2024.07.10 08:00:00,2372.71,2378.35,2371.48,2378.34,21733
2024.07.10 12:00:00,2378.35,2386.70,2373.93,2378.78,52953
2024.07.10 16:00:00,2378.79,2381.31,2369.91,2371.77,22537
2024.07.10 20:00:00,2371.80,2372.88,2370.67,2372.86,3299
2024.07.11 00:00:00,2372.86,2380.23,2371.46,2378.77,23980
2024.07.11 04:00:00,2378.77,2383.26,2378.49,2379.96,22552
2024.07.11 08:00:00,2379.94,2384.62,2379.03,2380.80,22686
2024.07.11 12:00:00,2380.79,2424.56,2380.07,2417.33,105933
2024.07.11 16:00:00,2417.32,2419.25,2409.99,2414.16,30073
2024.07.11 20:00:00,2414.26,2416.09,2411.19,2415.97,9693
2024.07.12 00:00:00,2415.97,2416.28,2406.66,2408.76,28299
2024.07.12 04:00:00,2408.75,2410.11,2400.35,2404.18,29270
2024.07.12 08:00:00,2404.18,2408.33,2398.33,2401.73,25757
2024.07.12 12:00:00,2401.75,2413.74,2391.45,2411.78,78331
2024.07.12 16:00:00,2411.78,2418.29,2411.73,2412.79,20288
2024.07.12 20:00:00,2412.79,2412.79,2411.29,2411.76,1406
2024.07.14 20:00:00,2411.84,2412.19,2405.66,2408.69,8218
2024.07.15 00:00:00,2408.70,2412.01,2404.95,2411.65,28723
2024.07.15 04:00:00,2411.67,2413.96,2401.35,2407.99,27432
2024.07.15 08:00:00,2407.99,2420.36,2406.96,2418.28,30192
2024.07.15 12:00:00,2418.28,2437.45,2411.47,2433.35,65376
2024.07.15 16:00:00,2433.35,2439.68,2419.79,2421.15,37426
2024.07.15 20:00:00,2421.16,2422.71,2420.67,2422.55,3725
2024.07.16 00:00:00,2422.55,2431.49,2420.04,2428.66,28174
2024.07.16 04:00:00,2428.66,2439.32,2425.14,2437.03,33565
2024.07.16 08:00:00,2437.03,2443.39,2433.59,2439.58,42856
2024.07.16 12:00:00,2439.57,2465.28,2429.47,2463.21,84563
2024.07.16 16:00:00,2463.19,2468.71,2457.88,2468.54,32443
2024.07.16 20:00:00,2468.55,2469.96,2466.32,2468.29,7996
2024.07.17 00:00:00,2468.29,2482.38,2463.97,2471.76,53694
2024.07.17 04:00:00,2471.76,2474.42,2461.85,2474.24,53687
2024.07.17 08:00:00,2474.23,2478.88,2466.69,2470.10,58955
2024.07.17 12:00:00,2470.11,2483.71,2458.04,2463.52,88881
2024.07.17 16:00:00,2463.52,2465.06,2451.50,2458.06,33743
2024.07.17 20:00:00,2458.03,2461.93,2457.25,2461.33,8309
2024.07.18 00:00:00,2461.38,2468.99,2457.40,2468.05,36217
2024.07.18 04:00:00,2468.05,2474.92,2464.63,2471.94,40510
2024.07.18 08:00:00,2471.94,2473.72,2461.60,2464.51,37516
2024.07.18 12:00:00,2464.51,2469.86,2457.61,2461.25,69005
2024.07.18 16:00:00,2461.30,2462.08,2440.35,2442.94,33976
2024.07.18 20:00:00,2442.95,2445.48,2441.25,2441.28,6364
2024.07.19 00:00:00,2441.26,2441.34,2420.47,2428.81,56628
2024.07.19 04:00:00,2428.80,2429.35,2412.92,2418.23,47881
2024.07.19 08:00:00,2418.26,2421.64,2408.46,2410.06,42286
2024.07.19 12:00:00,2410.04,2410.19,2393.81,2405.41,78837
2024.07.19 16:00:00,2405.41,2405.98,2395.65,2398.63,28041
2024.07.19 20:00:00,2398.73,2399.94,2397.74,2398.67,1449
2024.07.21 20:00:00,2403.90,2411.95,2402.53,2411.54,7031
2024.07.22 00:00:00,2411.55,2412.17,2403.32,2406.78,37488
2024.07.22 04:00:00,2406.79,2407.44,2399.03,2402.56,43942
2024.07.22 08:00:00,2402.57,2408.38,2398.01,2398.01,32291
2024.07.22 12:00:00,2398.03,2400.16,2383.81,2386.30,71188
2024.07.22 16:00:00,2386.30,2400.03,2386.08,2398.99,23064
2024.07.22 20:00:00,2399.00,2399.48,2394.77,2395.73,4937
2024.07.23 00:00:00,2395.74,2403.97,2395.53,2398.34,39403
2024.07.23 04:00:00,2398.34,2399.62,2388.29,2397.90,40299
2024.07.23 08:00:00,2397.90,2411.99,2396.31,2407.67,37405
2024.07.23 12:00:00,2407.63,2409.31,2399.56,2405.41,52903
2024.07.23 16:00:00,2405.41,2409.00,2402.63,2407.58,19634
2024.07.23 20:00:00,2407.52,2409.92,2405.41,2408.52,4480
2024.07.24 00:00:00,2408.53,2418.33,2404.93,2416.51,38351
2024.07.24 04:00:00,2416.51,2419.18,2411.57,2414.63,42793
2024.07.24 08:00:00,2414.63,2417.77,2409.81,2417.49,32551
2024.07.24 12:00:00,2417.49,2432.00,2413.58,2424.81,71314
2024.07.24 16:00:00,2424.81,2424.86,2398.32,2398.39,37395
2024.07.24 20:00:00,2398.45,2401.23,2393.04,2398.69,13835
2024.07.25 00:00:00,2398.70,2400.08,2366.78,2374.78,78789
2024.07.25 04:00:00,2374.78,2378.76,2365.84,2374.06,54740
2024.07.25 08:00:00,2374.05,2382.54,2368.04,2368.54,48932
2024.07.25 12:00:00,2368.53,2376.34,2358.01,2363.13,96858
2024.07.25 16:00:00,2363.14,2365.47,2353.10,2362.53,41997
2024.07.25 20:00:00,2362.55,2365.42,2359.39,2363.83,10420
2024.07.26 00:00:00,2363.83,2379.41,2355.81,2371.75,49845
2024.07.26 04:00:00,2371.78,2375.32,2365.24,2371.61,43772
2024.07.26 08:00:00,2371.61,2375.77,2369.37,2373.30,33002
2024.07.26 12:00:00,2373.30,2390.80,2371.04,2385.12,71810
2024.07.26 16:00:00,2385.12,2390.37,2381.18,2386.33,22492
2024.07.26 20:00:00,2386.33,2388.28,2385.44,2387.98,2392
2024.07.28 20:00:00,2388.11,2403.12,2387.69,2397.03,8042
2024.07.29 00:00:00,2397.06,2402.52,2388.66,2394.61,34076
2024.07.29 04:00:00,2394.61,2396.40,2389.50,2391.56,32800
2024.07.29 08:00:00,2391.55,2395.40,2386.86,2387.74,33950
2024.07.29 12:00:00,2387.74,2396.72,2369.60,2376.81,67032
2024.07.29 16:00:00,2376.81,2385.42,2374.54,2382.99,29449
2024.07.29 20:00:00,2382.99,2384.92,2380.92,2381.12,5559
2024.07.30 00:00:00,2381.17,2385.97,2376.51,2385.73,35861
2024.07.30 04:00:00,2385.73,2392.02,2385.67,2390.33,37745
2024.07.30 08:00:00,2390.33,2392.38,2386.98,2387.10,25183
2024.07.30 12:00:00,2387.18,2397.73,2383.41,2385.35,65851
2024.07.30 16:00:00,2385.35,2410.85,2385.04,2407.04,39728
2024.07.30 20:00:00,2407.00,2412.73,2406.95,2409.85,11392
2024.07.31 00:00:00,2409.86,2419.12,2403.56,2416.40,41335
2024.07.31 04:00:00,2416.53,2425.50,2414.44,2417.21,48078
2024.07.31 08:00:00,2417.19,2423.28,2415.39,2419.54,35571
2024.07.31 12:00:00,2419.54,2429.05,2417.33,2423.08,64772
2024.07.31 16:00:00,2423.08,2450.87,2421.52,2449.91,56726
2024.07.31 20:00:00,2449.91,2450.93,2444.32,2445.74,10410
2024.08.01 00:00:00,2445.74,2458.37,2437.32,2442.74,62260
2024.08.01 04:00:00,2442.74,2448.85,2439.90,2440.32,42848
2024.08.01 08:00:00,2440.23,2442.97,2430.25,2440.81,41853
2024.08.01 12:00:00,2440.80,2462.28,2440.35,2445.17,91555
2024.08.01 16:00:00,2445.20,2448.78,2434.93,2443.15,51152
2024.08.01 20:00:00,2443.16,2447.52,2441.80,2445.78,12212
2024.08.02 00:00:00,2445.80,2459.38,2434.99,2454.51,52668
2024.08.02 04:00:00,2454.51,2468.48,2454.30,2461.65,49020
2024.08.02 08:00:00,2461.65,2465.34,2457.62,2459.23,39245
2024.08.02 12:00:00,2459.21,2477.66,2410.80,2433.22,129077
2024.08.02 16:00:00,2433.22,2439.25,2423.01,2437.58,51526
2024.08.02 20:00:00,2437.58,2442.34,2435.65,2441.89,2531
2024.08.04 20:00:00,2440.23,2446.31,2437.56,2440.95,13455
2024.08.05 00:00:00,2440.96,2452.58,2413.91,2451.01,76878
2024.08.05 04:00:00,2451.02,2458.78,2422.17,2432.00,81115
2024.08.05 08:00:00,2432.00,2434.48,2383.27,2386.78,79529
2024.08.05 12:00:00,2386.76,2412.24,2364.29,2402.76,126048
2024.08.05 16:00:00,2402.76,2413.01,2399.01,2407.67,56207
2024.08.05 20:00:00,2407.68,2412.60,2404.41,2404.82,15099
2024.08.06 00:00:00,2404.89,2418.34,2404.61,2409.02,60461
2024.08.06 04:00:00,2409.02,2412.58,2394.83,2409.89,64989
2024.08.06 08:00:00,2409.88,2416.30,2408.16,2410.93,43845
2024.08.06 12:00:00,2410.94,2412.24,2381.61,2387.62,97041
2024.08.06 16:00:00,2387.62,2395.98,2385.70,2387.67,43264
2024.08.06 20:00:00,2387.68,2391.08,2382.82,2383.86,12570
2024.08.07 00:00:00,2383.84,2388.48,2379.03,2385.97,60501
2024.08.07 04:00:00,2385.98,2397.60,2385.70,2389.42,46894
2024.08.07 08:00:00,2389.41,2402.33,2388.36,2401.11,32419
2024.08.07 12:00:00,2401.11,2407.07,2392.00,2394.52,63091
2024.08.07 16:00:00,2394.52,2399.74,2383.85,2385.67,39214
2024.08.07 20:00:00,2385.66,2387.37,2380.37,2384.86,15042
2024.08.08 00:00:00,2384.85,2394.75,2383.25,2394.38,52823
2024.08.08 04:00:00,2394.35,2400.73,2392.48,2396.82,51768
2024.08.08 08:00:00,2396.82,2413.54,2392.90,2412.35,36661
2024.08.08 12:00:00,2412.35,2424.35,2402.29,2418.68,79907
2024.08.08 16:00:00,2418.68,2426.32,2415.81,2423.57,32526
2024.08.08 20:00:00,2423.64,2427.71,2422.82,2424.63,9194
2024.08.09 00:00:00,2424.64,2428.97,2419.39,2421.05,35619
2024.08.09 04:00:00,2421.04,2427.00,2416.89,2423.17,33255
2024.08.09 08:00:00,2423.18,2432.60,2422.22,2426.70,30282
2024.08.09 12:00:00,2426.69,2435.94,2421.07,2431.44,67725
2024.08.09 16:00:00,2431.44,2437.02,2427.24,2429.09,25046
2024.08.09 20:00:00,2429.09,2430.88,2429.09,2430.47,1712
2024.08.11 20:00:00,2428.22,2433.48,2427.34,2427.90,6211
2024.08.12 00:00:00,2427.89,2430.28,2423.84,2428.59,25031
2024.08.12 04:00:00,2428.60,2442.86,2428.25,2441.63,27153
2024.08.12 08:00:00,2441.63,2445.11,2439.67,2441.60,27259
2024.08.12 12:00:00,2441.60,2460.69,2441.41,2459.79,59613
2024.08.12 16:00:00,2459.79,2472.11,2459.01,2470.49,28752
2024.08.12 20:00:00,2470.50,2476.00,2468.89,2475.59,8998
2024.08.13 00:00:00,2475.61,2476.91,2460.82,2463.49,47890
2024.08.13 04:00:00,2463.51,2466.15,2458.46,2464.22,39469
2024.08.13 08:00:00,2464.21,2466.59,2458.93,2465.76,33169
2024.08.13 12:00:00,2465.76,2475.66,2458.91,2468.62,63823
2024.08.13 16:00:00,2468.62,2471.04,2462.25,2467.05,23323
2024.08.13 20:00:00,2466.96,2467.79,2462.94,2464.14,7238
2024.08.14 00:00:00,2464.16,2472.55,2455.30,2460.91,46751
2024.08.14 04:00:00,2460.90,2471.96,2459.24,2470.95,34186
2024.08.14 08:00:00,2470.95,2478.70,2468.62,2474.73,31293
2024.08.14 12:00:00,2474.78,2479.87,2441.69,2444.05,91573
2024.08.14 16:00:00,2444.05,2448.36,2438.10,2447.16,31546
2024.08.14 20:00:00,2447.17,2449.51,2446.54,2449.45,7033
2024.08.15 00:00:00,2449.49,2454.34,2448.25,2453.72,39815
2024.08.15 04:00:00,2453.71,2458.85,2450.36,2455.86,35736
2024.08.15 08:00:00,2455.85,2464.15,2453.58,2463.52,27112
2024.08.15 12:00:00,2463.52,2470.06,2432.19,2458.42,95230
2024.08.15 16:00:00,2458.45,2461.60,2453.49,2455.53,30048
2024.08.15 20:00:00,2455.55,2458.28,2454.39,2457.34,7109
2024.08.16 00:00:00,2457.33,2460.03,2450.73,2452.45,36714
2024.08.16 04:00:00,2452.45,2464.47,2451.12,2461.98,32602
2024.08.16 08:00:00,2461.98,2472.34,2459.11,2472.20,32762
2024.08.16 12:00:00,2472.20,2500.21,2471.32,2491.75,89200
2024.08.16 16:00:00,2491.74,2508.97,2491.69,2507.92,38219
2024.08.16 20:00:00,2507.86,2509.73,2505.56,2507.57,2899
2024.08.18 20:00:00,2506.59,2506.81,2502.07,2506.45,8398
2024.08.19 00:00:00,2506.45,2506.74,2494.99,2503.30,53884
2024.08.19 04:00:00,2503.30,2505.17,2498.82,2503.07,43948
2024.08.19 08:00:00,2503.03,2507.15,2486.53,2494.51,36110
2024.08.19 12:00:00,2494.51,2505.94,2485.64,2504.02,64446
2024.08.19 16:00:00,2504.02,2507.49,2500.75,2505.47,24593
2024.08.19 20:00:00,2505.48,2505.61,2499.94,2503.65,5503
2024.08.20 00:00:00,2503.65,2508.21,2498.72,2501.79,38884
2024.08.20 04:00:00,2501.80,2515.14,2497.33,2514.95,33793
2024.08.20 08:00:00,2514.95,2527.06,2514.36,2526.30,44224
2024.08.20 12:00:00,2526.31,2531.64,2505.82,2508.53,71898
2024.08.20 16:00:00,2508.53,2515.46,2500.83,2515.00,30136
2024.08.20 20:00:00,2514.99,2516.88,2512.45,2512.94,6508
2024.08.21 00:00:00,2512.91,2519.95,2510.88,2517.40,38323
2024.08.21 04:00:00,2517.40,2519.58,2508.18,2509.76,32562
2024.08.21 08:00:00,2509.75,2513.23,2504.49,2511.81,27887
2024.08.21 12:00:00,2511.76,2513.68,2493.40,2508.50,74735
2024.08.21 16:00:00,2508.37,2519.13,2503.17,2511.48,30803
2024.08.21 20:00:00,2511.46,2514.40,2509.76,2512.79,6605
2024.08.22 00:00:00,2512.70,2514.63,2499.93,2502.36,43722
2024.08.22 04:00:00,2502.36,2510.57,2499.30,2507.14,36723
2024.08.22 08:00:00,2507.09,2509.09,2497.55,2499.50,33167
2024.08.22 12:00:00,2499.53,2504.19,2470.76,2481.93,79630
2024.08.22 16:00:00,2481.93,2486.01,2478.56,2482.95,28099
2024.08.22 20:00:00,2482.98,2487.63,2482.48,2487.56,5745
2024.08.23 00:00:00,2487.56,2493.70,2486.50,2493.21,37526
2024.08.23 04:00:00,2493.20,2495.73,2490.62,2493.49,30617
2024.08.23 08:00:00,2493.47,2502.42,2493.06,2501.57,27618
2024.08.23 12:00:00,2501.57,2518.34,2494.41,2509.75,88222
2024.08.23 16:00:00,2509.75,2513.22,2501.74,2510.77,37418
2024.08.23 20:00:00,2510.79,2512.24,2509.54,2510.85,1880
2024.08.25 20:00:00,2511.96,2516.67,2511.00,2515.95,9541
2024.08.26 00:00:00,2515.95,2516.96,2509.36,2509.88,47273
2024.08.26 04:00:00,2509.88,2521.80,2508.72,2521.45,40486
2024.08.26 08:00:00,2521.45,2526.80,2520.73,2526.55,33149
2024.08.26 12:00:00,2526.55,2526.82,2510.63,2515.87,66128
2024.08.26 16:00:00,2515.87,2523.35,2513.60,2518.15,24458
2024.08.26 20:00:00,2518.16,2519.03,2514.61,2515.52,4347
2024.08.27 00:00:00,2515.52,2516.75,2505.64,2509.06,36247
2024.08.27 04:00:00,2509.07,2517.58,2504.55,2504.91,39539
2024.08.27 08:00:00,2504.91,2513.75,2503.52,2511.44,34911
2024.08.27 12:00:00,2511.44,2520.28,2503.58,2512.17,65520
2024.08.27 16:00:00,2512.17,2525.96,2509.92,2525.07,28006
2024.08.27 20:00:00,2525.06,2528.99,2523.78,2525.11,7728
2024.08.28 00:00:00,2525.31,2525.88,2513.29,2515.91,25799
2024.08.28 04:00:00,2515.91,2516.17,2503.33,2510.01,38565
2024.08.28 08:00:00,2510.00,2511.38,2500.72,2501.43,28649
2024.08.28 12:00:00,2501.43,2510.65,2493.65,2506.17,60064
2024.08.28 16:00:00,2506.17,2509.57,2496.42,2507.60,27203
2024.08.28 20:00:00,2507.62,2508.77,2502.86,2508.12,9463
2024.08.29 00:00:00,2508.13,2516.85,2507.96,2516.68,26414
2024.08.29 04:00:00,2516.68,2521.23,2513.74,2519.14,30701
2024.08.29 08:00:00,2519.16,2524.40,2515.13,2519.91,28943
2024.08.29 12:00:00,2519.93,2525.62,2503.64,2522.62,67705
2024.08.29 16:00:00,2522.62,2528.66,2517.42,2521.14,27878
2024.08.29 20:00:00,2521.16,2522.26,2518.90,2519.60,4814
2024.08.30 00:00:00,2519.62,2520.05,2512.27,2513.56,23933
2024.08.30 04:00:00,2513.55,2524.11,2512.20,2519.39,30652
2024.08.30 08:00:00,2519.39,2526.83,2515.02,2519.52,26205
2024.08.30 12:00:00,2519.47,2524.75,2500.24,2502.49,77297
2024.08.30 16:00:00,2502.48,2506.03,2494.15,2502.28,35594
2024.08.30 20:00:00,2502.29,2503.13,2501.86,2502.35,2224
2024.09.01 20:00:00,2502.81,2504.84,2501.95,2503.01,4157
2024.09.02 00:00:00,2503.01,2504.95,2490.05,2496.34,29179
2024.09.02 04:00:00,2496.35,2501.43,2495.26,2498.21,28618
2024.09.02 08:00:00,2498.21,2507.28,2496.82,2499.86,26899
2024.09.02 12:00:00,2499.84,2503.21,2497.69,2501.58,28757
2024.09.02 16:00:00,2501.58,2501.89,2498.58,2499.95,3570
2024.09.02 20:00:00,2498.58,2499.89,2496.11,2497.21,3238
2024.09.03 00:00:00,2497.24,2497.69,2489.73,2494.80,33173
2024.09.03 04:00:00,2494.79,2502.05,2492.74,2500.90,28815
2024.09.03 08:00:00,2500.88,2506.27,2484.79,2489.70,39645
2024.09.03 12:00:00,2489.70,2502.19,2473.60,2488.36,84816
2024.09.03 16:00:00,2488.36,2494.36,2483.95,2492.04,24955
2024.09.03 20:00:00,2492.06,2494.67,2491.35,2493.25,6610
2024.09.04 00:00:00,2493.26,2496.88,2491.31,2495.07,26852
2024.09.04 04:00:00,2495.08,2496.73,2482.00,2482.18,29737
2024.09.04 08:00:00,2482.19,2491.22,2471.87,2489.23,40150
2024.09.04 12:00:00,2489.25,2500.28,2482.12,2494.08,68422
2024.09.04 16:00:00,2494.08,2497.95,2491.50,2493.40,23709
2024.09.04 20:00:00,2493.40,2496.94,2492.09,2495.87,5807
2024.09.05 00:00:00,2495.90,2499.32,2494.48,2494.86,25869
2024.09.05 04:00:00,2494.80,2507.56,2493.85,2506.41,32277
2024.09.05 08:00:00,2506.43,2518.38,2505.98,2515.19,38157
2024.09.05 12:00:00,2515.19,2523.48,2503.92,2507.16,81726
2024.09.05 16:00:00,2507.16,2516.86,2506.10,2514.87,23845
2024.09.05 20:00:00,2514.88,2517.97,2514.84,2517.27,5718
2024.09.06 00:00:00,2517.31,2518.39,2513.03,2518.26,21862
2024.09.06 04:00:00,2518.23,2521.85,2516.36,2516.51,27615
2024.09.06 08:00:00,2516.51,2520.32,2514.73,2516.31,24750
2024.09.06 12:00:00,2516.30,2529.17,2500.50,2505.55,121000
2024.09.06 16:00:00,2505.53,2505.77,2485.09,2495.91,57225
2024.09.06 20:00:00,2495.89,2496.64,2494.76,2496.13,2006
2024.09.08 20:00:00,2496.97,2498.29,2495.53,2496.89,6580
2024.09.09 00:00:00,2496.89,2500.49,2494.71,2499.29,36844
2024.09.09 04:00:00,2499.28,2499.51,2485.56,2494.32,52657
2024.09.09 08:00:00,2494.30,2499.16,2490.03,2497.21,37653
2024.09.09 12:00:00,2497.25,2505.28,2493.22,2499.13,58908
2024.09.09 16:00:00,2499.13,2506.48,2499.13,2505.95,27125
2024.09.09 20:00:00,2505.97,2507.66,2505.24,2506.76,6116
2024.09.10 00:00:00,2506.75,2507.45,2501.46,2502.52,30183
2024.09.10 04:00:00,2502.54,2507.71,2500.79,2502.78,30091
2024.09.10 08:00:00,2502.78,2509.64,2500.15,2504.58,35561
2024.09.10 12:00:00,2504.55,2518.40,2500.86,2512.73,69222
2024.09.10 16:00:00,2512.78,2517.45,2510.69,2517.24,31122
2024.09.10 20:00:00,2517.23,2518.79,2515.72,2518.63,6054
2024.09.11 00:00:00,2518.62,2522.55,2514.95,2519.40,36500
2024.09.11 04:00:00,2519.42,2529.04,2518.61,2521.50,39511
2024.09.11 08:00:00,2521.49,2527.21,2519.79,2522.24,30290
2024.09.11 12:00:00,2522.18,2523.37,2500.67,2514.82,101619
2024.09.11 16:00:00,2514.81,2520.00,2509.78,2512.98,37157
2024.09.11 20:00:00,2512.98,2513.88,2511.18,2511.94,5742
2024.09.12 00:00:00,2511.92,2516.08,2511.02,2515.86,29917
2024.09.12 04:00:00,2515.86,2522.26,2514.47,2515.91,28256
2024.09.12 08:00:00,2515.89,2521.04,2513.02,2519.53,30678
2024.09.12 12:00:00,2519.59,2555.10,2518.84,2553.27,102294
2024.09.12 16:00:00,2553.20,2559.05,2544.85,2557.88,51791
2024.09.12 20:00:00,2557.87,2560.06,2556.65,2558.49,10428
2024.09.13 00:00:00,2558.47,2570.04,2556.77,2567.96,42516
2024.09.13 04:00:00,2567.98,2571.07,2563.11,2569.78,43218
2024.09.13 08:00:00,2569.77,2572.94,2563.68,2567.36,39438
2024.09.13 12:00:00,2567.37,2583.42,2566.06,2582.24,72684
2024.09.13 16:00:00,2582.24,2586.05,2578.65,2582.63,38013
2024.09.13 20:00:00,2582.56,2582.87,2579.72,2580.48,2038
2024.09.15 20:00:00,2578.76,2580.45,2577.57,2579.24,6849
2024.09.16 00:00:00,2579.16,2588.97,2578.87,2586.37,19886
2024.09.16 04:00:00,2586.38,2589.65,2579.56,2582.16,28808
2024.09.16 08:00:00,2582.12,2588.50,2575.17,2583.02,34901
2024.09.16 12:00:00,2583.04,2589.34,2576.13,2579.97,60412
2024.09.16 16:00:00,2579.98,2584.13,2579.57,2582.57,25740
2024.09.16 20:00:00,2582.56,2583.95,2581.48,2583.73,5766
2024.09.17 00:00:00,2583.73,2586.29,2576.80,2577.20,25272
2024.09.17 04:00:00,2577.16,2586.92,2574.59,2583.84,28993
2024.09.17 08:00:00,2583.83,2584.16,2569.58,2579.81,39523
2024.09.17 12:00:00,2579.81,2582.22,2561.77,2565.65,76618
2024.09.17 16:00:00,2565.65,2571.68,2560.79,2568.65,38502
2024.09.17 20:00:00,2568.66,2574.39,2568.28,2574.03,7243
2024.09.18 00:00:00,2574.03,2576.47,2570.03,2575.93,37336
2024.09.18 04:00:00,2575.93,2576.45,2565.75,2571.58,34444
2024.09.18 08:00:00,2571.58,2580.75,2567.90,2577.45,30225
2024.09.18 12:00:00,2577.46,2578.90,2568.03,2569.72,58398
2024.09.18 16:00:00,2569.72,2600.15,2546.81,2549.09,108627
2024.09.18 20:00:00,2549.06,2561.55,2548.36,2559.32,19881
2024.09.19 00:00:00,2559.32,2566.72,2550.89,2564.04,53575
2024.09.19 04:00:00,2564.08,2584.65,2559.57,2584.39,50718
2024.09.19 08:00:00,2584.38,2594.87,2581.41,2589.42,51610
2024.09.19 12:00:00,2589.42,2591.26,2569.74,2589.05,95720
2024.09.19 16:00:00,2589.05,2592.63,2585.94,2588.36,33287
2024.09.19 20:00:00,2588.36,2589.72,2585.70,2587.26,6753
2024.09.20 00:00:00,2587.26,2593.61,2584.80,2591.43,36812
2024.09.20 04:00:00,2591.46,2609.77,2591.40,2607.17,38491
2024.09.20 08:00:00,2607.14,2615.50,2602.49,2613.72,42345
2024.09.20 12:00:00,2613.72,2623.00,2602.62,2622.87,88913
2024.09.20 16:00:00,2622.87,2625.77,2617.82,2621.08,43043
2024.09.20 20:00:00,2621.10,2621.69,2619.03,2621.09,2754
2024.09.22 20:00:00,2621.04,2622.03,2619.62,2620.22,5097
2024.09.23 00:00:00,2620.21,2631.12,2616.06,2628.53,29777
2024.09.23 04:00:00,2628.52,2631.33,2613.87,2615.14,36068
2024.09.23 08:00:00,2615.12,2625.76,2614.64,2624.04,39271
2024.09.23 12:00:00,2624.05,2634.86,2620.06,2629.29,69437
2024.09.23 16:00:00,2629.29,2630.86,2625.69,2626.29,34431
2024.09.23 20:00:00,2626.28,2629.15,2625.87,2626.36,6561
2024.09.24 00:00:00,2626.36,2636.10,2623.87,2634.02,40103
2024.09.24 04:00:00,2634.01,2640.13,2622.64,2628.93,52907
2024.09.24 08:00:00,2628.94,2636.23,2623.36,2626.39,43921
2024.09.24 12:00:00,2626.40,2648.41,2623.50,2643.15,89396
2024.09.24 16:00:00,2643.15,2664.34,2642.43,2662.67,51342
2024.09.24 20:00:00,2662.68,2663.67,2655.43,2658.17,11310
2024.09.25 00:00:00,2658.18,2670.56,2655.53,2661.50,47678
2024.09.25 04:00:00,2661.51,2661.67,2651.59,2656.94,44277
2024.09.25 08:00:00,2656.96,2658.56,2652.68,2657.40,36887
2024.09.25 12:00:00,2657.36,2667.44,2654.23,2657.75,76770
2024.09.25 16:00:00,2657.74,2662.98,2649.87,2659.70,36603
2024.09.25 20:00:00,2659.71,2660.29,2656.25,2656.35,9565
2024.09.26 00:00:00,2656.35,2662.53,2655.41,2662.53,31906
2024.09.26 04:00:00,2662.54,2666.91,2658.00,2664.67,39990
2024.09.26 08:00:00,2664.66,2685.59,2664.63,2682.81,50011
2024.09.26 12:00:00,2682.82,2684.21,2654.83,2671.36,106443
2024.09.26 16:00:00,2671.36,2677.84,2662.96,2673.65,41857
2024.09.26 20:00:00,2673.67,2674.03,2670.80,2672.66,7534
2024.09.27 00:00:00,2672.65,2673.99,2666.23,2673.68,45783
2024.09.27 04:00:00,2673.69,2673.94,2660.96,2664.69,56859
2024.09.27 08:00:00,2664.70,2669.20,2658.35,2666.13,45054
2024.09.27 12:00:00,2666.15,2674.29,2644.81,2649.80,88273
2024.09.27 16:00:00,2649.80,2656.34,2643.09,2652.09,48883
2024.09.27 20:00:00,2652.02,2653.96,2651.17,2653.45,2395
2024.09.29 20:00:00,2661.64,2665.07,2659.86,2663.56,10479
2024.09.30 00:00:00,2663.58,2665.94,2647.37,2653.57,48848
2024.09.30 04:00:00,2653.56,2660.63,2650.67,2650.93,38810
2024.09.30 08:00:00,2650.83,2656.60,2634.48,2641.58,47629
2024.09.30 12:00:00,2641.59,2644.19,2628.76,2633.92,80522
2024.09.30 16:00:00,2633.92,2641.85,2624.67,2631.01,54198
2024.09.30 20:00:00,2631.03,2636.29,2630.76,2635.70,7216
2024.10.01 00:00:00,2635.71,2639.99,2633.95,2637.97,18499
2024.10.01 04:00:00,2637.98,2647.48,2637.43,2645.59,31439
2024.10.01 08:00:00,2645.62,2652.07,2642.42,2650.21,37577
2024.10.01 12:00:00,2650.20,2671.89,2647.99,2663.43,88656
2024.10.01 16:00:00,2663.43,2673.15,2657.57,2658.69,50256
2024.10.01 20:00:00,2658.70,2664.04,2657.88,2660.35,7372
2024.10.02 00:00:00,2660.37,2662.01,2655.11,2655.37,25776
2024.10.02 04:00:00,2655.36,2656.51,2644.54,2655.43,35746
2024.10.02 08:00:00,2655.42,2655.83,2647.99,2649.54,32506
2024.10.02 12:00:00,2649.54,2663.35,2641.12,2649.92,76788
2024.10.02 16:00:00,2649.92,2658.94,2647.19,2658.61,28404
2024.10.02 20:00:00,2658.62,2661.19,2658.31,2660.25,9318
2024.10.03 00:00:00,2660.26,2662.88,2653.32,2655.97,26613
2024.10.03 04:00:00,2655.97,2657.45,2643.49,2645.26,37608
2024.10.03 08:00:00,2645.26,2649.00,2640.98,2648.01,39279
2024.10.03 12:00:00,2648.00,2654.57,2639.74,2648.86,82698
2024.10.03 16:00:00,2648.86,2662.10,2648.57,2657.93,34520
2024.10.03 20:00:00,2657.91,2657.94,2654.34,2655.80,6059
2024.10.04 00:00:00,2655.80,2663.61,2655.49,2661.15,22880
2024.10.04 04:00:00,2661.15,2667.82,2658.74,2661.02,27645
2024.10.04 08:00:00,2661.06,2662.55,2656.87,2661.33,26166
2024.10.04 12:00:00,2661.40,2670.20,2631.98,2653.19,106153
2024.10.04 16:00:00,2653.20,2653.80,2641.85,2651.62,42542
2024.10.04 20:00:00,2651.63,2652.42,2649.85,2651.99,2235
2024.10.06 20:00:00,2651.62,2652.43,2649.70,2650.20,5683
2024.10.07 00:00:00,2650.21,2651.93,2643.83,2647.40,27743
2024.10.07 04:00:00,2647.38,2652.91,2639.71,2652.05,30870
2024.10.07 08:00:00,2652.08,2659.67,2650.70,2656.94,36533
2024.10.07 12:00:00,2656.94,2659.27,2637.75,2645.66,73624
2024.10.07 16:00:00,2645.66,2648.78,2639.68,2643.23,26665
2024.10.07 20:00:00,2643.24,2649.13,2641.76,2643.02,9512
2024.10.08 00:00:00,2643.03,2648.23,2633.75,2642.95,59672
2024.10.08 04:00:00,2642.96,2646.44,2631.18,2634.00,44305
2024.10.08 08:00:00,2633.98,2651.91,2628.54,2650.72,49740
2024.10.08 12:00:00,2650.73,2653.02,2604.78,2612.97,99415
2024.10.08 16:00:00,2612.97,2623.65,2605.45,2622.96,46017
2024.10.08 20:00:00,2622.96,2623.77,2618.88,2621.99,9035
2024.10.09 00:00:00,2622.00,2624.21,2614.93,2617.15,41105
2024.10.09 04:00:00,2617.15,2624.32,2609.15,2611.66,40174
2024.10.09 08:00:00,2611.65,2622.38,2610.49,2619.01,34307
2024.10.09 12:00:00,2619.02,2622.35,2605.30,2614.81,66661
2024.10.09 16:00:00,2614.82,2615.80,2605.16,2609.16,32093
2024.10.09 20:00:00,2609.15,2609.43,2606.90,2608.43,5927
2024.10.10 00:00:00,2608.47,2616.88,2605.94,2611.76,40399
2024.10.10 04:00:00,2611.72,2617.06,2610.23,2616.71,34913
2024.10.10 08:00:00,2616.72,2618.88,2611.25,2613.04,26920
2024.10.10 12:00:00,2613.05,2629.77,2612.81,2623.60,101579
2024.10.10 16:00:00,2623.63,2631.37,2616.51,2629.09,44820
2024.10.10 20:00:00,2629.07,2635.89,2627.90,2633.16,8794
2024.10.11 00:00:00,2633.17,2646.05,2632.02,2645.49,40511
2024.10.11 04:00:00,2645.53,2647.21,2638.04,2645.39,31331
2024.10.11 08:00:00,2645.36,2646.18,2636.17,2644.70,26738
2024.10.11 12:00:00,2644.70,2659.22,2640.62,2658.79,73837
2024.10.11 16:00:00,2658.79,2661.40,2655.20,2656.12,32222
2024.10.11 20:00:00,2656.12,2656.86,2654.72,2656.77,1664
2024.10.13 20:00:00,2649.72,2652.54,2646.90,2648.06,8836
2024.10.14 00:00:00,2648.10,2657.42,2643.17,2655.59,38633
2024.10.14 04:00:00,2655.59,2666.81,2655.30,2660.46,28982
2024.10.14 08:00:00,2660.48,2663.00,2651.05,2652.14,25908
2024.10.14 12:00:00,2652.11,2661.22,2643.96,2646.73,60011
2024.10.14 16:00:00,2646.73,2652.58,2645.84,2652.46,20733
2024.10.14 20:00:00,2652.48,2653.34,2646.15,2649.41,6339
2024.10.15 00:00:00,2649.39,2652.72,2644.39,2645.69,30755
2024.10.15 04:00:00,2645.70,2653.93,2638.06,2650.74,40152
2024.10.15 08:00:00,2650.74,2656.75,2645.61,2647.73,35358
2024.10.15 12:00:00,2647.72,2665.14,2646.05,2664.61,80132
2024.10.15 16:00:00,2664.61,2668.89,2659.00,2661.65,41298
2024.10.15 20:00:00,2661.65,2663.15,2660.26,2660.47,6018
2024.10.16 00:00:00,2660.46,2670.08,2658.69,2667.14,41353
2024.10.16 04:00:00,2667.13,2677.70,2665.59,2676.13,40238
2024.10.16 08:00:00,2676.13,2682.74,2672.96,2678.36,39764
2024.10.16 12:00:00,2678.36,2685.27,2667.58,2670.01,75835
2024.10.16 16:00:00,2670.00,2676.67,2666.73,2674.74,26536
2024.10.16 20:00:00,2674.74,2674.96,2672.85,2674.07,4471
2024.10.17 00:00:00,2674.09,2684.87,2674.06,2676.73,46114
2024.10.17 04:00:00,2676.74,2685.74,2676.49,2682.02,43261
2024.10.17 08:00:00,2682.01,2688.76,2676.96,2681.30,36323
2024.10.17 12:00:00,2681.30,2696.79,2673.17,2693.28,88488
2024.10.17 16:00:00,2693.28,2694.16,2683.96,2691.99,28807
2024.10.17 20:00:00,2691.98,2694.41,2690.93,2693.76,4690
2024.10.18 00:00:00,2693.75,2711.94,2692.82,2710.02,50198
2024.10.18 04:00:00,2709.99,2714.05,2702.26,2702.29,43913
2024.10.18 08:00:00,2702.30,2713.15,2701.67,2709.85,44171
2024.10.18 12:00:00,2709.85,2720.11,2704.96,2714.84,72068
2024.10.18 16:00:00,2714.84,2721.25,2713.60,2719.69,32115
2024.10.18 20:00:00,2719.67,2722.07,2719.17,2721.39,2680
2024.10.20 20:00:00,2722.96,2725.09,2720.38,2723.46,6904
2024.10.21 00:00:00,2723.47,2732.81,2721.04,2731.54,47615
2024.10.21 04:00:00,2731.54,2732.46,2723.60,2730.39,38187
2024.10.21 08:00:00,2730.39,2738.07,2727.77,2734.45,42987
2024.10.21 12:00:00,2734.45,2740.54,2716.87,2720.09,79989
2024.10.21 16:00:00,2720.09,2725.61,2714.17,2719.90,35744
2024.10.21 20:00:00,2719.89,2722.62,2718.84,2721.48,6780
2024.10.22 00:00:00,2721.45,2733.13,2720.66,2730.96,36017
2024.10.22 04:00:00,2730.94,2737.12,2729.04,2733.68,35646
2024.10.22 08:00:00,2733.65,2739.33,2729.51,2732.01,41058
2024.10.22 12:00:00,2732.02,2744.20,2731.60,2737.58,72066
2024.10.22 16:00:00,2737.57,2748.87,2737.19,2748.36,36521
2024.10.22 20:00:00,2748.37,2748.99,2745.88,2746.53,7369
2024.10.23 00:00:00,2746.54,2747.17,2737.93,2746.10,37675
2024.10.23 04:00:00,2746.12,2755.60,2745.32,2754.96,38856
2024.10.23 08:00:00,2754.93,2758.44,2749.15,2749.92,34866
2024.10.23 12:00:00,2749.89,2750.48,2708.69,2721.81,95128
2024.10.23 16:00:00,2721.81,2723.29,2711.99,2716.17,45171
2024.10.23 20:00:00,2716.19,2721.93,2714.21,2721.34,7606
2024.10.24 00:00:00,2721.32,2726.74,2717.86,2722.98,37732
2024.10.24 04:00:00,2722.94,2737.07,2722.85,2733.61,39510
2024.10.24 08:00:00,2733.61,2739.68,2732.48,2738.65,36775
2024.10.24 12:00:00,2738.60,2743.28,2722.44,2731.12,77564
2024.10.24 16:00:00,2731.12,2737.76,2725.82,2736.93,30130
2024.10.24 20:00:00,2736.93,2737.06,2733.66,2733.81,5424
2024.10.25 00:00:00,2733.76,2735.14,2724.42,2726.04,30533
2024.10.25 04:00:00,2726.02,2732.57,2723.95,2726.45,31162
2024.10.25 08:00:00,2726.44,2729.54,2717.03,2724.17,34777
2024.10.25 12:00:00,2724.17,2742.07,2723.27,2737.11,59815
2024.10.25 16:00:00,2737.11,2745.06,2734.00,2742.52,28528
2024.10.25 20:00:00,2742.52,2746.06,2742.51,2745.32,2739
2024.10.27 20:00:00,2733.78,2740.23,2730.28,2735.80,12348
2024.10.28 00:00:00,2735.80,2736.32,2724.71,2729.69,34374
2024.10.28 04:00:00,2729.67,2744.53,2729.16,2738.92,30780
2024.10.28 08:00:00,2738.98,2740.86,2727.86,2732.27,30194
2024.10.28 12:00:00,2732.28,2745.94,2731.28,2740.73,53036
2024.10.28 16:00:00,2740.73,2744.99,2740.04,2742.50,23633
2024.10.28 20:00:00,2742.49,2744.47,2739.85,2744.45,7250
2024.10.29 00:00:00,2744.44,2757.71,2743.28,2751.73,35928
2024.10.29 04:00:00,2751.73,2756.81,2748.98,2752.47,27121
2024.10.29 08:00:00,2752.48,2756.59,2746.32,2751.84,34662
2024.10.29 12:00:00,2751.84,2771.68,2748.27,2764.23,71961
2024.10.29 16:00:00,2764.23,2774.78,2764.18,2772.16,35051
2024.10.29 20:00:00,2772.14,2775.40,2771.86,2775.02,7013
2024.10.30 00:00:00,2775.02,2782.14,2774.87,2778.99,37259
2024.10.30 04:00:00,2778.98,2789.76,2777.40,2782.25,31910
2024.10.30 08:00:00,2782.27,2786.43,2778.28,2778.59,28270
2024.10.30 12:00:00,2778.60,2787.50,2770.89,2784.69,78558
2024.10.30 16:00:00,2784.69,2790.01,2783.02,2787.34,32478
2024.10.30 20:00:00,2787.35,2788.48,2784.75,2785.44,7763
2024.10.31 00:00:00,2785.44,2790.14,2783.59,2784.57,29145
2024.10.31 04:00:00,2784.62,2786.64,2778.10,2782.03,30829
2024.10.31 08:00:00,2782.03,2783.07,2773.35,2779.52,35069
2024.10.31 12:00:00,2779.52,2781.99,2731.56,2740.62,92097
2024.10.31 16:00:00,2740.63,2749.76,2738.00,2746.50,41290
2024.10.31 20:00:00,2746.50,2748.16,2743.31,2746.71,7964
2024.11.01 00:00:00,2746.71,2751.99,2744.85,2751.76,35592
2024.11.01 04:00:00,2751.76,2757.66,2747.12,2749.67,29520
2024.11.01 08:00:00,2749.67,2755.47,2744.82,2752.93,33834
2024.11.01 12:00:00,2752.93,2762.20,2739.69,2744.72,84798
2024.11.01 16:00:00,2744.74,2746.16,2733.16,2734.13,40618
2024.11.01 20:00:00,2734.13,2735.03,2733.26,2734.47,2937
2024.11.03 20:00:00,2732.49,2740.33,2732.49,2738.37,5187
2024.11.04 00:00:00,2738.37,2742.44,2735.27,2740.97,32756
2024.11.04 04:00:00,2740.97,2744.76,2735.10,2735.83,31975
2024.11.04 08:00:00,2735.83,2745.20,2731.90,2740.62,36545
2024.11.04 12:00:00,2740.62,2748.16,2737.70,2738.51,60424
2024.11.04 16:00:00,2738.51,2739.69,2731.71,2738.32,39252
2024.11.04 20:00:00,2738.32,2738.61,2735.95,2736.04,10482
2024.11.05 00:00:00,2736.04,2736.66,2724.70,2735.28,31592
2024.11.05 04:00:00,2735.28,2741.34,2731.76,2736.46,27340
2024.11.05 08:00:00,2736.46,2745.05,2732.09,2741.68,34493
2024.11.05 12:00:00,2741.68,2749.97,2733.02,2742.02,59450
2024.11.05 16:00:00,2742.02,2744.54,2736.34,2740.46,34091
2024.11.05 20:00:00,2740.46,2746.42,2739.66,2745.67,10884
2024.11.06 00:00:00,2745.66,2749.71,2730.69,2734.12,73245
2024.11.06 04:00:00,2734.12,2743.63,2701.42,2725.89,81072
2024.11.06 08:00:00,2725.80,2733.78,2696.07,2699.40,60448
2024.11.06 12:00:00,2699.21,2708.03,2652.40,2675.77,104470
2024.11.06 16:00:00,2675.77,2678.19,2661.60,2667.08,53324
2024.11.06 20:00:00,2667.08,2667.73,2659.01,2664.02,15663
2024.11.07 00:00:00,2664.02,2664.21,2643.71,2659.21,48428
2024.11.07 04:00:00,2659.21,2667.66,2652.82,2663.30,40330
2024.11.07 08:00:00,2663.30,2668.41,2657.41,2666.30,38755
2024.11.07 12:00:00,2666.30,2700.18,2664.32,2698.81,73403
2024.11.07 16:00:00,2698.81,2700.32,2687.48,2694.36,54737
2024.11.07 20:00:00,2694.36,2710.24,2692.84,2706.93,21611
2024.11.08 00:00:00,2706.93,2710.34,2694.11,2695.21,34076
2024.11.08 04:00:00,2695.21,2696.33,2680.34,2687.38,33907
2024.11.08 08:00:00,2687.38,2694.98,2681.91,2691.88,46885
2024.11.08 12:00:00,2691.88,2704.09,2683.41,2687.52,74368
2024.11.08 16:00:00,2687.52,2689.30,2682.88,2687.09,41155
2024.11.08 20:00:00,2687.09,2688.54,2682.86,2683.89,8925
2024.11.10 20:00:00,2683.47,2685.71,2681.43,2685.62,3537
2024.11.11 00:00:00,2685.62,2686.16,2666.48,2670.26,35779
2024.11.11 04:00:00,2670.26,2674.31,2666.94,2669.59,38332
2024.11.11 08:00:00,2669.60,2675.35,2658.99,2662.56,45699
2024.11.11 12:00:00,2662.56,2663.14,2613.45,2614.54,78793
2024.11.11 16:00:00,2614.54,2620.63,2610.63,2619.28,38880
2024.11.11 20:00:00,2619.28,2626.18,2619.13,2624.01,10958
2024.11.12 00:00:00,2624.01,2627.16,2618.83,2619.01,34219
2024.11.12 04:00:00,2619.00,2619.15,2595.27,2598.29,46956
2024.11.12 08:00:00,2598.26,2606.55,2589.66,2597.88,50822
2024.11.12 12:00:00,2597.88,2617.04,2597.35,2598.50,75942
2024.11.12 16:00:00,2598.47,2604.15,2592.44,2598.16,48103
2024.11.12 20:00:00,2598.16,2601.35,2595.11,2598.95,11784
2024.11.13 00:00:00,2598.95,2613.25,2598.07,2611.55,35890
2024.11.13 04:00:00,2611.54,2612.35,2603.55,2606.16,30404
2024.11.13 08:00:00,2606.16,2611.67,2601.02,2610.81,37129
2024.11.13 12:00:00,2610.81,2618.85,2593.58,2605.42,81688
2024.11.13 16:00:00,2605.40,2605.99,2577.60,2580.95,55802
2024.11.13 20:00:00,2580.95,2581.40,2569.12,2570.89,18175
2024.11.14 00:00:00,2570.89,2574.71,2558.92,2560.71,42600
2024.11.14 04:00:00,2560.72,2565.28,2550.39,2556.96,44386
2024.11.14 08:00:00,2556.96,2559.83,2536.83,2553.67,54130
2024.11.14 12:00:00,2553.66,2572.98,2550.06,2570.26,82971
2024.11.14 16:00:00,2570.26,2577.46,2567.17,2576.02,47339
2024.11.14 20:00:00,2576.02,2576.35,2563.91,2566.90,25044
2024.11.15 00:00:00,2566.90,2571.70,2563.05,2567.74,32065
2024.11.15 04:00:00,2567.74,2569.55,2554.48,2563.79,31975
2024.11.15 08:00:00,2563.79,2573.33,2560.84,2570.75,46742
2024.11.15 12:00:00,2570.75,2576.09,2561.17,2570.84,87222
2024.11.15 16:00:00,2570.84,2573.29,2559.48,2563.85,50577
2024.11.15 20:00:00,2563.84,2563.89,2559.79,2561.49,10265
2024.11.17 20:00:00,2567.76,2575.53,2567.76,2571.43,5362
2024.11.18 00:00:00,2571.42,2597.23,2569.85,2589.88,46382
2024.11.18 04:00:00,2589.88,2593.16,2580.43,2582.92,38359
2024.11.18 08:00:00,2582.92,2597.28,2582.06,2594.38,44697
2024.11.18 12:00:00,2594.38,2613.39,2590.36,2612.94,57822
2024.11.18 16:00:00,2612.94,2615.09,2607.36,2609.84,33987
2024.11.18 20:00:00,2609.84,2613.05,2608.24,2612.59,9645
2024.11.19 00:00:00,2612.59,2625.56,2610.98,2624.50,32333
2024.11.19 04:00:00,2624.50,2626.69,2617.73,2619.09,33267
2024.11.19 08:00:00,2619.09,2636.50,2618.71,2629.59,46542
2024.11.19 12:00:00,2629.59,2639.49,2620.97,2624.48,68337
2024.11.19 16:00:00,2624.48,2633.18,2622.35,2630.74,37263
2024.11.19 20:00:00,2630.74,2635.52,2630.27,2635.18,8535
2024.11.20 00:00:00,2635.18,2641.77,2634.69,2637.97,27030
2024.11.20 04:00:00,2637.97,2638.78,2621.25,2621.58,32436
2024.11.20 08:00:00,2621.58,2628.17,2618.86,2628.06,36050
2024.11.20 12:00:00,2628.06,2648.94,2627.07,2648.86,52547
2024.11.20 16:00:00,2648.84,2655.43,2645.48,2650.89,37104
2024.11.20 20:00:00,2650.89,2652.89,2647.26,2652.18,11956
2024.11.21 00:00:00,2652.18,2660.48,2650.43,2656.98,27932
2024.11.21 04:00:00,2656.97,2664.73,2654.63,2663.12,29137
2024.11.21 08:00:00,2663.12,2673.52,2662.02,2671.48,37618
2024.11.21 12:00:00,2671.48,2671.78,2660.42,2667.69,60453
2024.11.21 16:00:00,2667.69,2673.49,2661.34,2669.64,39250
2024.11.21 20:00:00,2669.65,2671.87,2668.07,2669.19,10745
2024.11.22 00:00:00,2669.18,2690.48,2668.89,2686.18,34259
2024.11.22 04:00:00,2686.18,2699.04,2682.97,2696.43,35700
2024.11.22 08:00:00,2696.43,2710.14,2693.53,2698.88,51470
2024.11.22 12:00:00,2698.88,2705.10,2684.45,2703.69,57252
2024.11.22 16:00:00,2703.69,2711.46,2700.84,2708.21,30572
2024.11.22 20:00:00,2708.18,2712.04,2705.07,2711.95,8683
2024.11.24 20:00:00,2710.97,2721.37,2710.71,2719.85,6340
2024.11.25 00:00:00,2719.85,2720.19,2660.86,2672.33,46659
2024.11.25 04:00:00,2672.33,2676.35,2658.22,2667.85,42433
2024.11.25 08:00:00,2667.85,2688.77,2667.20,2686.86,35106
2024.11.25 12:00:00,2686.86,2687.93,2626.25,2628.38,66166
2024.11.25 16:00:00,2628.38,2639.40,2615.60,2625.76,38135
2024.11.25 20:00:00,2625.76,2628.72,2605.26,2610.57,14981
2024.11.26 00:00:00,2610.57,2632.16,2608.64,2630.41,41944
2024.11.26 04:00:00,2630.40,2631.42,2610.85,2614.09,29422
2024.11.26 08:00:00,2614.09,2633.26,2612.49,2633.25,34715
2024.11.26 12:00:00,2633.25,2642.04,2616.79,2629.55,56728
2024.11.26 16:00:00,2629.55,2631.45,2619.58,2628.08,32312
2024.11.26 20:00:00,2628.09,2634.13,2618.01,2632.25,10150
2024.11.27 00:00:00,2632.25,2640.55,2627.04,2637.81,24961
2024.11.27 04:00:00,2637.81,2648.49,2636.68,2646.60,24984
2024.11.27 08:00:00,2646.60,2653.91,2643.24,2651.13,30095
2024.11.27 12:00:00,2651.13,2658.23,2635.54,2642.67,51985
2024.11.27 16:00:00,2642.67,2644.39,2633.76,2634.76,30485
2024.11.27 20:00:00,2634.76,2639.01,2634.25,2637.03,7596
2024.11.28 00:00:00,2637.03,2638.45,2620.94,2630.39,33655
2024.11.28 04:00:00,2630.39,2639.58,2629.39,2637.28,26325
2024.11.28 08:00:00,2637.26,2649.70,2635.70,2646.92,23803
2024.11.28 12:00:00,2646.92,2647.98,2636.28,2638.21,34668
2024.11.28 16:00:00,2638.21,2642.48,2637.57,2640.48,9302
2024.11.28 20:00:00,2638.56,2639.23,2637.19,2638.77,1787
2024.11.29 00:00:00,2638.77,2662.74,2634.02,2660.08,35902
2024.11.29 04:00:00,2660.08,2666.35,2658.39,2660.57,29574
2024.11.29 08:00:00,2660.57,2665.87,2654.46,2659.64,29835
2024.11.29 12:00:00,2659.64,2664.95,2650.64,2658.95,49887
2024.11.29 16:00:00,2658.96,2662.28,2654.91,2655.26,23251
2024.12.01 20:00:00,2648.62,2650.25,2643.01,2645.75,4090
2024.12.02 00:00:00,2645.93,2647.67,2622.88,2629.30,43079
2024.12.02 04:00:00,2629.30,2633.61,2621.85,2629.87,39586
2024.12.02 08:00:00,2629.87,2646.32,2626.58,2641.86,38052
2024.12.02 12:00:00,2641.86,2651.82,2637.12,2642.28,56848
2024.12.02 16:00:00,2642.28,2644.36,2633.53,2637.64,32918
2024.12.02 20:00:00,2637.64,2644.23,2635.25,2642.19,11212
2024.12.03 00:00:00,2642.19,2645.30,2634.11,2640.50,34234
2024.12.03 04:00:00,2640.49,2650.12,2637.15,2644.67,30908
2024.12.03 08:00:00,2644.66,2648.09,2639.19,2643.66,32677
2024.12.03 12:00:00,2643.66,2655.65,2635.22,2640.46,59161
2024.12.03 16:00:00,2640.46,2649.17,2638.92,2640.95,34304
2024.12.03 20:00:00,2640.95,2644.25,2640.69,2642.75,8352
2024.12.04 00:00:00,2642.75,2648.14,2637.68,2644.46,29022
2024.12.04 04:00:00,2644.46,2651.39,2640.35,2641.48,28459
2024.12.04 08:00:00,2641.48,2647.71,2636.68,2646.25,32566
2024.12.04 12:00:00,2646.25,2657.12,2632.41,2655.02,57832
2024.12.04 16:00:00,2655.03,2655.60,2646.82,2651.69,32682
2024.12.04 20:00:00,2651.69,2651.91,2648.02,2650.37,10162
2024.12.05 00:00:00,2650.37,2650.72,2644.64,2648.93,23425
2024.12.05 04:00:00,2648.93,2655.52,2645.39,2648.77,27438
2024.12.05 08:00:00,2648.77,2652.67,2641.86,2651.34,27575
2024.12.05 12:00:00,2651.34,2654.52,2631.89,2640.22,54237
2024.12.05 16:00:00,2640.22,2643.38,2623.52,2629.80,38329
2024.12.05 20:00:00,2629.80,2633.85,2628.00,2633.75,8606
2024.12.06 00:00:00,2633.75,2642.51,2613.23,2640.81,33308
2024.12.06 04:00:00,2640.81,2644.32,2635.31,2639.74,24227
2024.12.06 08:00:00,2639.74,2645.71,2632.50,2638.46,27240
2024.12.06 12:00:00,2638.46,2643.39,2624.08,2637.57,67717
2024.12.06 16:00:00,2637.57,2641.63,2633.01,2634.83,29640
2024.12.06 20:00:00,2634.83,2636.35,2631.11,2632.84,5859
2024.12.08 20:00:00,2643.27,2648.33,2636.29,2640.05,4549
2024.12.09 00:00:00,2640.05,2650.57,2627.49,2638.82,40998
2024.12.09 04:00:00,2638.82,2651.18,2634.58,2650.51,36468
2024.12.09 08:00:00,2650.51,2660.44,2646.10,2656.30,33353
2024.12.09 12:00:00,2656.26,2676.39,2653.33,2668.31,57745
2024.12.09 16:00:00,2668.31,2670.54,2658.85,2660.13,30119
2024.12.09 20:00:00,2660.13,2661.65,2656.70,2660.51,9201
2024.12.10 00:00:00,2660.51,2671.71,2657.91,2669.97,33988
2024.12.10 04:00:00,2669.97,2673.82,2663.60,2664.62,28079
2024.12.10 08:00:00,2664.62,2676.79,2661.18,2674.56,32142
2024.12.10 12:00:00,2674.56,2691.77,2672.26,2687.44,50506
2024.12.10 16:00:00,2687.44,2695.61,2684.60,2691.97,27169
2024.12.10 20:00:00,2691.98,2698.25,2690.97,2695.95,9073
2024.12.11 00:00:00,2695.95,2704.22,2691.76,2695.49,32990
2024.12.11 04:00:00,2695.49,2697.98,2674.92,2689.90,35009
2024.12.11 08:00:00,2689.98,2699.73,2685.73,2696.40,54762
2024.12.11 12:00:00,2696.40,2715.95,2690.54,2713.09,62433
2024.12.11 16:00:00,2713.09,2721.15,2711.07,2718.01,41960
2024.12.11 20:00:00,2718.01,2720.34,2716.02,2719.95,10670
2024.12.12 00:00:00,2719.95,2726.09,2698.82,2710.31,26944
2024.12.12 04:00:00,2710.27,2720.35,2709.52,2716.13,24936
2024.12.12 08:00:00,2716.12,2719.47,2707.25,2710.77,39874
2024.12.12 12:00:00,2710.78,2712.41,2675.09,2679.67,69140
2024.12.12 16:00:00,2679.65,2686.94,2677.26,2682.99,39115
2024.12.12 20:00:00,2682.99,2683.47,2679.37,2680.64,14490
2024.12.13 00:00:00,2680.64,2692.65,2678.79,2687.99,34151
2024.12.13 04:00:00,2687.99,2690.49,2681.00,2683.14,28876
2024.12.13 08:00:00,2683.14,2684.63,2664.27,2664.81,40261
2024.12.13 12:00:00,2664.81,2672.98,2654.72,2659.95,60472
2024.12.13 16:00:00,2659.95,2664.54,2652.15,2653.04,36945
2024.12.13 20:00:00,2653.07,2653.56,2646.13,2649.72,12133
2024.12.15 20:00:00,2648.80,2652.95,2648.75,2651.56,2386
2024.12.16 00:00:00,2651.56,2655.69,2643.48,2653.84,26062
2024.12.16 04:00:00,2653.84,2655.86,2649.53,2653.73,21961
2024.12.16 08:00:00,2653.74,2664.12,2652.31,2663.56,28436
2024.12.16 12:00:00,2663.56,2664.37,2650.86,2654.41,43337
2024.12.16 16:00:00,2654.42,2655.77,2648.59,2653.26,27806
2024.12.16 20:00:00,2653.26,2653.65,2651.42,2651.74,8401
2024.12.17 00:00:00,2651.74,2658.64,2651.17,2653.55,23481
2024.12.17 04:00:00,2653.55,2657.08,2646.35,2653.75,27872
2024.12.17 08:00:00,2653.75,2653.75,2635.85,2642.24,35512
2024.12.17 12:00:00,2642.24,2646.83,2633.10,2640.17,45552
2024.12.17 16:00:00,2640.17,2649.06,2636.72,2645.32,29177
2024.12.17 20:00:00,2645.41,2647.66,2643.10,2647.42,8290
2024.12.18 00:00:00,2647.42,2651.70,2645.30,2645.70,22245
2024.12.18 04:00:00,2645.70,2649.50,2642.68,2644.67,22462
2024.12.18 08:00:00,2644.65,2649.68,2642.10,2646.13,22455
2024.12.18 12:00:00,2646.13,2647.76,2633.87,2638.26,37564
2024.12.18 16:00:00,2638.23,2639.99,2604.09,2604.51,44096
2024.12.18 20:00:00,2604.58,2609.32,2582.55,2588.06,28492
2024.12.19 00:00:00,2588.14,2618.06,2587.87,2610.36,30470
2024.12.19 04:00:00,2610.36,2622.60,2603.34,2616.51,24136
2024.12.19 08:00:00,2616.50,2626.46,2612.84,2616.72,30961
2024.12.19 12:00:00,2616.72,2616.72,2587.00,2588.48,57766
2024.12.19 16:00:00,2588.48,2601.01,2587.23,2596.76,36319
2024.12.19 20:00:00,2596.76,2600.33,2592.16,2593.53,12041
2024.12.20 00:00:00,2593.53,2603.95,2589.64,2598.51,26556
2024.12.20 04:00:00,2598.51,2607.51,2596.56,2606.25,20601
2024.12.20 08:00:00,2606.25,2607.78,2600.22,2603.66,26507
2024.12.20 12:00:00,2603.66,2631.18,2600.05,2630.37,49949
2024.12.20 16:00:00,2630.40,2631.84,2622.24,2627.91,34965
2024.12.20 20:00:00,2627.91,2628.09,2619.32,2621.62,9710
2024.12.22 20:00:00,2622.25,2624.77,2621.71,2624.14,2512
2024.12.23 00:00:00,2624.17,2627.36,2617.38,2624.08,23670
2024.12.23 04:00:00,2624.08,2633.22,2623.88,2630.24,18359
2024.12.23 08:00:00,2630.24,2632.12,2613.08,2616.23,24843
2024.12.23 12:00:00,2616.23,2619.87,2609.35,2609.80,34454
2024.12.23 16:00:00,2609.80,2616.53,2608.20,2611.18,23235
2024.12.23 20:00:00,2611.18,2616.99,2609.19,2615.53,6808
2024.12.24 00:00:00,2615.53,2619.96,2613.47,2618.73,15576
2024.12.24 04:00:00,2618.73,2621.40,2616.37,2618.42,14166
2024.12.24 08:00:00,2618.42,2619.86,2612.45,2615.12,14930
2024.12.24 12:00:00,2615.12,2617.24,2610.12,2611.73,26705
2024.12.24 16:00:00,2611.73,2619.35,2611.57,2616.16,15048
2024.12.25 20:00:00,2615.21,2620.14,2613.82,2618.23,1753
2024.12.26 00:00:00,2618.23,2628.94,2618.23,2626.83,18013
2024.12.26 04:00:00,2626.83,2629.51,2623.51,2625.47,13082
2024.12.26 08:00:00,2625.47,2630.02,2625.01,2627.68,10903
2024.12.26 12:00:00,2627.68,2639.10,2621.82,2636.39,28517
2024.12.26 16:00:00,2636.39,2636.69,2628.01,2634.91,22512
2024.12.26 20:00:00,2634.94,2636.24,2628.01,2632.65,7365
2024.12.27 00:00:00,2632.65,2635.56,2628.94,2633.83,15549
2024.12.27 04:00:00,2633.83,2638.25,2631.38,2633.56,14503
2024.12.27 08:00:00,2633.56,2633.56,2623.43,2628.67,16533
2024.12.27 12:00:00,2628.67,2631.61,2611.64,2618.22,36879
2024.12.27 16:00:00,2618.22,2621.38,2614.10,2620.65,18805
2024.12.27 20:00:00,2620.70,2620.79,2612.80,2618.75,6609
2024.12.29 20:00:00,2621.56,2626.10,2621.55,2623.99,2062
2024.12.30 00:00:00,2623.99,2628.07,2621.36,2626.59,16796
2024.12.30 04:00:00,2626.59,2626.59,2615.73,2616.79,16691
2024.12.30 08:00:00,2616.79,2618.67,2609.07,2616.29,21694
2024.12.30 12:00:00,2616.29,2622.57,2599.61,2601.61,40959
2024.12.30 16:00:00,2601.61,2608.36,2596.16,2607.19,28587
2024.12.30 20:00:00,2607.19,2609.53,2603.83,2606.66,8557
2024.12.31 00:00:00,2606.66,2611.62,2603.49,2604.61,15744
2024.12.31 04:00:00,2604.63,2614.11,2602.68,2613.78,16829
2024.12.31 08:00:00,2613.78,2617.69,2609.72,2611.02,17917
2024.12.31 12:00:00,2611.02,2626.61,2605.47,2625.71,33632
2024.12.31 16:00:00,2625.68,2627.53,2622.22,2623.78,26135
2024.12.31 20:00:00,2623.77,2625.02,2622.07,2624.19,5066
2025.01.01 20:00:00,2625.09,2625.52,2621.59,2623.69,1978
2025.01.02 00:00:00,2623.69,2636.55,2622.67,2633.66,23813
2025.01.02 04:00:00,2633.66,2636.45,2631.02,2635.97,18692
2025.01.02 08:00:00,2635.97,2646.27,2631.10,2641.98,28262
2025.01.02 12:00:00,2641.98,2655.80,2636.11,2654.15,47513
2025.01.02 16:00:00,2654.16,2660.43,2649.88,2654.70,36812
2025.01.02 20:00:00,2654.70,2660.46,2654.11,2658.37,10387
2025.01.03 00:00:00,2658.36,2665.28,2656.30,2662.35,21155
2025.01.03 04:00:00,2662.35,2664.38,2651.86,2654.09,17092
2025.01.03 08:00:00,2654.09,2659.25,2649.89,2657.57,21005
2025.01.03 12:00:00,2657.57,2658.33,2640.99,2643.91,41136
2025.01.03 16:00:00,2643.91,2647.31,2639.09,2639.44,25905
2025.01.03 20:00:00,2639.44,2640.15,2636.60,2639.73,6023
2025.01.05 20:00:00,2639.69,2642.37,2639.60,2640.98,2554
2025.01.06 00:00:00,2640.98,2647.40,2638.62,2640.15,23288
2025.01.06 04:00:00,2640.14,2640.76,2625.11,2626.91,24330
2025.01.06 08:00:00,2626.91,2649.48,2625.80,2645.58,31380
2025.01.06 12:00:00,2645.58,2648.86,2614.49,2634.36,63162
2025.01.06 16:00:00,2634.36,2641.33,2632.53,2634.39,31907
2025.01.06 20:00:00,2634.39,2637.05,2633.20,2634.54,8743
2025.01.07 00:00:00,2634.54,2641.23,2632.88,2639.67,20055
2025.01.07 04:00:00,2639.65,2646.84,2637.06,2640.54,21793
2025.01.07 08:00:00,2640.54,2648.70,2640.11,2648.43,20401
2025.01.07 12:00:00,2648.40,2664.26,2642.01,2647.77,55777
2025.01.07 16:00:00,2647.76,2656.00,2646.53,2649.33,42771
2025.01.07 20:00:00,2649.33,2651.50,2647.17,2649.72,9869
2025.01.08 00:00:00,2649.72,2651.54,2645.64,2646.75,19314
2025.01.08 04:00:00,2646.74,2654.43,2645.25,2652.64,18632
2025.01.08 08:00:00,2652.64,2655.14,2647.60,2650.78,24121
2025.01.08 12:00:00,2650.78,2667.81,2645.88,2665.82,49687
2025.01.08 16:00:00,2665.82,2669.98,2649.43,2658.26,34141
2025.01.08 20:00:00,2658.26,2664.13,2658.26,2662.56,10025
2025.01.09 00:00:00,2662.56,2662.77,2656.38,2659.37,16788
2025.01.09 04:00:00,2659.37,2666.93,2655.51,2662.39,18722
2025.01.09 08:00:00,2662.39,2673.19,2660.42,2670.20,23894
2025.01.09 12:00:00,2670.16,2678.33,2667.20,2668.34,35333
2025.01.09 16:00:00,2668.34,2672.56,2662.67,2670.23,25160
2025.01.09 20:00:00,2670.20,2671.22,2668.44,2669.86,6917
2025.01.10 00:00:00,2669.86,2674.76,2669.03,2673.71,17077
2025.01.10 04:00:00,2673.71,2678.69,2671.61,2676.14,19989
2025.01.10 08:00:00,2676.14,2683.12,2675.75,2681.37,29583
2025.01.10 12:00:00,2681.37,2697.95,2663.82,2692.67,71039
2025.01.10 16:00:00,2692.67,2697.90,2684.55,2685.93,49048
2025.01.10 20:00:00,2685.93,2693.25,2684.51,2689.13,11254
2025.01.12 20:00:00,2689.30,2691.14,2687.33,2691.14,3753
2025.01.13 00:00:00,2691.14,2693.32,2679.30,2688.05,28280
2025.01.13 04:00:00,2687.90,2691.30,2683.17,2685.10,26798
2025.01.13 08:00:00,2685.13,2689.67,2675.54,2675.95,35810
2025.01.13 12:00:00,2675.95,2677.15,2661.12,2661.85,61758
2025.01.13 16:00:00,2661.85,2668.01,2656.75,2658.94,31821
2025.01.13 20:00:00,2658.93,2669.33,2658.82,2667.86,11620
2025.01.14 00:00:00,2667.86,2672.27,2666.33,2669.73,28430
2025.01.14 04:00:00,2669.73,2675.27,2667.20,2669.18,21855
2025.01.14 08:00:00,2669.18,2674.41,2664.43,2669.18,28321
2025.01.14 12:00:00,2669.18,2674.38,2659.83,2671.67,58116
2025.01.14 16:00:00,2671.75,2676.25,2666.66,2674.32,32806
2025.01.14 20:00:00,2674.32,2678.19,2671.83,2675.51,11550
2025.01.15 00:00:00,2675.51,2676.27,2669.37,2676.18,17174
2025.01.15 04:00:00,2676.18,2684.09,2674.17,2681.25,22376
2025.01.15 08:00:00,2681.27,2689.00,2681.13,2686.77,32720
2025.01.15 12:00:00,2686.77,2696.02,2676.72,2678.47,71309
2025.01.15 16:00:00,2678.47,2695.15,2676.99,2694.10,33835
2025.01.15 20:00:00,2694.10,2697.82,2693.25,2694.75,9870
2025.01.16 00:00:00,2694.75,2702.23,2692.87,2697.17,32029
2025.01.16 04:00:00,2697.17,2699.88,2689.87,2698.27,23731
2025.01.16 08:00:00,2698.27,2711.19,2697.15,2706.31,30310
2025.01.16 12:00:00,2706.31,2719.58,2699.72,2716.88,55213
2025.01.16 16:00:00,2716.88,2724.76,2714.66,2715.24,36747
2025.01.16 20:00:00,2715.24,2717.02,2712.29,2714.58,9221
2025.01.17 00:00:00,2714.58,2717.37,2709.80,2715.37,24337
2025.01.17 04:00:00,2715.37,2716.48,2708.61,2710.47,24367
2025.01.17 08:00:00,2710.48,2712.91,2702.85,2708.06,29225
2025.01.17 12:00:00,2708.06,2715.17,2702.71,2714.27,59715
2025.01.17 16:00:00,2714.28,2717.31,2702.77,2703.12,32940
2025.01.17 20:00:00,2703.12,2704.18,2699.20,2702.16,8992
2025.01.19 20:00:00,2701.13,2703.03,2691.14,2696.31,3837
2025.01.20 00:00:00,2696.31,2703.95,2689.34,2703.60,34733
2025.01.20 04:00:00,2703.60,2713.79,2702.16,2703.51,31565
2025.01.20 08:00:00,2703.49,2712.50,2702.89,2708.28,30771
2025.01.20 12:00:00,2708.28,2712.08,2701.93,2707.00,62346
2025.01.20 16:00:00,2707.00,2711.04,2703.38,2708.92,18877
2025.01.21 00:00:00,2710.37,2726.90,2702.69,2724.30,49900
2025.01.21 04:00:00,2724.30,2732.91,2722.62,2729.63,35870
2025.01.21 08:00:00,2729.63,2730.31,2716.49,2723.97,41805
2025.01.21 12:00:00,2723.97,2740.38,2721.97,2738.82,61430
2025.01.21 16:00:00,2738.84,2745.97,2737.66,2742.69,35496
2025.01.21 20:00:00,2742.69,2745.75,2739.97,2744.19,11415
2025.01.22 00:00:00,2744.19,2751.23,2742.68,2750.43,29359
2025.01.22 04:00:00,2750.43,2758.64,2745.62,2748.77,36507
2025.01.22 08:00:00,2748.77,2763.38,2746.81,2756.51,31966
2025.01.22 12:00:00,2756.51,2761.70,2750.38,2759.30,53527
2025.01.22 16:00:00,2759.30,2760.19,2754.84,2755.32,28941
2025.01.22 20:00:00,2755.32,2757.16,2753.77,2755.37,9069
2025.01.23 00:00:00,2755.29,2756.31,2749.56,2750.08,27217
2025.01.23 04:00:00,2750.09,2755.54,2749.88,2752.77,22716
2025.01.23 08:00:00,2752.73,2754.79,2740.93,2751.94,37678
2025.01.23 12:00:00,2751.90,2753.29,2735.82,2746.41,62619
2025.01.23 16:00:00,2746.39,2758.90,2744.14,2754.13,38418
2025.01.23 20:00:00,2754.11,2755.58,2751.35,2754.49,11728
2025.01.24 00:00:00,2754.49,2777.32,2754.26,2772.42,42373
2025.01.24 04:00:00,2772.42,2778.30,2770.53,2772.61,40818
2025.01.24 08:00:00,2772.61,2780.05,2769.97,2776.66,32369
2025.01.24 12:00:00,2776.66,2785.91,2773.69,2775.90,50244
2025.01.24 16:00:00,2775.88,2777.51,2769.88,2774.61,33678
2025.01.24 20:00:00,2774.60,2774.82,2770.54,2771.51,7827
2025.01.26 20:00:00,2765.68,2769.51,2764.46,2767.76,3059
2025.01.27 00:00:00,2767.76,2772.56,2754.01,2761.10,35196
2025.01.27 04:00:00,2761.08,2761.09,2747.24,2749.45,37983
2025.01.27 08:00:00,2749.45,2771.92,2749.25,2771.41,52651
2025.01.27 12:00:00,2771.41,2771.77,2739.44,2742.10,62891
2025.01.27 16:00:00,2742.10,2743.14,2730.45,2739.40,43250
2025.01.27 20:00:00,2739.40,2745.33,2738.17,2741.69,15105
2025.01.28 00:00:00,2741.69,2745.10,2737.86,2738.85,30582
2025.01.28 04:00:00,2738.85,2744.85,2738.40,2738.61,24753
2025.01.28 08:00:00,2738.91,2745.15,2734.84,2742.75,31835
2025.01.28 12:00:00,2742.75,2757.21,2741.26,2755.34,48221
2025.01.28 16:00:00,2755.33,2764.97,2755.27,2764.81,38569
2025.01.28 20:00:00,2764.80,2765.00,2762.35,2762.66,13836
2025.01.29 00:00:00,2762.66,2766.30,2762.11,2762.73,20245
2025.01.29 04:00:00,2762.73,2764.30,2757.35,2759.12,29313
2025.01.29 08:00:00,2759.13,2766.15,2757.19,2759.03,37565
2025.01.29 12:00:00,2759.03,2761.05,2748.39,2754.15,58061
2025.01.29 16:00:00,2754.15,2757.77,2744.78,2755.24,50817
2025.01.29 20:00:00,2755.22,2760.50,2752.62,2760.31,17604
2025.01.30 00:00:00,2760.31,2762.55,2758.94,2761.86,19606
2025.01.30 04:00:00,2761.86,2769.47,2758.78,2769.11,25877
2025.01.30 08:00:00,2769.11,2779.48,2768.50,2777.72,34329
2025.01.30 12:00:00,2777.72,2796.73,2776.36,2795.36,66066
2025.01.30 16:00:00,2795.38,2798.45,2788.80,2793.37,53396
2025.01.30 20:00:00,2793.37,2798.27,2789.48,2796.22,22048
2025.01.31 00:00:00,2796.22,2799.54,2794.46,2796.44,26445
2025.01.31 04:00:00,2796.44,2800.97,2792.20,2798.32,26496
2025.01.31 08:00:00,2798.32,2800.60,2791.03,2800.28,38653
2025.01.31 12:00:00,2800.28,2817.16,2799.94,2809.24,57135
2025.01.31 16:00:00,2809.24,2816.25,2795.33,2796.26,68215
2025.01.31 20:00:00,2796.25,2802.48,2794.26,2799.45,19851
2025.02.02 20:00:00,2801.64,2803.37,2784.28,2793.21,8737
2025.02.03 00:00:00,2793.21,2795.89,2772.08,2774.38,51132
2025.02.03 04:00:00,2774.38,2789.94,2774.13,2789.29,39649
2025.02.03 08:00:00,2789.29,2804.21,2786.97,2801.25,44562
2025.02.03 12:00:00,2801.25,2830.57,2800.40,2817.31,71398
2025.02.03 16:00:00,2817.31,2825.03,2812.88,2818.33,46930
2025.02.03 20:00:00,2818.33,2819.49,2811.81,2813.82,16455
2025.02.04 00:00:00,2813.82,2824.56,2812.67,2821.42,28247
2025.02.04 04:00:00,2821.42,2821.51,2807.11,2812.61,42073
2025.02.04 08:00:00,2812.61,2821.83,2810.15,2815.48,47425
2025.02.04 12:00:00,2815.48,2845.45,2814.54,2835.92,75255
2025.02.04 16:00:00,2835.90,2845.01,2832.54,2843.11,50846
2025.02.04 20:00:00,2843.11,2844.84,2840.54,2841.49,15126
2025.02.05 00:00:00,2841.38,2854.44,2839.71,2852.33,40552
2025.02.05 04:00:00,2852.32,2864.24,2851.87,2864.14,30346
2025.02.05 08:00:00,2864.14,2877.01,2863.62,2868.72,41379
2025.02.05 12:00:00,2868.72,2882.30,2858.63,2880.27,69140
2025.02.05 16:00:00,2880.16,2881.08,2862.81,2863.52,52597
2025.02.05 20:00:00,2863.52,2870.93,2859.97,2869.29,17075
2025.02.06 00:00:00,2869.29,2873.25,2863.62,2869.33,33475
2025.02.06 04:00:00,2869.33,2872.30,2854.97,2855.79,34933
2025.02.06 08:00:00,2855.79,2867.42,2848.86,2865.98,44508
2025.02.06 12:00:00,2865.97,2870.24,2834.11,2850.58,70150
2025.02.06 16:00:00,2850.58,2854.70,2848.11,2853.93,41170
2025.02.06 20:00:00,2853.93,2858.71,2853.80,2858.02,15873
2025.02.07 00:00:00,2858.02,2870.54,2857.73,2867.21,28077
2025.02.07 04:00:00,2867.21,2869.59,2858.98,2864.15,28109
2025.02.07 08:00:00,2864.15,2870.66,2863.23,2867.77,35698
2025.02.07 12:00:00,2867.77,2886.75,2852.49,2880.32,66037
2025.02.07 16:00:00,2880.42,2881.52,2853.36,2860.21,48834
2025.02.07 20:00:00,2860.22,2863.78,2859.41,2860.99,12695
2025.02.09 20:00:00,2861.49,2870.44,2860.13,2867.48,5782
2025.02.10 00:00:00,2867.48,2876.57,2865.78,2875.59,35674
2025.02.10 04:00:00,2875.59,2896.67,2874.42,2895.64,34185
2025.02.10 08:00:00,2895.58,2906.25,2892.25,2904.65,45823
2025.02.10 12:00:00,2904.65,2911.75,2896.44,2909.04,64145
2025.02.10 16:00:00,2909.04,2910.30,2896.57,2904.36,39807
2025.02.10 20:00:00,2904.36,2921.60,2902.90,2917.84,16692
2025.02.11 00:00:00,2917.84,2942.67,2905.72,2919.66,52999
2025.02.11 04:00:00,2919.69,2929.48,2907.14,2913.44,46267
2025.02.11 08:00:00,2913.40,2915.16,2901.86,2903.85,51952
2025.02.11 12:00:00,2903.85,2906.56,2881.73,2904.70,84763
2025.02.11 16:00:00,2904.65,2908.58,2899.67,2900.25,46877
2025.02.11 20:00:00,2900.25,2900.82,2894.11,2898.62,17384
2025.02.12 00:00:00,2898.62,2898.90,2883.71,2889.02,38377
2025.02.12 04:00:00,2889.02,2895.76,2883.67,2892.79,34682
2025.02.12 08:00:00,2892.86,2894.07,2879.36,2879.70,38119
2025.02.12 12:00:00,2879.70,2897.99,2864.10,2894.64,75337
2025.02.12 16:00:00,2894.64,2909.26,2892.16,2897.87,45645
2025.02.12 20:00:00,2897.87,2906.41,2895.48,2905.74,16109
2025.02.13 00:00:00,2905.73,2918.04,2901.45,2916.47,32070
2025.02.13 04:00:00,2916.47,2922.85,2912.53,2914.55,34808
2025.02.13 08:00:00,2914.63,2919.46,2909.40,2917.98,39012
2025.02.13 12:00:00,2917.98,2921.36,2905.83,2920.24,66942
2025.02.13 16:00:00,2920.23,2927.41,2913.01,2926.88,39941
2025.02.13 20:00:00,2926.88,2932.31,2924.78,2931.11,16701
2025.02.14 00:00:00,2931.22,2933.78,2923.27,2924.44,34733
2025.02.14 04:00:00,2924.44,2936.81,2923.87,2931.86,36072
2025.02.14 08:00:00,2931.86,2940.05,2929.30,2931.10,40356
2025.02.14 12:00:00,2931.10,2933.27,2892.96,2901.94,86408
2025.02.14 16:00:00,2901.95,2903.86,2878.84,2880.60,59815
2025.02.14 20:00:00,2880.60,2886.22,2877.06,2883.03,15209
2025.02.16 20:00:00,2893.52,2893.83,2878.84,2879.18,7806
2025.02.17 00:00:00,2879.18,2904.66,2879.18,2903.61,32823
2025.02.17 04:00:00,2903.57,2905.26,2888.24,2902.46,33115
2025.02.17 08:00:00,2902.46,2906.35,2895.09,2901.05,37441
2025.02.17 12:00:00,2901.05,2904.06,2895.44,2899.25,44652
2025.02.17 16:00:00,2899.25,2901.30,2896.54,2897.63,15763
2025.02.17 20:00:00,2899.34,2899.39,2897.07,2899.29,1190
2025.02.18 00:00:00,2899.29,2910.75,2891.97,2909.02,27552
2025.02.18 04:00:00,2909.02,2915.68,2907.20,2911.57,24974
2025.02.18 08:00:00,2911.57,2914.88,2907.11,2914.22,29338
2025.02.18 12:00:00,2914.22,2929.71,2912.18,2927.24,51565
2025.02.18 16:00:00,2927.22,2936.86,2924.25,2935.74,34784
2025.02.18 20:00:00,2935.74,2936.68,2932.46,2934.03,10119
2025.02.19 00:00:00,2934.03,2939.67,2924.08,2928.84,29484
2025.02.19 04:00:00,2928.84,2935.84,2926.51,2934.17,25847
2025.02.19 08:00:00,2934.17,2947.03,2933.74,2935.06,35493
2025.02.19 12:00:00,2935.06,2941.65,2925.55,2925.74,59773
2025.02.19 16:00:00,2925.70,2932.26,2918.61,2931.75,49050
2025.02.19 20:00:00,2931.76,2937.39,2931.35,2935.44,15091
2025.02.20 00:00:00,2935.50,2944.07,2933.87,2942.00,28843
2025.02.20 04:00:00,2942.00,2954.20,2939.23,2948.93,24362
2025.02.20 08:00:00,2948.93,2954.89,2947.20,2948.71,32239
2025.02.20 12:00:00,2948.71,2950.83,2924.08,2938.48,68392
2025.02.20 16:00:00,2938.48,2946.97,2933.57,2937.90,41984
2025.02.20 20:00:00,2937.90,2943.30,2935.48,2941.54,12988
2025.02.21 00:00:00,2941.54,2949.75,2926.42,2931.19,38837
2025.02.21 04:00:00,2931.19,2934.08,2924.14,2929.98,29091
2025.02.21 08:00:00,2929.97,2936.15,2916.75,2928.35,30875
2025.02.21 12:00:00,2928.35,2939.13,2921.53,2928.65,54910
2025.02.21 16:00:00,2928.62,2942.84,2927.33,2933.42,37531
2025.02.21 20:00:00,2933.39,2938.11,2932.08,2937.45,9632
2025.02.23 20:00:00,2939.58,2940.40,2936.53,2936.83,5310
2025.02.24 00:00:00,2936.83,2944.70,2921.34,2941.14,42677
2025.02.24 04:00:00,2941.15,2944.94,2935.18,2943.85,27063
2025.02.24 08:00:00,2943.85,2948.75,2934.90,2947.76,31711
2025.02.24 12:00:00,2947.76,2956.18,2930.71,2936.48,59510
2025.02.24 16:00:00,2936.48,2949.84,2936.45,2949.15,39379
2025.02.24 20:00:00,2949.15,2953.66,2946.99,2950.08,14424
2025.02.25 00:00:00,2950.04,2952.51,2937.44,2939.48,32194
2025.02.25 04:00:00,2939.48,2940.97,2930.67,2931.67,31933
2025.02.25 08:00:00,2931.68,2942.40,2929.50,2938.65,33547
2025.02.25 12:00:00,2938.65,2944.82,2900.50,2905.86,75325
2025.02.25 16:00:00,2905.83,2913.85,2888.16,2912.08,54597
2025.02.25 20:00:00,2912.08,2918.94,2910.84,2918.57,19602
2025.02.26 00:00:00,2918.57,2930.14,2914.72,2917.18,32179
2025.02.26 04:00:00,2917.09,2921.10,2905.85,2915.43,27528
2025.02.26 08:00:00,2915.40,2918.98,2909.52,2913.85,29733
2025.02.26 12:00:00,2913.85,2915.47,2890.77,2913.27,57001
2025.02.26 16:00:00,2913.27,2916.71,2909.88,2913.90,36751
2025.02.26 20:00:00,2913.91,2920.75,2912.02,2919.23,13383
2025.02.27 00:00:00,2919.23,2919.23,2904.25,2905.61,28988
2025.02.27 04:00:00,2905.62,2906.40,2887.99,2891.99,41307
2025.02.27 08:00:00,2891.99,2895.08,2876.94,2884.07,43555
2025.02.27 12:00:00,2884.10,2892.40,2867.68,2872.23,69438
2025.02.27 16:00:00,2872.27,2887.63,2871.77,2879.21,40696
2025.02.27 20:00:00,2879.21,2879.33,2871.30,2876.01,19140
2025.02.28 00:00:00,2876.01,2885.08,2863.62,2865.73,37867
2025.02.28 04:00:00,2865.73,2867.04,2856.97,2858.69,37205
2025.02.28 08:00:00,2858.69,2864.94,2851.05,2862.29,31435
2025.02.28 12:00:00,2862.29,2864.95,2832.62,2850.16,63292
2025.02.28 16:00:00,2850.16,2853.91,2838.04,2849.52,40411
2025.02.28 20:00:00,2849.50,2858.40,2847.69,2857.81,14375
2025.03.02 20:00:00,2873.08,2876.86,2864.42,2870.93,8340
2025.03.03 00:00:00,2870.93,2872.02,2859.29,2864.77,35112
2025.03.03 04:00:00,2864.77,2868.56,2860.11,2863.32,24268
2025.03.03 08:00:00,2863.32,2875.47,2858.90,2874.39,32645
2025.03.03 12:00:00,2874.39,2890.51,2868.93,2887.82,53167
2025.03.03 16:00:00,2887.82,2893.09,2879.72,2881.55,41912
2025.03.03 20:00:00,2881.55,2895.19,2878.34,2890.86,18157
2025.03.04 00:00:00,2890.86,2893.74,2881.84,2888.57,26432
2025.03.04 04:00:00,2888.57,2901.33,2884.37,2899.93,28357
2025.03.04 08:00:00,2899.93,2921.82,2896.67,2919.88,38791
2025.03.04 12:00:00,2919.91,2927.86,2900.42,2906.02,64120
2025.03.04 16:00:00,2906.02,2916.54,2903.70,2916.15,39931
2025.03.04 20:00:00,2916.15,2920.47,2913.32,2914.40,17077
2025.03.05 00:00:00,2914.41,2917.16,2901.99,2908.69,37382
2025.03.05 04:00:00,2908.69,2921.74,2908.49,2918.05,29734
2025.03.05 08:00:00,2918.05,2922.56,2908.91,2913.18,43528
2025.03.05 12:00:00,2913.18,2923.80,2894.29,2917.15,72824
2025.03.05 16:00:00,2917.15,2929.89,2911.35,2920.43,49887
2025.03.05 20:00:00,2920.43,2922.99,2916.81,2918.33,11842
2025.03.06 00:00:00,2918.33,2926.52,2915.85,2921.17,23780
2025.03.06 04:00:00,2921.17,2923.03,2909.76,2910.12,29111
2025.03.06 08:00:00,2910.09,2911.47,2891.18,2905.81,54289
2025.03.06 12:00:00,2905.81,2922.71,2899.28,2914.48,67679
2025.03.06 16:00:00,2914.48,2921.39,2912.31,2913.93,41604
2025.03.06 20:00:00,2913.94,2916.52,2908.41,2910.28,14256
2025.03.07 00:00:00,2910.28,2910.28,2896.77,2905.36,41459
2025.03.07 04:00:00,2905.36,2917.33,2904.81,2917.18,32234
2025.03.07 08:00:00,2917.18,2922.99,2915.20,2918.79,34256
2025.03.07 12:00:00,2918.79,2930.30,2904.36,2915.81,69499
2025.03.07 16:00:00,2915.81,2919.39,2902.04,2905.25,50505
2025.03.07 20:00:00,2905.27,2911.85,2904.80,2911.31,12045
2025.03.09 20:00:00,2912.28,2916.86,2909.61,2916.17,8389
2025.03.10 00:00:00,2916.17,2918.31,2908.14,2910.89,33324
2025.03.10 04:00:00,2910.89,2915.49,2904.29,2908.36,29230
2025.03.10 08:00:00,2908.38,2915.46,2895.51,2904.11,47527
2025.03.10 12:00:00,2904.11,2910.52,2897.61,2904.50,72708
2025.03.10 16:00:00,2904.50,2906.88,2880.20,2885.51,53294
2025.03.10 20:00:00,2885.53,2890.24,2882.24,2884.74,8230
2025.03.11 00:00:00,2884.74,2900.49,2880.50,2896.91,36116
2025.03.11 04:00:00,2896.91,2903.61,2892.67,2901.09,28825
2025.03.11 08:00:00,2901.09,2915.38,2900.48,2913.60,34488
2025.03.11 12:00:00,2913.61,2922.16,2906.79,2916.83,59375
2025.03.11 16:00:00,2916.83,2921.29,2914.13,2918.34,33806
2025.03.11 20:00:00,2918.34,2919.67,2914.36,2915.47,7692
2025.03.12 00:00:00,2915.47,2919.99,2910.83,2914.89,23650
2025.03.12 04:00:00,2914.89,2921.19,2908.91,2914.50,31533
2025.03.12 08:00:00,2914.51,2925.31,2912.68,2915.20,39761
2025.03.12 12:00:00,2915.20,2929.31,2906.06,2928.44,71048
2025.03.12 16:00:00,2928.43,2940.52,2927.89,2931.40,43822
2025.03.12 20:00:00,2931.40,2939.40,2930.86,2938.01,8876
2025.03.13 00:00:00,2938.01,2947.12,2936.39,2945.63,24281
2025.03.13 04:00:00,2945.63,2946.29,2932.89,2935.22,29435
2025.03.13 08:00:00,2935.22,2948.88,2934.82,2946.27,34091
2025.03.13 12:00:00,2946.27,2978.44,2939.11,2977.82,78851
2025.03.13 16:00:00,2977.80,2985.40,2976.39,2982.86,43889
2025.03.13 20:00:00,2982.88,2989.97,2981.16,2986.41,8468
2025.03.14 00:00:00,2986.41,2992.92,2981.62,2992.63,29447
2025.03.14 04:00:00,2992.63,2993.92,2980.80,2986.89,29685
2025.03.14 08:00:00,2986.89,3004.94,2985.20,2993.42,43002
2025.03.14 12:00:00,2993.42,2999.68,2978.46,2984.57,67694
2025.03.14 16:00:00,2984.57,2990.34,2982.17,2984.00,32894
2025.03.14 20:00:00,2983.99,2988.13,2981.78,2987.95,1954
2025.03.16 20:00:00,2987.60,2994.11,2986.09,2989.99,6063
2025.03.17 00:00:00,2989.99,2993.17,2985.19,2986.93,23989
2025.03.17 04:00:00,2986.93,2990.77,2982.23,2985.50,21162
2025.03.17 08:00:00,2985.50,3001.22,2983.10,2997.50,25445
2025.03.17 12:00:00,2997.50,3000.60,2984.77,2997.14,54071
2025.03.17 16:00:00,2997.15,3000.81,2993.01,3000.23,29907
2025.03.17 20:00:00,3000.19,3002.79,2999.56,2999.70,5281
2025.03.18 00:00:00,2999.70,3014.99,2999.32,3011.42,26403
2025.03.18 04:00:00,3011.43,3018.92,3005.95,3016.42,25230
2025.03.18 08:00:00,3016.42,3029.47,3016.36,3026.86,38616
2025.03.18 12:00:00,3026.86,3038.27,3024.63,3031.66,66612
2025.03.18 16:00:00,3031.65,3037.94,3029.82,3035.51,29975
2025.03.18 20:00:00,3035.53,3035.93,3031.41,3031.73,6251
2025.03.19 00:00:00,3031.73,3038.98,3027.35,3036.23,22685
2025.03.19 04:00:00,3036.23,3045.33,3034.20,3035.76,32638
2025.03.19 08:00:00,3035.76,3039.90,3022.79,3038.89,28726
2025.03.19 12:00:00,3038.89,3041.07,3025.94,3031.51,47077
2025.03.19 16:00:00,3031.51,3051.95,3028.74,3047.85,43235
2025.03.19 20:00:00,3047.84,3051.25,3044.25,3049.99,7361
2025.03.20 00:00:00,3050.03,3056.23,3044.93,3049.96,28534
2025.03.20 04:00:00,3049.96,3057.41,3041.81,3042.26,30158
2025.03.20 08:00:00,3042.26,3046.23,3025.71,3034.46,45918
2025.03.20 12:00:00,3034.46,3042.30,3029.99,3040.71,60480
2025.03.20 16:00:00,3040.71,3046.07,3034.00,3044.68,29384
2025.03.20 20:00:00,3044.68,3046.66,3043.53,3046.43,5347
2025.03.21 00:00:00,3046.43,3047.42,3029.92,3030.49,28073
2025.03.21 04:00:00,3030.49,3033.94,3021.83,3032.08,28628
2025.03.21 08:00:00,3032.08,3037.60,3027.13,3034.34,28925
2025.03.21 12:00:00,3034.34,3038.08,2999.37,3011.14,62469
2025.03.21 16:00:00,3011.14,3021.97,3010.62,3019.88,31872
2025.03.21 20:00:00,3019.91,3024.03,3019.88,3023.05,2083
2025.03.23 20:00:00,3023.39,3026.25,3022.30,3024.69,4706
2025.03.24 00:00:00,3024.69,3025.59,3013.73,3016.89,31332
2025.03.24 04:00:00,3016.89,3028.85,3016.48,3022.30,25555
2025.03.24 08:00:00,3022.30,3033.32,3021.80,3024.65,42022
2025.03.24 12:00:00,3024.65,3028.63,3005.79,3014.09,61303
2025.03.24 16:00:00,3014.09,3015.62,3002.42,3006.11,34843
2025.03.24 20:00:00,3006.11,3014.52,3005.66,3009.85,7171
2025.03.25 00:00:00,3009.85,3016.24,3007.51,3015.14,25523
2025.03.25 04:00:00,3015.17,3021.10,3010.48,3011.22,22200
2025.03.25 08:00:00,3011.22,3026.49,3010.59,3020.69,27935
2025.03.25 12:00:00,3020.69,3035.94,3014.19,3021.52,51715
2025.03.25 16:00:00,3021.52,3025.57,3017.77,3019.63,24806
2025.03.25 20:00:00,3019.63,3022.31,3018.80,3020.96,4472
2025.03.26 00:00:00,3020.96,3027.15,3016.35,3017.52,27337
2025.03.26 04:00:00,3017.52,3030.83,3013.22,3030.51,26988
2025.03.26 08:00:00,3030.51,3032.05,3016.96,3027.53,30509
2025.03.26 12:00:00,3027.53,3029.98,3012.26,3015.88,44574
2025.03.26 16:00:00,3015.88,3020.79,3015.20,3017.36,24743
2025.03.26 20:00:00,3017.35,3021.80,3017.23,3021.65,7758
2025.03.27 00:00:00,3021.65,3034.20,3021.62,3033.60,24122
2025.03.27 04:00:00,3033.60,3038.58,3026.67,3035.92,28089
2025.03.27 08:00:00,3035.92,3055.79,3033.70,3054.68,36439
2025.03.27 12:00:00,3054.68,3059.68,3033.55,3052.15,66832
2025.03.27 16:00:00,3052.15,3057.76,3047.75,3057.44,34721
2025.03.27 20:00:00,3057.44,3057.71,3054.16,3055.61,5998
2025.03.28 00:00:00,3055.61,3077.54,3054.89,3075.17,28439
2025.03.28 04:00:00,3075.17,3086.07,3072.51,3079.38,25676
2025.03.28 08:00:00,3079.38,3081.34,3065.97,3076.32,30821
2025.03.28 12:00:00,3076.32,3086.77,3067.32,3083.74,60809
2025.03.28 16:00:00,3083.71,3086.64,3073.54,3080.76,28217
2025.03.28 20:00:00,3080.76,3085.08,3080.76,3083.24,2393
2025.03.30 20:00:00,3092.48,3097.71,3087.92,3089.06,8213
2025.03.31 00:00:00,3089.06,3111.76,3076.68,3107.04,35579
2025.03.31 04:00:00,3107.04,3127.97,3105.85,3124.54,33740
2025.03.31 08:00:00,3124.54,3127.19,3111.89,3119.45,33447
2025.03.31 12:00:00,3119.45,3127.17,3099.86,3113.72,65561
2025.03.31 16:00:00,3113.73,3124.57,3111.58,3124.38,30608
2025.03.31 20:00:00,3124.38,3126.38,3120.02,3120.45,7163
2025.04.01 00:00:00,3120.45,3147.34,3120.21,3146.00,33017
2025.04.01 04:00:00,3146.00,3148.96,3124.07,3127.49,40032
2025.04.01 08:00:00,3127.49,3138.90,3126.31,3130.37,33172
2025.04.01 12:00:00,3130.37,3137.04,3113.35,3113.66,56760
2025.04.01 16:00:00,3113.66,3118.99,3100.79,3118.69,37932
2025.04.01 20:00:00,3118.69,3120.67,3107.87,3115.17,7922
2025.04.02 00:00:00,3115.17,3135.68,3113.00,3125.51,28309
2025.04.02 04:00:00,3125.51,3126.72,3109.86,3125.22,28262
2025.04.02 08:00:00,3125.22,3133.89,3110.14,3121.26,32945
2025.04.02 12:00:00,3121.26,3132.02,3116.55,3125.83,46576
2025.04.02 16:00:00,3125.90,3134.24,3118.77,3124.26,33176
2025.04.02 20:00:00,3124.25,3167.59,3105.53,3162.70,44804
2025.04.03 00:00:00,3162.70,3164.85,3140.58,3148.06,54353
2025.04.03 04:00:00,3148.06,3149.71,3116.63,3129.08,47645
2025.04.03 08:00:00,3129.09,3132.12,3085.32,3093.17,60441
2025.04.03 12:00:00,3093.17,3135.47,3054.26,3110.61,92810
2025.04.03 16:00:00,3110.63,3114.15,3100.05,3107.51,41389
2025.04.03 20:00:00,3107.51,3119.30,3107.40,3112.92,11313
2025.04.04 00:00:00,3112.92,3115.69,3086.95,3098.35,38921
2025.04.04 04:00:00,3098.35,3109.96,3092.01,3092.80,41603
2025.04.04 08:00:00,3092.80,3136.55,3078.43,3110.31,75229
2025.04.04 12:00:00,3110.32,3111.78,3016.92,3021.99,93662
2025.04.04 16:00:00,3021.99,3040.98,3015.76,3036.51,53581
2025.04.04 20:00:00,3036.53,3041.01,3033.83,3035.94,4718
2025.04.06 20:00:00,3028.79,3032.24,2977.19,2999.75,20302
2025.04.07 00:00:00,2999.74,3055.39,2972.16,3018.92,66649
2025.04.07 04:00:00,3018.90,3044.56,3013.31,3018.56,57609
2025.04.07 08:00:00,3018.56,3046.12,3017.93,3031.14,61631
2025.04.07 12:00:00,3031.31,3037.88,2979.99,2987.50,98555
2025.04.07 16:00:00,2987.50,2987.82,2956.43,2976.69,54340
2025.04.07 20:00:00,2976.78,2988.64,2970.17,2981.22,11353
2025.04.08 00:00:00,2981.31,3004.89,2980.34,2994.70,35874
2025.04.08 04:00:00,2994.70,3015.97,2990.77,3003.64,38348
2025.04.08 08:00:00,3003.64,3019.40,2994.79,3017.44,30496
2025.04.08 12:00:00,3017.44,3022.74,3001.22,3001.46,72149
2025.04.08 16:00:00,3001.46,3001.46,2974.72,2984.95,58226
2025.04.08 20:00:00,2984.95,2990.67,2969.87,2978.22,14589
2025.04.09 00:00:00,2978.46,3011.06,2972.45,3004.44,54883
2025.04.09 04:00:00,3004.44,3052.31,2999.98,3041.05,58837
2025.04.09 08:00:00,3041.06,3067.92,3035.95,3066.62,56093
2025.04.09 12:00:00,3066.62,3087.79,3042.67,3086.31,81363
2025.04.09 16:00:00,3086.31,3099.52,3048.60,3093.47,71804
2025.04.09 20:00:00,3093.45,3095.47,3071.32,3086.76,16957
2025.04.10 00:00:00,3086.76,3131.75,3078.40,3125.43,58805
2025.04.10 04:00:00,3125.43,3132.55,3106.64,3108.73,40037
2025.04.10 08:00:00,3108.73,3125.66,3103.42,3124.67,40227
2025.04.10 12:00:00,3124.67,3174.92,3116.16,3158.01,77297
2025.04.10 16:00:00,3158.04,3176.27,3151.53,3170.84,46883
2025.04.10 20:00:00,3170.84,3191.22,3168.42,3188.98,15034
2025.04.11 00:00:00,3188.96,3220.15,3184.99,3217.76,61560
2025.04.11 04:00:00,3217.76,3219.16,3187.24,3212.40,52520
2025.04.11 08:00:00,3212.40,3237.66,3208.46,3213.84,54338
2025.04.11 12:00:00,3213.84,3244.25,3211.10,3240.44,80065
2025.04.11 16:00:00,3240.42,3245.35,3219.76,3230.96,47288
2025.04.11 20:00:00,3230.96,3237.39,3230.73,3236.12,2349
2025.04.13 20:00:00,3222.01,3224.69,3213.40,3223.75,10718
2025.04.14 00:00:00,3223.75,3245.71,3215.33,3232.37,40102
2025.04.14 04:00:00,3232.37,3237.99,3221.29,3227.93,31788
2025.04.14 08:00:00,3227.94,3231.77,3206.30,3223.35,39839
2025.04.14 12:00:00,3223.34,3227.65,3193.61,3198.10,67165
2025.04.14 16:00:00,3198.10,3216.39,3197.74,3212.70,32614
2025.04.14 20:00:00,3212.70,3215.14,3207.35,3212.61,7243
2025.04.15 00:00:00,3212.61,3229.05,3209.97,3228.38,25190
2025.04.15 04:00:00,3228.38,3232.54,3217.32,3225.59,25522
2025.04.15 08:00:00,3225.58,3232.17,3216.79,3220.15,27552
2025.04.15 12:00:00,3220.12,3226.88,3211.62,3221.32,47975
2025.04.15 16:00:00,3221.32,3231.77,3219.51,3229.81,21658
2025.04.15 20:00:00,3229.80,3251.81,3226.32,3251.79,12626
2025.04.16 00:00:00,3251.79,3281.71,3251.59,3281.48,42580
2025.04.16 04:00:00,3281.47,3300.64,3269.23,3300.41,41440
2025.04.16 08:00:00,3300.41,3317.80,3288.78,3306.81,50849
2025.04.16 12:00:00,3306.81,3328.15,3296.81,3325.35,63682
2025.04.16 16:00:00,3325.35,3342.47,3321.39,3336.62,42002
2025.04.16 20:00:00,3336.66,3357.72,3334.38,3350.03,14984
2025.04.17 00:00:00,3350.05,3356.21,3320.70,3344.47,49105
2025.04.17 04:00:00,3344.47,3345.47,3314.32,3323.43,39110
2025.04.17 08:00:00,3323.43,3334.00,3312.68,3327.39,31112
2025.04.17 12:00:00,3327.38,3342.31,3284.05,3296.33,73451
2025.04.17 16:00:00,3296.33,3322.63,3294.88,3320.78,32856
2025.04.17 20:00:00,3320.76,3328.89,3317.99,3327.26,3461
2025.04.20 20:00:00,3331.89,3353.01,3331.30,3348.13,12876
2025.04.21 00:00:00,3348.13,3385.31,3347.49,3382.41,44630
2025.04.21 04:00:00,3382.41,3396.07,3369.30,3384.93,38772
2025.04.21 08:00:00,3384.93,3405.89,3383.69,3404.43,35531
2025.04.21 12:00:00,3404.43,3430.24,3398.01,3422.94,67208
2025.04.21 16:00:00,3422.94,3430.52,3405.98,3423.42,40136
2025.04.21 20:00:00,3423.42,3444.39,3419.72,3434.59,17268
2025.04.22 00:00:00,3434.53,3494.77,3412.29,3487.90,57094
2025.04.22 04:00:00,3487.90,3499.95,3460.93,3468.64,59597
2025.04.22 08:00:00,3468.64,3472.63,3443.15,3456.80,52777
2025.04.22 12:00:00,3456.80,3464.79,3408.69,3417.67,79336
2025.04.22 16:00:00,3417.61,3421.08,3366.74,3374.68,66167
2025.04.22 20:00:00,3374.69,3382.84,3315.89,3336.65,25932
2025.04.23 00:00:00,3336.65,3386.57,3329.13,3338.92,61086
2025.04.23 04:00:00,3338.92,3349.44,3291.67,3319.19,53980
2025.04.23 08:00:00,3319.19,3340.49,3305.66,3324.61,40089
2025.04.23 12:00:00,3324.61,3333.46,3260.10,3280.39,86796
2025.04.23 16:00:00,3280.39,3305.73,3277.82,3293.89,43747
2025.04.23 20:00:00,3293.91,3316.80,3283.90,3316.34,14448
2025.04.24 00:00:00,3316.34,3367.57,3313.38,3327.01,56991
2025.04.24 04:00:00,3327.01,3339.77,3314.60,3333.82,39764
2025.04.24 08:00:00,3333.76,3343.95,3325.38,3336.96,34068
2025.04.24 12:00:00,3336.96,3344.64,3306.74,3329.42,62376
2025.04.24 16:00:00,3329.42,3347.02,3322.40,3342.24,32522
2025.04.24 20:00:00,3342.24,3370.68,3338.14,3348.76,14779
2025.04.25 00:00:00,3348.76,3363.02,3322.60,3323.56,41119
2025.04.25 04:00:00,3323.56,3327.74,3287.04,3307.45,51345
2025.04.25 08:00:00,3307.43,3308.92,3287.89,3293.48,34502
2025.04.25 12:00:00,3293.48,3303.16,3265.19,3283.00,60781
2025.04.25 16:00:00,3283.00,3312.43,3280.37,3304.75,27998
2025.04.25 20:00:00,3304.75,3314.33,3304.74,3314.28,2923
2025.04.27 20:00:00,3325.90,3330.10,3298.55,3302.68,12778
2025.04.28 00:00:00,3302.66,3315.93,3267.90,3290.87,40420
2025.04.28 04:00:00,3290.87,3301.03,3277.70,3287.45,29061
2025.04.28 08:00:00,3287.45,3297.22,3273.16,3294.18,29634
2025.04.28 12:00:00,3294.15,3335.97,3286.87,3325.02,59261
2025.04.28 16:00:00,3325.02,3352.98,3324.59,3352.07,34052
2025.04.28 20:00:00,3352.07,3352.28,3332.32,3337.66,12938
2025.04.29 00:00:00,3337.66,3339.97,3307.90,3316.00,34273
2025.04.29 04:00:00,3316.00,3323.97,3305.06,3323.04,29533
2025.04.29 08:00:00,3323.02,3324.86,3306.19,3309.35,25850
2025.04.29 12:00:00,3309.35,3321.33,3299.67,3312.44,52907
2025.04.29 16:00:00,3312.44,3330.06,3312.21,3320.42,28276
2025.04.29 20:00:00,3320.42,3323.47,3310.98,3317.05,8140
2025.04.30 00:00:00,3317.05,3328.08,3303.55,3304.65,30208
2025.04.30 04:00:00,3304.67,3314.69,3301.27,3307.15,27427
2025.04.30 08:00:00,3307.15,3307.75,3268.21,3272.36,36950
2025.04.30 12:00:00,3272.36,3319.77,3266.84,3308.02,66797
2025.04.30 16:00:00,3308.02,3314.26,3292.15,3295.82,33378
2025.04.30 20:00:00,3295.82,3297.90,3269.71,3272.78,16950
2025.05.01 00:00:00,3272.78,3276.34,3228.85,3229.44,35991
2025.05.01 04:00:00,3229.51,3243.19,3221.27,3230.09,34151
2025.05.01 08:00:00,3230.09,3236.69,3203.42,3205.53,32489
2025.05.01 12:00:00,3205.53,3233.26,3201.86,3216.38,61392
2025.05.01 16:00:00,3216.38,3229.70,3208.96,3228.16,32368
2025.05.01 20:00:00,3228.16,3243.36,3228.04,3237.29,12389
2025.05.02 00:00:00,3237.29,3258.61,3227.43,3254.95,32381
2025.05.02 04:00:00,3254.95,3263.34,3246.37,3259.00,29537
2025.05.02 08:00:00,3259.00,3269.23,3255.13,3262.70,29545
2025.05.02 12:00:00,3262.70,3264.87,3230.27,3231.58,67911
2025.05.02 16:00:00,3231.58,3239.87,3222.82,3233.66,42124
2025.05.02 20:00:00,3233.68,3241.28,3232.72,3239.22,2776
2025.05.04 20:00:00,3238.64,3252.29,3237.61,3248.03,9322
2025.05.05 00:00:00,3248.03,3272.44,3241.05,3254.43,29742
2025.05.05 04:00:00,3254.43,3267.82,3253.59,3264.72,22047
2025.05.05 08:00:00,3264.72,3318.97,3263.16,3312.97,40753
2025.05.05 12:00:00,3312.97,3328.78,3309.04,3312.05,48628
2025.05.05 16:00:00,3312.01,3337.58,3305.62,3328.70,32189
2025.05.05 20:00:00,3328.69,3337.80,3327.46,3334.04,11367
2025.05.06 00:00:00,3334.04,3386.87,3323.38,3360.37,56012
2025.05.06 04:00:00,3360.35,3379.71,3350.17,3371.25,38318
2025.05.06 08:00:00,3371.25,3385.08,3368.55,3379.10,34525
2025.05.06 12:00:00,3379.17,3399.82,3373.09,3395.08,57270
2025.05.06 16:00:00,3395.08,3424.10,3394.70,3423.13,37389
2025.05.06 20:00:00,3423.14,3434.88,3376.98,3400.67,31464
2025.05.07 00:00:00,3400.73,3401.52,3360.08,3375.47,52730
2025.05.07 04:00:00,3375.47,3397.43,3374.92,3387.98,29271
2025.05.07 08:00:00,3387.98,3393.35,3369.28,3386.99,31766
2025.05.07 12:00:00,3386.99,3398.11,3375.72,3385.16,49741
2025.05.07 16:00:00,3385.16,3397.95,3363.73,3371.90,44995
2025.05.07 20:00:00,3371.92,3377.07,3363.58,3376.40,12304
2025.05.08 00:00:00,3376.40,3414.75,3373.81,3396.84,41696
2025.05.08 04:00:00,3396.81,3399.27,3320.26,3342.83,52429
2025.05.08 08:00:00,3342.83,3346.69,3330.40,3344.30,34512
2025.05.08 12:00:00,3344.30,3369.50,3326.62,3330.66,58064
2025.05.08 16:00:00,3330.51,3330.51,3288.69,3306.34,44990
2025.05.08 20:00:00,3306.35,3323.99,3303.73,3316.32,15356
2025.05.09 00:00:00,3316.32,3323.01,3274.71,3308.09,49350
2025.05.09 04:00:00,3308.09,3332.22,3308.09,3327.22,34287
2025.05.09 08:00:00,3327.32,3338.34,3320.25,3333.01,28349
2025.05.09 12:00:00,3333.01,3346.11,3320.30,3345.05,52905
2025.05.09 16:00:00,3345.05,3347.54,3325.46,3328.81,25225
2025.05.09 20:00:00,3328.81,3330.30,3326.89,3328.91,2495
2025.05.11 20:00:00,3287.97,3292.39,3265.67,3287.56,15573
2025.05.12 00:00:00,3287.56,3289.94,3258.83,3283.30,44566
2025.05.12 04:00:00,3283.30,3283.61,3216.15,3222.80,49716
2025.05.12 08:00:00,3222.80,3234.43,3207.73,3224.84,52297
2025.05.12 12:00:00,3224.84,3248.70,3220.31,3239.23,65837
2025.05.12 16:00:00,3239.23,3240.06,3220.34,3235.41,30701
2025.05.12 20:00:00,3235.40,3241.54,3229.88,3236.84,10446
2025.05.13 00:00:00,3236.84,3243.32,3215.84,3236.71,38554
2025.05.13 04:00:00,3236.71,3265.45,3234.94,3259.05,31859
2025.05.13 08:00:00,3259.10,3261.10,3248.71,3249.13,25381
2025.05.13 12:00:00,3249.13,3255.85,3225.42,3253.25,61159
2025.05.13 16:00:00,3253.23,3257.85,3242.06,3249.27,25838
2025.05.13 20:00:00,3249.30,3257.06,3248.03,3254.28,7848
2025.05.14 00:00:00,3254.28,3254.56,3226.15,3228.39,41242
2025.05.14 04:00:00,3228.39,3238.81,3221.58,3238.05,35493
2025.05.14 08:00:00,3238.05,3243.85,3219.49,3220.07,38275
2025.05.14 12:00:00,3220.07,3222.48,3174.93,3182.59,75518
2025.05.14 16:00:00,3182.59,3190.88,3168.00,3180.59,39597
2025.05.14 20:00:00,3180.59,3187.24,3176.85,3186.11,10310
2025.05.15 00:00:00,3186.06,3192.66,3148.32,3150.58,41540
2025.05.15 04:00:00,3150.58,3153.87,3120.77,3142.30,48004
2025.05.15 08:00:00,3142.30,3180.06,3139.10,3179.17,38668
2025.05.15 12:00:00,3179.17,3220.09,3177.54,3219.78,65652
2025.05.15 16:00:00,3219.78,3232.70,3215.90,3231.95,27072
2025.05.15 20:00:00,3231.96,3252.07,3231.06,3237.11,15390
2025.05.16 00:00:00,3237.11,3244.42,3206.45,3211.91,41866
2025.05.16 04:00:00,3211.86,3231.19,3205.26,3207.55,34823
2025.05.16 08:00:00,3207.55,3212.84,3154.20,3163.07,39465
2025.05.16 12:00:00,3163.07,3188.23,3154.82,3183.53,57162
2025.05.16 16:00:00,3183.53,3195.73,3180.51,3192.55,26723
2025.05.16 20:00:00,3192.57,3202.78,3192.15,3198.85,3547
2025.05.18 20:00:00,3216.17,3245.28,3211.98,3234.80,16105
2025.05.19 00:00:00,3234.80,3249.75,3208.22,3212.20,35351
2025.05.19 04:00:00,3212.20,3234.51,3207.00,3232.40,32694
2025.05.19 08:00:00,3232.38,3248.50,3229.98,3243.84,25276
2025.05.19 12:00:00,3243.84,3244.43,3217.16,3231.61,44128
2025.05.19 16:00:00,3231.59,3235.81,3225.31,3233.12,20258
2025.05.19 20:00:00,3233.08,3233.70,3218.96,3222.44,7642
2025.05.20 00:00:00,3222.44,3232.61,3204.60,3211.49,33556
2025.05.20 04:00:00,3211.49,3225.38,3207.96,3222.80,26905
2025.05.20 08:00:00,3222.80,3241.62,3218.24,3241.25,24286
2025.05.20 12:00:00,3241.25,3285.74,3232.90,3277.23,60330
2025.05.20 16:00:00,3277.23,3295.08,3275.18,3294.08,24477
2025.05.20 20:00:00,3294.08,3304.09,3288.59,3290.67,14188
2025.05.21 00:00:00,3290.63,3314.61,3285.35,3307.54,34840
2025.05.21 04:00:00,3307.53,3320.59,3298.36,3309.85,32398
2025.05.21 08:00:00,3309.85,3318.29,3303.92,3311.20,26165
2025.05.21 12:00:00,3311.20,3315.23,3290.93,3311.92,53375
2025.05.21 16:00:00,3311.92,3324.84,3302.70,3318.26,31890
2025.05.21 20:00:00,3318.26,3324.16,3313.12,3320.08,11229
2025.05.22 00:00:00,3320.08,3345.42,3319.41,3335.34,37284
2025.05.22 04:00:00,3335.34,3339.48,3322.55,3327.60,31730
2025.05.22 08:00:00,3327.60,3329.90,3283.02,3314.45,45162
2025.05.22 12:00:00,3314.41,3315.79,3279.24,3294.58,66271
2025.05.22 16:00:00,3294.62,3304.89,3289.05,3290.17,35427
2025.05.22 20:00:00,3290.17,3302.01,3289.53,3300.04,8811
2025.05.23 00:00:00,3300.04,3308.90,3287.06,3302.06,32085
2025.05.23 04:00:00,3302.06,3334.42,3301.94,3329.25,32292
2025.05.23 08:00:00,3329.25,3349.69,3322.59,3348.03,35377
2025.05.23 12:00:00,3348.07,3364.66,3336.53,3361.65,74003
2025.05.23 16:00:00,3361.65,3365.94,3356.31,3360.69,31497
2025.05.23 20:00:00,3360.69,3361.70,3356.88,3357.98,2276
2025.05.25 20:00:00,3351.76,3352.25,3341.31,3342.64,9797
2025.05.26 00:00:00,3342.65,3356.79,3331.39,3347.64,28184
2025.05.26 04:00:00,3347.64,3351.79,3332.15,3337.34,22124
2025.05.26 08:00:00,3337.41,3339.62,3323.66,3333.17,20613
2025.05.26 12:00:00,3333.17,3341.69,3326.32,3337.88,22957
2025.05.26 16:00:00,3337.93,3343.61,3337.53,3342.19,5859
2025.05.26 20:00:00,3343.54,3348.84,3342.86,3346.14,6588
2025.05.27 00:00:00,3346.14,3349.97,3331.74,3341.19,25690
2025.05.27 04:00:00,3341.19,3341.52,3292.57,3296.35,42362
2025.05.27 08:00:00,3296.29,3310.36,3287.66,3288.41,39437
2025.05.27 12:00:00,3288.41,3304.80,3285.79,3293.52,54339
2025.05.27 16:00:00,3293.52,3307.95,3293.03,3304.34,23645
2025.05.27 20:00:00,3304.34,3310.85,3299.53,3309.35,9667
2025.05.28 00:00:00,3309.35,3315.78,3291.63,3297.73,32536
2025.05.28 04:00:00,3297.73,3322.36,3294.37,3319.11,30912
2025.05.28 08:00:00,3319.13,3325.45,3307.42,3311.24,25697
2025.05.28 12:00:00,3311.17,3316.40,3292.48,3296.04,44581
2025.05.28 16:00:00,3296.04,3302.96,3288.47,3296.99,28241
2025.05.28 20:00:00,3296.99,3297.35,3250.17,3259.71,23510
2025.05.29 00:00:00,3259.73,3280.09,3245.48,3274.57,49047
2025.05.29 04:00:00,3274.51,3287.44,3266.12,3286.61,31099
2025.05.29 08:00:00,3286.41,3305.47,3276.21,3299.71,29308
2025.05.29 12:00:00,3299.71,3321.92,3298.53,3321.56,56687
2025.05.29 16:00:00,3321.63,3331.09,3315.47,3316.55,30941
2025.05.29 20:00:00,3316.61,3320.92,3312.84,3315.58,9978
2025.05.30 00:00:00,3315.58,3322.73,3291.27,3294.48,34179
2025.05.30 04:00:00,3294.48,3304.98,3287.41,3295.01,28243
2025.05.30 08:00:00,3295.01,3300.56,3288.56,3293.94,25250
2025.05.30 12:00:00,3293.94,3308.27,3271.51,3288.58,66157
2025.05.30 16:00:00,3288.58,3295.79,3283.92,3294.88,32331
2025.05.30 20:00:00,3294.87,3295.81,3289.83,3291.92,2437
2025.06.01 20:00:00,3303.13,3316.66,3299.86,3310.18,10787
2025.06.02 00:00:00,3310.18,3314.99,3301.46,3308.68,32498
2025.06.02 04:00:00,3308.68,3358.98,3308.68,3352.49,39057
2025.06.02 08:00:00,3352.49,3360.10,3344.48,3356.25,35334
2025.06.02 12:00:00,3356.23,3378.87,3350.42,3374.27,61040
2025.06.02 16:00:00,3374.23,3382.29,3369.24,3381.51,34300
2025.06.02 20:00:00,3381.48,3392.10,3378.37,3387.41,13498
2025.06.03 00:00:00,3387.41,3388.62,3359.61,3361.03,47005
2025.06.03 04:00:00,3361.03,3367.82,3351.16,3359.57,37976
2025.06.03 08:00:00,3359.57,3364.81,3353.31,3359.21,29457
2025.06.03 12:00:00,3359.21,3363.03,3333.12,3350.28,57071
2025.06.03 16:00:00,3350.28,3355.46,3344.64,3352.58,25962
2025.06.03 20:00:00,3352.58,3361.62,3352.55,3359.88,8519
2025.06.04 00:00:00,3359.88,3372.55,3346.42,3359.14,38211
2025.06.04 04:00:00,3359.14,3365.19,3348.01,3354.64,35425
2025.06.04 08:00:00,3354.64,3365.05,3343.72,3346.59,35282
2025.06.04 12:00:00,3346.56,3384.69,3344.42,3371.68,57680
2025.06.04 16:00:00,3371.68,3382.10,3370.85,3373.51,18970
2025.06.04 20:00:00,3373.51,3378.98,3370.70,3378.10,8022
2025.06.05 00:00:00,3378.10,3384.15,3368.17,3369.70,30489
2025.06.05 04:00:00,3369.70,3374.44,3361.19,3371.26,26862
2025.06.05 08:00:00,3371.26,3403.34,3369.78,3392.23,38143
2025.06.05 12:00:00,3392.23,3400.09,3339.60,3344.77,76296
2025.06.05 16:00:00,3344.77,3361.37,3339.85,3356.82,37020
2025.06.05 20:00:00,3356.69,3363.51,3351.91,3361.83,12345
2025.06.06 00:00:00,3361.83,3371.88,3356.08,3369.65,31440
2025.06.06 04:00:00,3369.65,3375.60,3352.73,3359.43,31449
2025.06.06 08:00:00,3359.43,3367.74,3352.82,3358.28,24600
2025.06.06 12:00:00,3358.28,3364.25,3316.41,3332.18,72302
2025.06.06 16:00:00,3332.18,3332.70,3311.26,3312.32,26955
2025.06.06 20:00:00,3312.32,3312.79,3307.11,3310.92,2627
2025.06.08 20:00:00,3317.86,3321.17,3309.18,3318.01,8366
2025.06.09 00:00:00,3318.01,3318.59,3293.61,3310.77,37678
2025.06.09 04:00:00,3310.77,3328.60,3309.20,3324.15,26243
2025.06.09 08:00:00,3324.15,3325.62,3312.07,3317.42,23267
2025.06.09 12:00:00,3317.42,3332.13,3310.69,3328.62,41988
2025.06.09 16:00:00,3328.62,3338.19,3325.89,3327.09,23292
2025.06.09 20:00:00,3327.09,3329.55,3321.45,3326.77,8466
2025.06.10 00:00:00,3326.77,3326.79,3301.81,3307.49,34902
2025.06.10 04:00:00,3307.49,3332.14,3302.83,3330.13,32159
2025.06.10 08:00:00,3330.13,3342.51,3326.10,3333.68,22097
2025.06.10 12:00:00,3333.68,3349.11,3323.16,3326.62,46165
2025.06.10 16:00:00,3326.62,3334.52,3319.35,3328.67,23739
2025.06.10 20:00:00,3328.68,3328.87,3315.46,3327.96,11978
2025.06.11 00:00:00,3327.96,3341.67,3325.07,3339.34,27674
2025.06.11 04:00:00,3339.34,3348.56,3332.42,3345.68,26057
2025.06.11 08:00:00,3345.68,3346.73,3326.08,3333.07,25468
2025.06.11 12:00:00,3333.07,3360.76,3327.32,3333.18,56427
2025.06.11 16:00:00,3333.18,3349.30,3319.23,3346.80,33543
2025.06.11 20:00:00,3346.80,3373.44,3346.56,3365.50,15961
2025.06.12 00:00:00,3365.50,3377.74,3362.20,3373.36,40566
2025.06.12 04:00:00,3373.36,3375.82,3338.54,3346.24,32169
2025.06.12 08:00:00,3346.20,3388.59,3346.20,3379.24,39779
2025.06.12 12:00:00,3379.24,3398.95,3376.43,3385.73,57903
2025.06.12 16:00:00,3385.73,3391.26,3378.05,3388.20,27720
2025.06.12 20:00:00,3388.14,3396.29,3379.63,3395.82,10513
2025.06.13 00:00:00,3395.73,3444.46,3391.72,3425.53,60790
2025.06.13 04:00:00,3425.50,3430.32,3407.96,3414.92,35564
2025.06.13 08:00:00,3414.91,3427.69,3411.54,3422.19,33764
2025.06.13 12:00:00,3422.19,3446.76,3420.92,3426.21,56443
2025.06.13 16:00:00,3426.21,3439.51,3419.15,3432.31,33794
2025.06.13 20:00:00,3432.31,3434.71,3428.99,3433.88,4019
2025.06.15 20:00:00,3441.10,3451.08,3438.55,3444.16,12968
2025.06.16 00:00:00,3444.17,3451.23,3429.21,3431.58,34481
2025.06.16 04:00:00,3431.58,3433.29,3409.48,3412.61,32920
2025.06.16 08:00:00,3412.61,3422.60,3409.74,3414.94,26540
2025.06.16 12:00:00,3414.94,3417.96,3383.19,3404.54,51935
2025.06.16 16:00:00,3404.54,3404.98,3382.80,3384.08,25057
2025.06.16 20:00:00,3384.00,3402.90,3383.37,3402.83,13606
2025.06.17 00:00:00,3402.83,3403.23,3373.91,3387.53,33083
2025.06.17 04:00:00,3387.53,3396.23,3381.17,3387.76,26825
2025.06.17 08:00:00,3387.76,3400.06,3375.75,3388.54,31838
2025.06.17 12:00:00,3388.54,3397.44,3366.17,3379.30,57870
2025.06.17 16:00:00,3379.30,3392.42,3376.66,3385.71,27567
2025.06.17 20:00:00,3385.68,3396.12,3383.58,3387.35,9584
2025.06.18 00:00:00,3387.35,3391.48,3370.58,3390.97,29641
2025.06.18 04:00:00,3390.97,3399.98,3377.07,3385.92,29289
2025.06.18 08:00:00,3385.92,3388.38,3375.52,3382.06,25756
2025.06.18 12:00:00,3382.06,3396.84,3373.82,3392.69,46443
2025.06.18 16:00:00,3392.69,3395.68,3362.90,3366.76,44430
2025.06.18 20:00:00,3366.76,3379.84,3362.56,3375.05,13138
2025.06.19 00:00:00,3375.05,3387.93,3369.71,3373.63,28568
2025.06.19 04:00:00,3373.63,3375.33,3347.57,3365.94,39889
2025.06.19 08:00:00,3365.94,3378.46,3362.26,3371.96,24964
2025.06.19 12:00:00,3371.96,3372.93,3361.44,3369.13,33873
2025.06.19 16:00:00,3369.15,3375.40,3365.92,3370.44,10665
2025.06.19 20:00:00,3369.61,3370.42,3361.93,3368.77,8456
2025.06.20 00:00:00,3368.77,3370.27,3344.62,3355.52,36221
2025.06.20 04:00:00,3355.52,3357.68,3340.36,3347.65,30002
2025.06.20 08:00:00,3347.65,3359.26,3346.62,3346.99,23681
2025.06.20 12:00:00,3346.99,3374.46,3341.88,3369.79,48678
2025.06.20 16:00:00,3369.79,3373.34,3364.61,3365.51,24503
2025.06.20 20:00:00,3365.51,3369.20,3364.65,3368.04,2519
2025.06.22 20:00:00,3383.61,3388.92,3371.13,3372.73,14028
2025.06.23 00:00:00,3372.73,3373.59,3351.94,3363.33,38062
2025.06.23 04:00:00,3363.33,3364.99,3347.04,3357.53,29997
2025.06.23 08:00:00,3357.53,3382.05,3357.53,3380.72,28561
2025.06.23 12:00:00,3380.72,3389.81,3355.88,3387.13,52211
2025.06.23 16:00:00,3387.13,3393.50,3375.48,3376.38,40493
2025.06.23 20:00:00,3376.42,3377.27,3342.59,3344.17,18164
2025.06.24 00:00:00,3344.26,3357.80,3333.11,3352.43,37896
2025.06.24 04:00:00,3352.43,3353.30,3316.06,3329.65,43108
2025.06.24 08:00:00,3329.61,3332.36,3317.86,3321.14,28530
2025.06.24 12:00:00,3321.14,3321.14,3295.48,3313.24,64216
2025.06.24 16:00:00,3313.24,3325.25,3311.32,3323.62,28620
2025.06.24 20:00:00,3323.60,3324.84,3320.86,3324.17,8456
2025.06.25 00:00:00,3324.17,3335.24,3323.62,3328.38,29809
2025.06.25 04:00:00,3328.38,3337.12,3325.83,3330.63,26651
2025.06.25 08:00:00,3330.63,3332.39,3321.55,3322.64,32717
2025.06.25 12:00:00,3322.64,3329.49,3311.98,3325.62,44295
2025.06.25 16:00:00,3325.62,3336.05,3324.18,3333.68,31850
2025.06.25 20:00:00,3333.68,3340.21,3331.32,3339.02,11627
2025.06.26 00:00:00,3339.02,3343.15,3329.25,3337.99,29000
2025.06.26 04:00:00,3337.99,3347.20,3331.09,3346.12,29709
2025.06.26 08:00:00,3346.12,3350.31,3331.57,3332.94,35033
2025.06.26 12:00:00,3332.94,3344.07,3309.91,3324.85,61998
2025.06.26 16:00:00,3324.85,3336.45,3323.80,3331.34,29594
2025.06.26 20:00:00,3331.34,3332.37,3316.30,3318.77,10943
2025.06.27 00:00:00,3318.78,3322.05,3292.59,3294.36,36728
2025.06.27 04:00:00,3294.36,3300.99,3283.60,3284.42,40137
2025.06.27 08:00:00,3284.42,3291.10,3276.08,3281.41,40609
2025.06.27 12:00:00,3281.37,3282.32,3256.03,3274.59,66271
2025.06.27 16:00:00,3274.59,3282.82,3268.40,3270.61,36523
2025.06.27 20:00:00,3270.61,3275.49,3270.36,3273.46,3086
2025.06.29 20:00:00,3272.35,3274.20,3247.52,3263.88,16485
2025.06.30 00:00:00,3263.83,3283.34,3259.52,3279.05,33693
2025.06.30 04:00:00,3279.05,3296.82,3277.03,3292.97,26620
2025.06.30 08:00:00,3292.97,3296.55,3274.60,3277.92,32452
2025.06.30 12:00:00,3277.92,3290.76,3277.92,3289.60,43492
2025.06.30 16:00:00,3289.60,3309.50,3289.19,3308.65,28696
2025.06.30 20:00:00,3308.65,3314.62,3302.20,3312.50,12352
2025.07.01 00:00:00,3312.50,3322.64,3309.92,3321.11,30018
2025.07.01 04:00:00,3321.11,3339.91,3318.97,3339.55,33252
2025.07.01 08:00:00,3339.55,3353.06,3336.85,3349.04,34115
2025.07.01 12:00:00,3349.04,3358.03,3337.08,3340.27,57897
2025.07.01 16:00:00,3340.27,3343.51,3336.91,3338.07,28274
2025.07.01 20:00:00,3338.08,3343.67,3336.81,3338.15,10940
2025.07.02 00:00:00,3338.15,3344.99,3328.55,3339.94,30993
2025.07.02 04:00:00,3339.94,3343.88,3327.58,3334.74,28112
2025.07.02 08:00:00,3334.74,3347.74,3332.96,3342.28,26404
2025.07.02 12:00:00,3342.28,3351.14,3333.89,3341.04,49411
2025.07.02 16:00:00,3341.04,3359.57,3340.96,3358.22,26591
2025.07.02 20:00:00,3358.22,3365.71,3348.86,3349.34,12496
2025.07.03 00:00:00,3349.34,3351.49,3341.93,3347.52,25650
2025.07.03 04:00:00,3347.52,3363.71,3347.45,3353.06,28189
2025.07.03 08:00:00,3353.07,3358.33,3343.10,3346.06,28188
2025.07.03 12:00:00,3346.06,3352.30,3311.61,3328.05,60488
2025.07.03 16:00:00,3328.05,3334.87,3325.70,3328.75,15507
2025.07.03 20:00:00,3328.75,3332.03,3323.63,3330.84,7649
2025.07.04 00:00:00,3330.84,3338.86,3325.88,3338.39,24133
2025.07.04 04:00:00,3338.39,3345.11,3336.45,3342.92,25924
2025.07.04 08:00:00,3342.92,3344.21,3331.55,3334.74,23848
2025.07.04 12:00:00,3334.74,3338.02,3330.86,3332.41,25830
2025.07.04 16:00:00,3332.41,3337.42,3332.32,3337.01,3432
2025.07.06 20:00:00,3341.41,3341.97,3326.28,3328.92,8359
2025.07.07 00:00:00,3328.92,3329.73,3306.00,3310.97,36502
2025.07.07 04:00:00,3310.97,3315.27,3300.68,3302.24,34427
2025.07.07 08:00:00,3302.24,3312.81,3296.43,3301.95,37660
2025.07.07 12:00:00,3301.87,3321.99,3300.52,3320.87,45905
2025.07.07 16:00:00,3320.87,3340.37,3320.11,3337.01,39107
2025.07.07 20:00:00,3337.10,3345.84,3333.89,3334.60,11261
2025.07.08 00:00:00,3334.60,3338.04,3329.63,3331.57,29259
2025.07.08 04:00:00,3331.57,3339.49,3327.41,3333.92,25928
2025.07.08 08:00:00,3333.92,3333.92,3319.97,3325.00,30723
2025.07.08 12:00:00,3325.01,3329.84,3287.17,3298.19,57728
2025.07.08 16:00:00,3298.19,3310.36,3295.88,3302.92,39389
2025.07.08 20:00:00,3302.91,3304.09,3297.26,3302.31,11176
2025.07.09 00:00:00,3302.31,3307.93,3285.04,3293.35,31123
2025.07.09 04:00:00,3293.35,3297.86,3285.62,3291.96,28510
2025.07.09 08:00:00,3291.94,3295.92,3282.72,3284.91,31029
2025.07.09 12:00:00,3284.91,3312.91,3284.91,3309.69,48635
2025.07.09 16:00:00,3309.59,3316.84,3307.93,3315.69,27014
2025.07.09 20:00:00,3315.68,3321.12,3311.58,3317.63,9088
2025.07.10 00:00:00,3317.65,3326.32,3315.46,3315.74,23682
2025.07.10 04:00:00,3315.74,3329.46,3314.90,3321.10,21553
2025.07.10 08:00:00,3321.10,3330.30,3318.35,3320.45,24869
2025.07.10 12:00:00,3320.45,3329.42,3310.08,3319.65,44514
2025.07.10 16:00:00,3319.65,3325.98,3312.19,3324.84,25132
2025.07.10 20:00:00,3324.84,3326.46,3321.84,3323.83,9249
2025.07.11 00:00:00,3323.83,3336.18,3323.61,3333.75,31084
2025.07.11 04:00:00,3333.75,3343.87,3329.63,3341.96,33683
2025.07.11 08:00:00,3341.98,3350.27,3332.82,3347.51,35067
2025.07.11 12:00:00,3347.51,3368.68,3344.26,3358.88,61328
2025.07.11 16:00:00,3358.88,3359.76,3349.28,3356.43,35240
2025.07.11 20:00:00,3356.43,3357.97,3353.57,3357.92,2665
2025.07.13 20:00:00,3361.18,3374.03,3359.82,3367.77,13420
2025.07.14 00:00:00,3367.77,3373.29,3353.93,3357.02,34542
2025.07.14 04:00:00,3357.02,3375.00,3353.80,3371.93,34058
2025.07.14 08:00:00,3371.93,3374.64,3363.92,3364.11,26104
2025.07.14 12:00:00,3364.11,3366.60,3341.04,3345.11,52124
2025.07.14 16:00:00,3345.11,3351.71,3343.13,3344.15,28171
2025.07.14 20:00:00,3344.15,3346.50,3341.27,3345.33,8290
2025.07.15 00:00:00,3345.33,3358.36,3344.77,3357.89,22770
2025.07.15 04:00:00,3357.89,3365.17,3357.44,3364.35,22905
2025.07.15 08:00:00,3364.33,3366.37,3354.20,3354.90,26452
2025.07.15 12:00:00,3354.90,3360.48,3325.45,3328.96,61983
2025.07.15 16:00:00,3328.93,3331.94,3320.24,3330.47,31851
2025.07.15 20:00:00,3330.47,3331.79,3323.96,3331.06,7622
2025.07.16 00:00:00,3331.06,3335.08,3325.11,3334.37,23633
2025.07.16 04:00:00,3334.37,3342.05,3332.82,3337.88,20474
2025.07.16 08:00:00,3337.88,3343.03,3333.80,3339.31,22226
2025.07.16 12:00:00,3339.32,3377.40,3319.69,3343.72,72650
2025.07.16 16:00:00,3343.53,3357.42,3339.17,3347.13,44105
2025.07.16 20:00:00,3347.15,3352.16,3345.33,3346.52,9844
2025.07.17 00:00:00,3346.52,3347.36,3336.36,3341.51,23461
2025.07.17 04:00:00,3341.51,3344.73,3325.20,3325.82,26927
2025.07.17 08:00:00,3325.82,3332.49,3322.37,3324.26,24476
2025.07.17 12:00:00,3324.26,3338.43,3309.83,3336.80,57390
2025.07.17 16:00:00,3336.80,3341.11,3335.50,3339.77,28211
2025.07.17 20:00:00,3339.79,3344.04,3337.40,3340.26,9347
2025.07.18 00:00:00,3340.31,3344.23,3334.11,3334.64,23742
2025.07.18 04:00:00,3334.64,3350.10,3331.85,3349.86,24954
2025.07.18 08:00:00,3349.86,3357.69,3346.24,3354.34,25788
2025.07.18 12:00:00,3354.34,3361.25,3351.22,3353.69,47187
2025.07.18 16:00:00,3353.69,3357.46,3347.67,3348.31,27133
2025.07.18 20:00:00,3348.31,3351.53,3347.78,3351.13,2246
2025.07.20 20:00:00,3348.80,3350.07,3345.03,3349.13,6009
2025.07.21 00:00:00,3349.13,3358.58,3347.68,3351.30,21178
2025.07.21 04:00:00,3351.30,3370.73,3350.68,3364.74,26603
2025.07.21 08:00:00,3364.74,3375.63,3362.72,3375.39,26077
2025.07.21 12:00:00,3375.39,3401.52,3374.57,3398.01,59118
2025.07.21 16:00:00,3398.01,3399.76,3391.44,3398.84,34006
2025.07.21 20:00:00,3398.84,3402.72,3393.26,3396.49,9501
2025.07.22 00:00:00,3396.49,3397.70,3385.14,3392.53,26449
2025.07.22 04:00:00,3392.53,3392.53,3383.31,3387.57,23017
2025.07.22 08:00:00,3387.57,3391.61,3384.55,3391.38,23893
2025.07.22 12:00:00,3391.38,3430.53,3391.03,3426.53,63308
2025.07.22 16:00:00,3426.53,3433.46,3426.30,3431.64,36434
2025.07.22 20:00:00,3431.59,3433.32,3426.28,3427.45,11849
2025.07.23 00:00:00,3427.42,3438.99,3419.20,3423.13,39308
2025.07.23 04:00:00,3423.13,3429.65,3416.39,3420.69,34137
2025.07.23 08:00:00,3420.69,3433.79,3420.43,3428.22,29512
2025.07.23 12:00:00,3428.22,3429.93,3398.22,3398.22,55284
2025.07.23 16:00:00,3398.22,3398.22,3381.47,3390.18,44912
2025.07.23 20:00:00,3390.18,3392.48,3386.13,3390.06,8437
2025.07.24 00:00:00,3390.06,3393.38,3374.91,3383.80,34009
2025.07.24 04:00:00,3383.79,3385.35,3366.09,3367.73,31869
2025.07.24 08:00:00,3367.76,3374.66,3361.35,3362.18,30381
2025.07.24 12:00:00,3362.16,3377.41,3351.38,3372.58,59127
2025.07.24 16:00:00,3372.58,3373.75,3366.30,3370.47,29319
2025.07.24 20:00:00,3370.48,3371.45,3365.10,3369.45,10243
2025.07.25 00:00:00,3369.45,3373.48,3358.74,3359.14,22619
2025.07.25 04:00:00,3359.14,3363.46,3352.73,3354.07,23386
2025.07.25 08:00:00,3354.07,3355.34,3338.70,3341.03,25509
2025.07.25 12:00:00,3341.03,3347.54,3325.08,3327.81,57977
2025.07.25 16:00:00,3327.81,3340.30,3326.25,3337.69,27979
2025.07.25 20:00:00,3337.69,3339.19,3336.65,3338.81,2405
2025.07.27 20:00:00,3329.36,3337.36,3324.42,3333.64,11640
2025.07.28 00:00:00,3333.64,3343.35,3327.67,3343.24,28052
2025.07.28 04:00:00,3343.24,3345.36,3333.95,3335.01,26456
2025.07.28 08:00:00,3335.01,3340.73,3332.39,3336.49,25810
2025.07.28 12:00:00,3336.60,3338.37,3301.81,3314.79,55352
2025.07.28 16:00:00,3314.79,3318.82,3308.83,3317.17,31463
2025.07.28 20:00:00,3317.17,3318.47,3310.43,3312.64,10930
2025.07.29 00:00:00,3312.64,3320.86,3308.08,3312.62,27697
2025.07.29 04:00:00,3312.62,3322.34,3309.10,3317.15,31139
2025.07.29 08:00:00,3317.16,3330.03,3314.97,3315.27,32190
2025.07.29 12:00:00,3315.27,3334.11,3312.00,3320.67,54753
2025.07.29 16:00:00,3320.67,3330.89,3319.10,3325.04,31646
2025.07.29 20:00:00,3325.06,3329.20,3324.72,3327.60,7284
2025.07.30 00:00:00,3327.60,3333.70,3321.84,3328.39,25110
2025.07.30 04:00:00,3328.39,3332.19,3323.10,3327.77,21879
2025.07.30 08:00:00,3327.77,3334.01,3324.02,3330.84,26034
2025.07.30 12:00:00,3330.86,3331.89,3288.79,3290.42,57468
2025.07.30 16:00:00,3290.42,3304.96,3268.07,3269.39,53736
2025.07.30 20:00:00,3269.39,3285.84,3268.98,3285.31,14150
2025.07.31 00:00:00,3285.31,3298.61,3282.81,3295.11,29148
2025.07.31 04:00:00,3295.07,3309.74,3293.71,3303.43,24862
2025.07.31 08:00:00,3304.78,3314.85,3293.80,3306.19,32709
2025.07.31 12:00:00,3306.19,3311.18,3291.36,3295.55,54733
2025.07.31 16:00:00,3295.49,3298.45,3289.72,3291.02,36297
2025.07.31 20:00:00,3290.97,3295.19,3288.09,3288.57,10116
2025.08.01 00:00:00,3288.62,3297.13,3281.64,3291.46,31001
2025.08.01 04:00:00,3291.46,3300.46,3285.25,3286.82,29575
2025.08.01 08:00:00,3286.82,3303.12,3285.42,3300.36,28327
2025.08.01 12:00:00,3300.36,3355.13,3297.45,3348.58,81118
2025.08.01 16:00:00,3348.58,3361.28,3340.58,3357.25,40266
2025.08.01 20:00:00,3357.25,3362.74,3357.08,3362.64,3723
2025.08.03 20:00:00,3364.21,3364.59,3354.59,3362.00,9311
2025.08.04 00:00:00,3362.00,3362.35,3345.06,3360.32,29437
2025.08.04 04:00:00,3360.32,3362.68,3351.72,3355.86,26481
2025.08.04 08:00:00,3355.98,3370.70,3352.98,3370.35,29774
2025.08.04 12:00:00,3370.35,3385.39,3361.08,3374.33,51514
2025.08.04 16:00:00,3374.33,3378.18,3370.58,3376.00,28734
2025.08.04 20:00:00,3376.00,3379.68,3373.41,3377.45,8505
2025.08.05 00:00:00,3377.45,3382.40,3372.12,3372.17,22257
2025.08.05 04:00:00,3372.17,3375.52,3365.75,3373.69,24647
2025.08.05 08:00:00,3373.69,3374.65,3349.87,3351.38,29722
2025.08.05 12:00:00,3351.38,3390.05,3349.90,3389.50,53466
2025.08.05 16:00:00,3389.50,3390.43,3376.98,3379.00,26416
2025.08.05 20:00:00,3379.00,3383.98,3378.21,3383.27,7065
2025.08.06 00:00:00,3383.27,3385.31,3373.16,3374.59,23411
2025.08.06 04:00:00,3374.59,3378.63,3369.07,3373.61,19876
2025.08.06 08:00:00,3373.61,3374.80,3358.22,3365.19,26540
2025.08.06 12:00:00,3365.19,3379.93,3360.22,3377.45,45877
2025.08.06 16:00:00,3377.45,3379.36,3369.05,3371.71,30554
2025.08.06 20:00:00,3371.71,3374.78,3367.18,3370.17,12079
2025.08.07 00:00:00,3370.21,3384.15,3365.25,3379.77,35183
2025.08.07 04:00:00,3379.77,3397.35,3371.68,3396.18,40200
2025.08.07 08:00:00,3396.18,3396.58,3371.77,3378.24,56344
2025.08.07 12:00:00,3378.24,3393.84,3375.27,3390.14,68721
2025.08.07 16:00:00,3390.13,3400.70,3384.38,3399.79,40429
2025.08.07 20:00:00,3399.84,3409.06,3388.71,3400.57,27621
2025.08.08 00:00:00,3400.57,3402.41,3381.13,3395.85,70642
2025.08.08 04:00:00,3395.86,3404.28,3388.80,3402.06,60545
2025.08.08 08:00:00,3402.18,3402.62,3380.56,3386.15,79791
2025.08.08 12:00:00,3386.15,3401.84,3381.17,3395.34,93090
2025.08.08 16:00:00,3395.34,3404.18,3379.18,3398.55,65190
2025.08.08 20:00:00,3398.55,3398.98,3392.28,3398.20,6306
2025.08.10 20:00:00,3400.55,3401.87,3390.14,3391.50,8001
2025.08.11 00:00:00,3391.50,3391.65,3367.72,3378.29,42901
2025.08.11 04:00:00,3378.29,3380.11,3356.97,3360.22,38930
2025.08.11 08:00:00,3360.24,3365.88,3349.92,3355.29,44045
2025.08.11 12:00:00,3355.29,3362.86,3341.52,3349.43,59131
2025.08.11 16:00:00,3349.43,3358.85,3341.23,3351.54,38494
2025.08.11 20:00:00,3351.54,3351.76,3342.23,3349.04,11887
2025.08.12 00:00:00,3349.04,3357.47,3346.19,3349.43,26558
2025.08.12 04:00:00,3349.43,3358.12,3342.33,3355.64,30208
2025.08.12 08:00:00,3355.64,3355.83,3336.16,3347.52,29729
2025.08.12 12:00:00,3347.52,3359.31,3331.13,3349.82,74380
2025.08.12 16:00:00,3349.84,3351.20,3345.54,3347.60,31378
2025.08.12 20:00:00,3347.60,3353.76,3345.99,3350.59,9012
2025.08.13 00:00:00,3350.59,3354.39,3342.71,3349.65,27174
2025.08.13 04:00:00,3349.65,3360.93,3345.67,3354.63,25621
2025.08.13 08:00:00,3354.63,3367.08,3352.81,3362.32,31351
2025.08.13 12:00:00,3362.32,3370.76,3354.20,3357.75,46871
2025.08.13 16:00:00,3357.75,3360.93,3349.98,3357.83,24105
2025.08.13 20:00:00,3357.83,3363.48,3355.60,3362.78,8082
2025.08.14 00:00:00,3362.78,3374.77,3355.51,3360.41,33055
2025.08.14 04:00:00,3360.39,3366.42,3343.84,3346.03,32157
2025.08.14 08:00:00,3346.03,3359.14,3341.49,3355.40,33973
2025.08.14 12:00:00,3355.44,3358.41,3334.34,3341.78,63248
2025.08.14 16:00:00,3341.73,3342.03,3329.84,3338.01,30577
2025.08.14 20:00:00,3338.01,3338.55,3332.25,3335.57,9181
2025.08.15 00:00:00,3335.57,3344.85,3332.42,3343.42,21985
2025.08.15 04:00:00,3343.36,3348.76,3340.11,3346.24,24816
2025.08.15 08:00:00,3346.24,3348.27,3336.34,3342.34,28375
2025.08.15 12:00:00,3342.34,3345.98,3332.96,3342.31,45988
2025.08.15 16:00:00,3342.31,3342.44,3334.44,3339.15,24186
2025.08.15 20:00:00,3339.15,3339.43,3336.22,3336.37,2554
2025.08.17 20:00:00,3334.65,3335.38,3323.58,3327.08,7204
2025.08.18 00:00:00,3327.08,3351.81,3326.80,3347.13,28366
2025.08.18 04:00:00,3347.08,3358.44,3346.12,3349.05,29743
2025.08.18 08:00:00,3349.05,3351.71,3344.59,3345.45,22811
2025.08.18 12:00:00,3345.45,3348.78,3332.26,3335.61,38417
2025.08.18 16:00:00,3335.64,3335.83,3330.29,3333.56,20416
2025.08.18 20:00:00,3333.55,3334.69,3330.57,3330.96,6164
2025.08.19 00:00:00,3330.96,3341.63,3326.14,3337.83,29449
2025.08.19 04:00:00,3337.83,3341.80,3334.46,3340.76,22555
2025.08.19 08:00:00,3340.76,3345.33,3336.48,3339.75,19805
2025.08.19 12:00:00,3339.75,3340.57,3320.99,3322.69,46375
2025.08.19 16:00:00,3322.69,3324.43,3315.00,3315.88,25693
2025.08.19 20:00:00,3315.88,3317.61,3312.92,3314.26,8059
2025.08.20 00:00:00,3314.26,3318.67,3311.54,3317.62,27585
2025.08.20 04:00:00,3317.63,3327.51,3317.26,3324.87,22478
2025.08.20 08:00:00,3324.87,3332.91,3320.97,3332.32,24737
2025.08.20 12:00:00,3332.32,3350.21,3332.14,3340.69,44411
2025.08.20 16:00:00,3340.69,3349.26,3340.69,3348.74,22506
2025.08.20 20:00:00,3348.74,3352.16,3346.41,3346.95,7758
2025.08.21 00:00:00,3346.95,3346.96,3339.73,3339.90,20823
2025.08.21 04:00:00,3339.90,3341.51,3334.28,3339.69,21559
2025.08.21 08:00:00,3339.69,3342.19,3325.18,3333.60,26453
2025.08.21 12:00:00,3333.60,3348.15,3333.60,3343.64,50921
2025.08.21 16:00:00,3343.64,3343.93,3336.62,3338.81,21966
2025.08.21 20:00:00,3338.82,3340.66,3337.39,3338.38,6093
2025.08.22 00:00:00,3338.38,3340.26,3331.79,3331.95,20269
2025.08.22 04:00:00,3331.95,3335.10,3325.73,3327.50,23331
2025.08.22 08:00:00,3327.50,3331.75,3325.41,3329.36,21322
2025.08.22 12:00:00,3329.36,3378.82,3321.47,3367.87,61951
2025.08.22 16:00:00,3367.87,3375.54,3367.85,3373.23,29130
2025.08.22 20:00:00,3373.23,3373.64,3370.17,3371.80,2454
2025.08.24 20:00:00,3368.66,3371.08,3365.96,3369.11,5515
2025.08.25 00:00:00,3369.11,3369.69,3359.75,3367.33,19802
2025.08.25 04:00:00,3367.33,3369.84,3363.13,3366.20,15016
2025.08.25 08:00:00,3366.20,3371.58,3361.99,3370.58,16978
2025.08.25 12:00:00,3370.58,3376.29,3362.19,3374.06,35438
2025.08.25 16:00:00,3374.06,3374.83,3365.20,3365.45,21189
2025.08.25 20:00:00,3365.45,3367.15,3351.67,3354.89,11144
2025.08.26 00:00:00,3354.89,3386.56,3351.35,3372.22,41085
2025.08.26 04:00:00,3372.22,3379.17,3367.28,3376.81,27233
2025.08.26 08:00:00,3376.81,3380.43,3367.27,3377.57,28630
2025.08.26 12:00:00,3377.57,3389.40,3370.32,3386.64,45693
2025.08.26 16:00:00,3386.64,3390.85,3380.30,3389.73,26443
2025.08.26 20:00:00,3389.71,3394.38,3388.80,3390.94,8177
2025.08.27 00:00:00,3390.94,3393.51,3380.55,3380.62,23845
2025.08.27 04:00:00,3380.62,3381.99,3373.84,3381.51,26038
2025.08.27 08:00:00,3381.51,3385.49,3373.80,3376.80,28768
2025.08.27 12:00:00,3376.80,3390.39,3374.33,3388.00,43356
2025.08.27 16:00:00,3388.00,3398.85,3387.52,3396.20,28736
2025.08.27 20:00:00,3396.20,3399.33,3394.18,3395.74,9749
2025.08.28 00:00:00,3395.74,3398.07,3384.61,3390.15,28325
2025.08.28 04:00:00,3390.15,3397.64,3387.67,3395.85,23489
2025.08.28 08:00:00,3395.85,3407.68,3393.85,3404.08,29500
2025.08.28 12:00:00,3404.08,3413.51,3394.34,3410.95,53924
2025.08.28 16:00:00,3410.95,3423.09,3409.96,3422.00,34598
2025.08.28 20:00:00,3422.01,3422.39,3414.79,3414.79,8574
2025.08.29 00:00:00,3414.79,3417.90,3407.92,3410.89,23990
2025.08.29 04:00:00,3410.89,3412.69,3406.52,3412.23,21341
2025.08.29 08:00:00,3412.23,3414.81,3404.33,3410.76,28168
2025.08.29 12:00:00,3410.74,3447.64,3406.76,3445.52,63491
2025.08.29 16:00:00,3445.52,3453.89,3441.11,3452.68,44851
2025.08.29 20:00:00,3452.68,3452.72,3445.83,3449.30,5927
2025.08.31 20:00:00,3445.84,3452.70,3442.41,3447.92,8041
2025.09.01 00:00:00,3447.96,3486.05,3437.06,3474.60,54127
2025.09.01 04:00:00,3474.60,3489.88,3467.74,3477.87,41570
2025.09.01 08:00:00,3477.87,3479.88,3466.36,3470.06,34943
2025.09.01 12:00:00,3470.06,3481.33,3467.21,3474.11,28040
2025.09.01 16:00:00,3474.11,3478.96,3472.32,3476.09,9256
2025.09.01 20:00:00,3475.46,3481.51,3474.60,3479.29,9543
2025.09.02 00:00:00,3479.29,3508.71,3476.98,3495.12,50359
2025.09.02 04:00:00,3495.10,3498.32,3472.19,3476.92,41227
2025.09.02 08:00:00,3476.92,3490.06,3470.18,3489.78,44142
2025.09.02 12:00:00,3489.78,3520.43,3474.46,3520.43,82000
2025.09.02 16:00:00,3520.43,3540.01,3518.17,3536.94,51347
2025.09.02 20:00:00,3536.96,3537.71,3526.35,3530.02,15195
2025.09.03 00:00:00,3530.02,3546.73,3528.07,3530.84,46518
2025.09.03 04:00:00,3530.84,3538.27,3526.87,3533.91,33511
2025.09.03 08:00:00,3533.91,3549.60,3532.37,3547.60,36397
2025.09.03 12:00:00,3547.60,3567.39,3541.39,3563.96,69241
2025.09.03 16:00:00,3563.96,3578.39,3561.25,3563.61,46281
2025.09.03 20:00:00,3563.62,3565.99,3554.45,3560.39,18404
2025.09.04 00:00:00,3560.39,3563.41,3511.48,3529.06,52730
2025.09.04 04:00:00,3529.06,3541.71,3524.39,3541.11,34229
2025.09.04 08:00:00,3541.11,3549.93,3536.62,3545.54,36546
2025.09.04 12:00:00,3545.54,3558.77,3535.07,3552.84,68133
2025.09.04 16:00:00,3552.84,3556.12,3542.56,3549.82,36502
2025.09.04 20:00:00,3549.83,3554.56,3540.12,3552.67,11732
2025.09.05 00:00:00,3552.67,3559.08,3545.99,3558.35,35224
2025.09.05 04:00:00,3558.35,3561.13,3546.64,3548.19,30088
2025.09.05 08:00:00,3548.19,3555.17,3544.83,3553.23,29484
2025.09.05 12:00:00,3553.26,3597.94,3548.83,3591.94,91859
2025.09.05 16:00:00,3591.99,3600.13,3590.47,3594.73,49070
2025.09.05 20:00:00,3594.65,3595.36,3587.35,3589.91,5426
2025.09.07 20:00:00,3592.00,3596.77,3587.15,3591.23,19003
2025.09.08 00:00:00,3591.23,3597.14,3583.02,3583.57,47657
2025.09.08 04:00:00,3583.57,3613.57,3579.62,3609.53,37551
2025.09.08 08:00:00,3609.51,3622.47,3607.18,3619.90,34782
2025.09.08 12:00:00,3619.88,3646.41,3614.65,3639.33,69543
2025.09.08 16:00:00,3639.33,3641.70,3631.92,3636.53,39179
2025.09.08 20:00:00,3636.56,3637.99,3628.25,3634.95,12365
2025.09.09 00:00:00,3634.95,3654.52,3633.51,3645.94,44298
2025.09.09 04:00:00,3645.94,3659.28,3636.74,3644.33,42560
2025.09.09 08:00:00,3644.33,3656.72,3641.92,3648.04,32451
2025.09.09 12:00:00,3648.04,3674.71,3626.94,3645.60,83822
2025.09.09 16:00:00,3645.60,3649.45,3628.56,3629.41,39909
2025.09.09 20:00:00,3629.40,3640.77,3623.11,3633.58,17835
2025.09.10 00:00:00,3633.58,3638.28,3620.39,3636.56,37649
2025.09.10 04:00:00,3636.56,3648.49,3636.56,3644.02,29807
2025.09.10 08:00:00,3644.03,3657.50,3641.93,3649.25,33421
2025.09.10 12:00:00,3649.25,3657.34,3638.64,3644.51,65190
2025.09.10 16:00:00,3644.53,3649.70,3635.26,3642.00,34176
2025.09.10 20:00:00,3642.00,3645.62,3637.93,3644.92,9334
2025.09.11 00:00:00,3644.92,3649.19,3629.90,3631.99,28684
2025.09.11 04:00:00,3631.99,3638.04,3622.84,3629.85,35489
2025.09.11 08:00:00,3629.85,3631.79,3614.21,3616.82,33488
2025.09.11 12:00:00,3616.82,3643.97,3612.85,3633.15,72380
2025.09.11 16:00:00,3633.14,3641.95,3630.48,3636.99,34633
2025.09.11 20:00:00,3636.99,3638.18,3631.56,3631.84,7381
2025.09.12 00:00:00,3631.84,3653.27,3630.46,3652.91,36502
2025.09.12 04:00:00,3652.90,3656.63,3647.83,3648.34,27111
2025.09.12 08:00:00,3648.34,3652.16,3637.65,3647.05,34379
2025.09.12 12:00:00,3647.05,3654.38,3638.30,3644.49,56650
2025.09.12 16:00:00,3644.49,3650.70,3642.66,3644.22,27505
2025.09.12 20:00:00,3644.22,3645.40,3641.36,3642.32,4020
2025.09.14 20:00:00,3644.56,3645.92,3636.85,3638.18,6422
2025.09.15 00:00:00,3638.18,3646.42,3626.69,3646.10,33368
2025.09.15 04:00:00,3646.10,3646.88,3633.77,3643.85,27527
2025.09.15 08:00:00,3643.85,3646.80,3635.79,3642.58,33076
2025.09.15 12:00:00,3642.58,3681.87,3636.93,3680.56,57462
2025.09.15 16:00:00,3680.51,3685.54,3674.76,3681.02,39203
2025.09.15 20:00:00,3681.02,3682.00,3676.13,3676.92,10218
2025.09.16 00:00:00,3676.92,3689.51,3674.76,3681.06,33988
2025.09.16 04:00:00,3681.06,3694.16,3680.16,3686.49,29263
2025.09.16 08:00:00,3686.49,3699.50,3686.15,3697.17,33923
2025.09.16 12:00:00,3697.16,3703.08,3678.87,3686.29,71335
2025.09.16 16:00:00,3686.29,3691.21,3684.67,3689.64,34925
2025.09.16 20:00:00,3689.64,3695.18,3689.49,3694.26,8369
2025.09.17 00:00:00,3694.26,3695.37,3674.33,3681.73,35824
2025.09.17 04:00:00,3681.73,3685.88,3666.67,3667.10,32258
2025.09.17 08:00:00,3667.10,3670.97,3660.08,3665.97,41784
2025.09.17 12:00:00,3665.97,3687.17,3665.66,3684.17,53079
2025.09.17 16:00:00,3684.21,3707.48,3646.21,3661.71,74583
2025.09.17 20:00:00,3661.71,3672.01,3655.76,3669.13,15623
2025.09.18 00:00:00,3669.13,3669.91,3651.87,3658.52,39206
2025.09.18 04:00:00,3658.52,3659.89,3633.93,3658.97,45767
2025.09.18 08:00:00,3658.98,3672.99,3653.73,3667.14,38565
2025.09.18 12:00:00,3667.14,3672.37,3627.97,3641.30,74131
2025.09.18 16:00:00,3641.29,3647.26,3640.64,3646.73,36436
2025.09.18 20:00:00,3646.78,3647.19,3637.78,3640.21,7483
2025.09.19 00:00:00,3640.21,3656.30,3632.37,3653.70,38758
2025.09.19 04:00:00,3653.69,3661.24,3643.39,3653.99,39754
2025.09.19 08:00:00,3653.92,3659.19,3645.72,3648.46,30778
2025.09.19 12:00:00,3648.46,3675.90,3643.73,3670.79,64192
2025.09.19 16:00:00,3670.79,3685.20,3666.59,3684.44,41996
2025.09.19 20:00:00,3684.41,3685.05,3680.83,3684.64,3567
2025.09.21 20:00:00,3687.97,3692.12,3683.73,3686.34,9226
2025.09.22 00:00:00,3686.32,3697.50,3685.57,3695.47,37773
2025.09.22 04:00:00,3695.47,3719.86,3690.06,3713.22,37740
2025.09.22 08:00:00,3713.22,3728.34,3712.47,3724.68,36167
2025.09.22 12:00:00,3724.68,3736.37,3712.23,3736.14,68477
2025.09.22 16:00:00,3736.14,3748.81,3735.25,3747.67,40127
2025.09.22 20:00:00,3747.68,3749.15,3738.24,3747.74,11706
2025.09.23 00:00:00,3747.79,3759.22,3736.77,3746.63,45941
2025.09.23 04:00:00,3746.63,3758.79,3743.29,3753.36,37757
2025.09.23 08:00:00,3753.36,3791.13,3753.03,3783.44,47463
2025.09.23 12:00:00,3783.58,3788.71,3767.61,3779.36,67845
2025.09.23 16:00:00,3779.36,3785.70,3752.06,3764.37,61108
2025.09.23 20:00:00,3764.37,3770.14,3761.70,3763.84,12296
2025.09.24 00:00:00,3763.84,3771.78,3750.67,3765.41,41092
2025.09.24 04:00:00,3765.41,3779.24,3763.25,3777.45,33241
2025.09.24 08:00:00,3777.45,3777.79,3759.69,3768.99,33276
2025.09.24 12:00:00,3769.03,3772.92,3739.79,3741.16,66137
2025.09.24 16:00:00,3741.13,3745.26,3717.52,3730.08,48436
2025.09.24 20:00:00,3730.08,3745.33,3730.00,3743.04,11996
2025.09.25 00:00:00,3743.04,3751.49,3729.61,3736.65,38378
2025.09.25 04:00:00,3736.65,3754.95,3731.90,3752.27,33721
2025.09.25 08:00:00,3752.27,3761.60,3741.18,3753.04,44352
2025.09.25 12:00:00,3753.02,3755.86,3722.15,3735.89,79021
2025.09.25 16:00:00,3735.89,3758.24,3732.39,3746.61,50181
2025.09.25 20:00:00,3746.60,3752.51,3738.05,3744.71,13548
2025.09.26 00:00:00,3744.71,3753.30,3734.47,3745.55,37335
2025.09.26 04:00:00,3745.60,3754.08,3739.23,3748.03,33516
2025.09.26 08:00:00,3748.03,3755.17,3742.95,3748.64,32009
2025.09.26 12:00:00,3748.64,3783.80,3746.67,3780.46,74345
2025.09.26 16:00:00,3780.46,3783.22,3764.63,3766.80,44481
2025.09.26 20:00:00,3766.80,3769.60,3762.32,3762.66,4760
2025.09.28 20:00:00,3764.85,3772.49,3763.44,3766.90,10437
2025.09.29 00:00:00,3766.90,3799.44,3763.93,3794.36,58101
2025.09.29 04:00:00,3794.36,3819.77,3792.53,3806.27,53781
2025.09.29 08:00:00,3806.27,3831.36,3806.27,3828.95,44386
2025.09.29 12:00:00,3828.95,3833.22,3809.33,3830.40,76304
2025.09.29 16:00:00,3830.40,3833.52,3822.58,3828.75,42698
2025.09.29 20:00:00,3828.77,3834.24,3825.68,3832.88,11941
2025.09.30 00:00:00,3832.88,3867.17,3831.10,3864.72,47018
2025.09.30 04:00:00,3864.72,3871.71,3839.61,3843.84,48174
2025.09.30 08:00:00,3843.83,3847.21,3793.17,3815.30,65363
2025.09.30 12:00:00,3815.27,3854.46,3808.94,3839.09,75966
2025.09.30 16:00:00,3838.92,3860.79,3837.91,3859.03,42048
2025.09.30 20:00:00,3859.03,3863.06,3850.71,3862.88,16674
2025.10.01 00:00:00,3862.88,3875.48,3855.64,3862.05,39902
2025.10.01 04:00:00,3862.05,3879.69,3853.42,3879.22,43511
2025.10.01 08:00:00,3879.22,3895.29,3878.08,3883.61,48025
2025.10.01 12:00:00,3883.61,3891.14,3856.47,3868.61,84161
2025.10.01 16:00:00,3868.52,3871.88,3855.07,3867.79,47732
2025.10.01 20:00:00,3867.79,3869.80,3857.68,3863.50,16216
2025.10.02 00:00:00,3863.49,3870.06,3852.87,3866.54,32146
2025.10.02 04:00:00,3866.54,3874.86,3861.82,3868.56,32805
2025.10.02 08:00:00,3868.56,3886.70,3864.71,3886.34,36716
2025.10.02 12:00:00,3886.34,3896.86,3819.40,3828.31,89541
2025.10.02 16:00:00,3828.31,3859.10,3827.23,3855.59,50918
2025.10.02 20:00:00,3855.59,3863.73,3852.11,3862.45,12275
2025.10.03 00:00:00,3862.45,3862.69,3838.04,3842.72,37555
2025.10.03 04:00:00,3842.72,3865.21,3841.66,3864.23,33010
2025.10.03 08:00:00,3864.26,3867.70,3854.89,3862.10,35035
2025.10.03 12:00:00,3862.10,3891.67,3860.59,3889.49,74791
2025.10.03 16:00:00,3889.49,3889.78,3876.97,3885.69,49013
2025.10.03 20:00:00,3885.69,3887.22,3882.91,3885.01,3525
2025.10.05 20:00:00,3888.61,3920.58,3884.20,3909.65,21759
2025.10.06 00:00:00,3909.65,3932.01,3899.02,3929.51,48189
2025.10.06 04:00:00,3929.51,3945.16,3922.47,3941.67,54801
2025.10.06 08:00:00,3941.66,3949.54,3931.12,3938.30,50778
2025.10.06 12:00:00,3938.24,3964.06,3926.57,3962.50,79678
2025.10.06 16:00:00,3962.50,3970.15,3945.97,3959.46,50669
2025.10.06 20:00:00,3959.40,3976.22,3957.42,3969.50,23344
2025.10.07 00:00:00,3969.50,3977.39,3955.91,3973.44,45244
2025.10.07 04:00:00,3973.44,3976.96,3943.38,3946.00,53291
2025.10.07 08:00:00,3945.92,3969.11,3940.91,3967.02,45360
2025.10.07 12:00:00,3967.02,3991.04,3961.87,3966.11,83791
2025.10.07 16:00:00,3966.11,3987.71,3963.14,3980.14,61757
2025.10.07 20:00:00,3980.15,3995.97,3980.15,3994.37,15166
2025.10.08 00:00:00,3994.37,4016.57,3984.47,4014.69,47252
2025.10.08 04:00:00,4014.69,4039.13,4014.64,4034.25,52561
2025.10.08 08:00:00,4034.19,4049.61,4030.78,4038.04,48443
2025.10.08 12:00:00,4038.01,4050.54,4026.36,4045.69,78513
2025.10.08 16:00:00,4045.69,4059.19,4032.08,4044.95,66309
2025.10.08 20:00:00,4044.87,4046.62,4001.31,4011.71,28727
2025.10.09 00:00:00,4011.71,4036.41,4002.65,4026.84,66351
2025.10.09 04:00:00,4026.84,4043.71,4022.67,4031.56,52353
2025.10.09 08:00:00,4031.56,4046.68,4030.30,4044.44,41744
2025.10.09 12:00:00,4044.44,4057.93,4004.12,4014.61,99760
2025.10.09 16:00:00,4014.44,4021.71,3944.79,3973.12,90583
2025.10.09 20:00:00,3973.12,3990.95,3958.80,3989.86,20689
2025.10.10 00:00:00,3989.86,3994.45,3960.83,3961.91,54495
2025.10.10 04:00:00,3961.90,3977.85,3947.05,3972.00,62907
2025.10.10 08:00:00,3972.01,4006.74,3970.21,3987.11,61551
2025.10.10 12:00:00,3987.10,4022.42,3970.70,3997.95,98154
2025.10.10 16:00:00,3997.96,4021.32,3975.18,4011.27,90773
2025.10.10 20:00:00,4011.24,4015.69,4005.79,4012.99,6726
2025.10.12 20:00:00,4012.81,4059.89,4008.18,4035.15,24042
2025.10.13 00:00:00,4035.15,4059.64,4024.60,4051.96,61551
2025.10.13 04:00:00,4051.96,4078.13,4051.14,4071.17,50889
2025.10.13 08:00:00,4071.17,4085.23,4069.05,4073.97,46728
2025.10.13 12:00:00,4073.97,4107.44,4073.24,4104.93,73752
2025.10.13 16:00:00,4104.94,4117.06,4090.78,4108.67,58542
2025.10.13 20:00:00,4108.63,4131.96,4106.04,4128.00,20119
2025.10.14 00:00:00,4127.99,4166.34,4119.57,4163.29,65233
2025.10.14 04:00:00,4163.29,4179.71,4090.54,4126.42,82298
2025.10.14 08:00:00,4126.42,4145.05,4121.87,4130.48,63461
2025.10.14 12:00:00,4130.48,4142.63,4097.96,4138.08,89404
2025.10.14 16:00:00,4138.06,4155.29,4127.93,4141.56,66441
2025.10.14 20:00:00,4141.59,4167.13,4139.25,4161.65,19991
2025.10.15 00:00:00,4161.65,4190.84,4153.90,4186.99,55373
2025.10.15 04:00:00,4186.99,4209.84,4173.29,4207.71,45845
2025.10.15 08:00:00,4207.71,4218.21,4164.47,4198.69,51642
2025.10.15 12:00:00,4198.70,4212.31,4176.58,4190.55,81501
2025.10.15 16:00:00,4190.55,4213.54,4182.67,4210.41,61390
2025.10.15 20:00:00,4210.42,4215.84,4199.65,4209.48,21150
2025.10.16 00:00:00,4209.48,4242.12,4204.90,4233.88,53840
2025.10.16 04:00:00,4233.88,4239.44,4203.63,4230.60,58410
2025.10.16 08:00:00,4230.59,4247.54,4222.12,4240.62,43654
2025.10.16 12:00:00,4240.62,4276.00,4227.70,4273.56,78023
2025.10.16 16:00:00,4273.56,4312.96,4261.44,4307.27,82091
2025.10.16 20:00:00,4307.37,4379.57,4307.37,4365.75,42275
2025.10.17 00:00:00,4365.75,4371.64,4278.82,4366.94,78886
2025.10.17 04:00:00,4366.94,4378.64,4314.47,4341.00,74782
2025.10.17 08:00:00,4343.01,4349.79,4286.78,4287.36,76540
2025.10.17 12:00:00,4287.34,4319.69,4217.09,4237.49,106480
2025.10.17 16:00:00,4237.49,4244.89,4186.00,4226.38,87173
2025.10.17 20:00:00,4226.37,4248.23,4220.16,4247.38,10145
2025.10.19 20:00:00,4264.81,4268.03,4234.24,4237.98,23649
2025.10.20 00:00:00,4238.07,4270.99,4219.02,4264.63,71716
2025.10.20 04:00:00,4264.63,4268.32,4221.39,4255.17,59152
2025.10.20 08:00:00,4255.17,4279.35,4245.70,4279.17,52523
2025.10.20 12:00:00,4279.08,4355.59,4272.73,4349.12,94835
2025.10.20 16:00:00,4349.14,4381.45,4337.32,4378.02,62114
2025.10.20 20:00:00,4378.01,4380.02,4346.79,4360.38,30772
2025.10.21 00:00:00,4360.32,4372.26,4332.91,4346.60,62492
2025.10.21 04:00:00,4346.60,4347.07,4293.37,4298.56,63734
2025.10.21 08:00:00,4298.56,4301.75,4245.05,4253.38,80650
2025.10.21 12:00:00,4253.38,4257.59,4081.77,4138.63,128303
2025.10.21 16:00:00,4138.64,4143.83,4093.97,4108.92,88070
2025.10.21 20:00:00,4109.03,4132.41,4090.18,4093.10,31070
2025.10.22 00:00:00,4093.10,4143.36,4004.42,4128.62,86571
2025.10.22 04:00:00,4128.62,4161.38,4107.35,4132.96,67494
2025.10.22 08:00:00,4132.96,4135.83,4015.17,4027.80,96403
2025.10.22 12:00:00,4027.82,4085.36,4011.54,4037.19,113869
2025.10.22 16:00:00,4037.10,4113.63,4023.28,4102.37,84556
2025.10.22 20:00:00,4102.16,4115.84,4080.74,4087.71,34093
2025.10.23 00:00:00,4087.68,4100.72,4066.18,4091.22,69195
2025.10.23 04:00:00,4091.22,4137.84,4079.76,4094.16,64505
2025.10.23 08:00:00,4094.27,4125.40,4094.27,4109.60,58473
2025.10.23 12:00:00,4109.61,4154.69,4100.15,4141.91,86633
2025.10.23 16:00:00,4141.88,4148.56,4116.43,4118.29,54162
2025.10.23 20:00:00,4118.29,4132.77,4106.17,4121.66,21018
2025.10.24 00:00:00,4121.67,4144.50,4107.62,4122.32,48337
2025.10.24 04:00:00,4122.32,4123.34,4069.63,4074.26,51103
2025.10.24 08:00:00,4074.26,4077.79,4044.28,4061.42,60379
2025.10.24 12:00:00,4061.38,4134.95,4059.93,4130.47,96907
2025.10.24 16:00:00,4130.47,4138.64,4101.90,4104.11,63371
2025.10.24 20:00:00,4104.13,4110.01,4096.55,4109.10,5306
2025.10.26 20:00:00,4083.56,4109.11,4061.91,4064.55,25900
2025.10.27 00:00:00,4064.55,4097.71,4058.38,4069.65,59549
2025.10.27 04:00:00,4069.66,4084.82,4053.70,4068.79,52571
2025.10.27 08:00:00,4068.81,4070.39,4015.46,4024.01,71159
2025.10.27 12:00:00,4024.01,4050.40,3971.48,3989.99,96973
2025.10.27 16:00:00,3989.98,4010.20,3984.23,3990.28,60459
2025.10.27 20:00:00,3990.28,4004.50,3979.32,3998.53,25675
2025.10.28 00:00:00,3998.53,4019.75,3973.27,3992.93,54428
2025.10.28 04:00:00,3992.93,3994.29,3921.84,3932.59,63608
2025.10.28 08:00:00,3932.59,3935.92,3886.56,3923.33,72652
2025.10.28 12:00:00,3923.32,3969.56,3906.00,3964.82,80826
2025.10.28 16:00:00,3964.82,3970.35,3945.24,3960.03,59940
2025.10.28 20:00:00,3960.29,3968.00,3918.09,3964.96,25219
2025.10.29 00:00:00,3964.96,3982.35,3944.12,3963.44,58769
2025.10.29 04:00:00,3963.44,4001.49,3951.07,4001.43,57598
2025.10.29 08:00:00,4001.70,4029.69,4000.42,4016.67,58562
2025.10.29 12:00:00,4016.65,4030.12,3989.49,3992.99,79263
2025.10.29 16:00:00,3993.02,4006.84,3928.01,3945.71,91948
2025.10.29 20:00:00,3945.69,3954.14,3916.97,3952.89,32160
2025.10.30 00:00:00,3952.89,3966.57,3915.52,3938.05,65742
2025.10.30 04:00:00,3938.06,3982.12,3934.81,3961.27,81683
2025.10.30 08:00:00,3961.30,4011.87,3960.33,3974.47,69949
2025.10.30 12:00:00,3974.47,4014.85,3960.58,4001.86,89524
2025.10.30 16:00:00,4001.85,4025.83,3991.28,4023.46,59523
2025.10.30 20:00:00,4023.43,4046.36,4016.29,4036.60,30136
2025.10.31 00:00:00,4036.60,4039.37,3991.21,3996.31,70825
2025.10.31 04:00:00,3996.31,4025.60,3989.10,4021.03,58932
2025.10.31 08:00:00,4021.03,4026.66,3998.79,4010.49,49988
2025.10.31 12:00:00,4010.49,4036.24,4009.12,4012.84,77903
2025.10.31 16:00:00,4012.81,4015.23,3972.44,4001.28,68935
2025.10.31 20:00:00,4001.27,4006.66,3996.20,4003.80,3542
2025.11.02 20:00:00,3995.70,3999.01,3977.97,3980.57,9346
2025.11.03 00:00:00,3979.84,4015.30,3962.66,4011.34,60076
2025.11.03 04:00:00,4011.34,4025.93,3997.80,4025.24,45547
2025.11.03 08:00:00,4025.24,4028.07,3993.26,4007.62,56065
2025.11.03 12:00:00,4007.62,4030.53,4001.77,4008.65,74684
2025.11.03 16:00:00,4008.65,4013.48,3995.35,4004.78,57377
2025.11.03 20:00:00,4004.70,4014.96,3984.24,3997.29,22736
2025.11.04 00:00:00,3997.29,3999.32,3975.78,3994.58,52882
2025.11.04 04:00:00,3994.58,3996.41,3966.72,3993.94,50408
2025.11.04 08:00:00,3993.94,4000.71,3986.00,3995.01,42367
2025.11.04 12:00:00,3995.01,3997.52,3928.78,3956.90,74092
2025.11.04 16:00:00,3956.88,3975.55,3932.14,3937.43,62896
2025.11.04 20:00:00,3937.52,3942.18,3930.44,3934.72,23285
2025.11.05 00:00:00,3934.72,3965.30,3929.63,3960.91,48935
2025.11.05 04:00:00,3960.91,3978.60,3959.89,3972.64,42113
2025.11.05 08:00:00,3972.64,3987.11,3956.10,3966.96,38479
2025.11.05 12:00:00,3966.94,3985.67,3962.27,3978.34,60174
2025.11.05 16:00:00,3978.38,3990.41,3975.01,3987.83,40562
2025.11.05 20:00:00,3987.91,3990.23,3966.82,3973.76,19639
2025.11.06 00:00:00,3973.76,3990.39,3964.58,3987.53,36822
2025.11.06 04:00:00,3987.53,4009.44,3982.35,4005.81,33242
2025.11.06 08:00:00,4005.81,4019.53,4004.44,4018.17,39786
2025.11.06 12:00:00,4018.17,4019.56,3975.18,3980.30,67923
2025.11.06 16:00:00,3980.31,3995.27,3965.83,3985.38,66693
2025.11.06 20:00:00,3985.35,3989.81,3975.09,3989.23,27580
2025.11.07 00:00:00,3989.23,4003.28,3984.61,3990.44,32920
2025.11.07 04:00:00,3990.44,4009.85,3985.52,4007.80,29093
2025.11.07 08:00:00,4007.80,4014.25,3993.81,4002.90,33051
2025.11.07 12:00:00,4002.95,4008.49,3984.08,3990.96,61472
2025.11.07 16:00:00,3990.96,4027.48,3990.05,4006.79,63268
2025.11.07 20:00:00,4006.78,4007.02,3994.50,4000.26,18952
2025.11.09 20:00:00,4006.48,4012.21,4004.35,4011.88,6457
2025.11.10 00:00:00,4011.88,4053.37,4011.18,4050.26,50821
2025.11.10 04:00:00,4050.12,4079.04,4049.90,4075.30,40235
2025.11.10 08:00:00,4075.28,4086.35,4071.61,4085.36,41154
2025.11.10 12:00:00,4085.36,4105.95,4074.34,4084.37,78886
2025.11.10 16:00:00,4084.33,4115.81,4082.02,4113.23,58798
2025.11.10 20:00:00,4113.23,4122.78,4106.63,4120.00,22218
2025.11.11 00:00:00,4120.00,4148.11,4116.30,4146.96,47888
2025.11.11 04:00:00,4146.94,4149.05,4124.79,4129.63,44976
2025.11.11 08:00:00,4129.63,4146.03,4128.83,4142.87,38446
2025.11.11 12:00:00,4142.87,4146.69,4097.12,4106.71,71170
2025.11.11 16:00:00,4106.72,4126.17,4105.12,4123.15,49557
2025.11.11 20:00:00,4123.15,4144.72,4122.49,4142.68,25883
2025.11.12 00:00:00,4142.68,4145.54,4111.82,4111.99,51539
2025.11.12 04:00:00,4111.99,4125.30,4098.88,4117.06,50169
2025.11.12 08:00:00,4117.07,4133.64,4112.24,4126.08,49943
2025.11.12 12:00:00,4126.08,4185.48,4122.79,4181.43,86072
2025.11.12 16:00:00,4181.42,4211.81,4180.19,4197.43,86323
2025.11.12 20:00:00,4197.42,4208.02,4187.43,4191.16,31858
2025.11.13 00:00:00,4191.16,4213.20,4180.00,4212.95,70724
2025.11.13 04:00:00,4212.95,4220.14,4203.34,4220.05,56872
2025.11.13 08:00:00,4220.05,4240.19,4219.17,4230.59,58060
2025.11.13 12:00:00,4230.59,4245.13,4184.44,4202.59,91815
2025.11.13 16:00:00,4202.59,4210.89,4145.42,4163.97,93650
2025.11.13 20:00:00,4163.97,4186.63,4160.36,4185.93,33754
2025.11.14 00:00:00,4186.01,4211.44,4173.70,4204.42,65373
2025.11.14 04:00:00,4204.42,4205.81,4158.94,4181.15,64061
2025.11.14 08:00:00,4181.15,4187.02,4130.92,4133.04,67964
2025.11.14 12:00:00,4133.00,4140.66,4032.21,4093.58,120451
2025.11.14 16:00:00,4093.58,4111.24,4080.90,4089.99,78062
2025.11.14 20:00:00,4089.99,4092.38,4075.54,4080.55,20967
2025.11.16 20:00:00,4078.00,4106.70,4077.18,4096.41,10584
2025.11.17 00:00:00,4096.41,4101.93,4069.96,4082.93,65063
2025.11.17 04:00:00,4082.92,4089.21,4049.73,4088.19,51091
2025.11.17 08:00:00,4088.18,4095.95,4061.21,4078.45,53033
2025.11.17 12:00:00,4078.49,4092.30,4060.78,4064.39,76204
2025.11.17 16:00:00,4064.23,4081.00,4010.98,4011.23,74535
2025.11.17 20:00:00,4011.27,4055.18,4006.97,4036.78,36949
2025.11.18 00:00:00,4036.78,4045.22,4008.55,4013.32,60264
2025.11.18 04:00:00,4013.32,4025.23,3998.00,4013.72,57064
2025.11.18 08:00:00,4013.72,4050.38,4010.60,4039.57,50911
2025.11.18 12:00:00,4039.55,4081.92,4029.28,4052.98,91330
2025.11.18 16:00:00,4052.99,4081.93,4040.50,4081.12,70719
2025.11.18 20:00:00,4081.12,4082.27,4064.91,4076.83,25994
2025.11.19 00:00:00,4076.79,4080.66,4055.59,4066.96,50123
2025.11.19 04:00:00,4066.96,4098.63,4064.58,4086.96,47992
2025.11.19 08:00:00,4086.96,4119.08,4078.32,4113.00,54770
2025.11.19 12:00:00,4113.01,4132.84,4090.14,4096.61,86141
2025.11.19 16:00:00,4096.70,4098.62,4055.57,4073.65,103997
2025.11.19 20:00:00,4073.69,4108.25,4065.71,4104.53,34929
2025.11.20 00:00:00,4104.67,4110.22,4041.89,4072.40,69626
2025.11.20 04:00:00,4072.41,4080.50,4054.31,4060.05,53674
2025.11.20 08:00:00,4060.07,4072.81,4038.94,4060.82,59558
2025.11.20 12:00:00,4060.81,4107.16,4060.20,4070.23,105289
2025.11.20 16:00:00,4070.29,4087.17,4043.77,4084.67,117718
2025.11.20 20:00:00,4084.67,4088.67,4073.02,4079.19,31764
2025.11.21 00:00:00,4079.19,4081.35,4049.39,4056.28,63197
2025.11.21 04:00:00,4056.30,4064.03,4024.85,4031.62,69441
2025.11.21 08:00:00,4031.66,4063.47,4023.79,4036.69,75010
2025.11.21 12:00:00,4036.69,4083.90,4034.77,4069.71,113715
2025.11.21 16:00:00,4069.71,4101.15,4063.13,4087.65,89686
2025.11.21 20:00:00,4087.65,4088.78,4054.64,4065.08,29403
2025.11.23 20:00:00,4067.51,4077.73,4065.80,4075.12,8239
2025.11.24 00:00:00,4075.12,4076.07,4040.74,4050.47,59197
2025.11.24 04:00:00,4050.48,4067.75,4040.18,4060.03,61304
2025.11.24 08:00:00,4060.04,4077.31,4059.68,4070.03,47492
2025.11.24 12:00:00,4070.03,4093.83,4065.73,4091.79,73728
2025.11.24 16:00:00,4091.79,4125.84,4088.08,4118.50,59493
2025.11.24 20:00:00,4118.51,4144.25,4118.00,4143.80,27923
2025.11.25 00:00:00,4143.70,4155.91,4122.70,4143.24,66083
2025.11.25 04:00:00,4143.24,4152.03,4130.09,4132.53,53131
2025.11.25 08:00:00,4132.67,4139.41,4109.62,4133.53,54932
2025.11.25 12:00:00,4133.53,4150.83,4111.02,4123.07,85511
2025.11.25 16:00:00,4122.99,4159.29,4122.11,4133.76,69973
2025.11.25 20:00:00,4133.76,4138.40,4127.69,4133.81,22870
2025.11.26 00:00:00,4133.81,4169.39,4132.71,4166.08,53768
2025.11.26 04:00:00,4166.08,4168.73,4147.10,4157.45,45503
2025.11.26 08:00:00,4157.44,4173.08,4154.80,4171.59,46429
2025.11.26 12:00:00,4171.59,4173.43,4137.31,4165.39,79756
2025.11.26 16:00:00,4165.38,4171.68,4158.13,4163.38,50169
2025.11.26 20:00:00,4163.37,4168.64,4161.41,4164.71,24634
2025.11.27 00:00:00,4164.72,4167.07,4144.39,4147.37,50082
2025.11.27 04:00:00,4147.38,4162.47,4142.62,4160.16,46345
2025.11.27 08:00:00,4160.18,4167.26,4148.48,4157.39,44350
2025.11.27 12:00:00,4157.38,4161.81,4149.23,4158.01,40670
2025.11.27 16:00:00,4158.01,4160.40,4151.47,4156.99,16048
2025.11.27 20:00:00,4160.40,4163.85,4158.29,4163.29,3002
2025.11.28 00:00:00,4163.28,4193.16,4163.10,4184.07,41433
2025.11.28 04:00:00,4184.07,4188.93,4174.18,4174.71,17069
2025.11.28 08:00:00,4174.61,4179.86,4158.07,4171.92,17792
2025.11.28 12:00:00,4171.67,4209.01,4168.48,4203.70,55833
2025.11.28 16:00:00,4203.74,4226.69,4197.85,4219.34,60647
2025.11.30 20:00:00,4225.86,4226.29,4206.43,4222.05,14297
2025.12.01 00:00:00,4222.06,4256.58,4218.32,4239.28,90342
2025.12.01 04:00:00,4239.28,4247.03,4215.55,4245.37,72030
2025.12.01 08:00:00,4245.38,4262.38,4238.46,4254.60,62573
2025.12.01 12:00:00,4254.60,4264.53,4219.66,4232.54,105296
2025.12.01 16:00:00,4232.54,4244.68,4223.43,4237.05,88683
2025.12.01 20:00:00,4237.01,4241.63,4224.46,4227.54,30743
2025.12.02 00:00:00,4227.59,4229.65,4200.48,4216.86,66475
2025.12.02 04:00:00,4216.86,4226.28,4203.37,4213.40,52787
2025.12.02 08:00:00,4213.48,4217.17,4181.28,4205.49,52646
2025.12.02 12:00:00,4205.49,4230.73,4163.83,4169.47,92067
2025.12.02 16:00:00,4169.52,4200.48,4166.91,4196.55,71640
2025.12.02 20:00:00,4196.54,4216.11,4194.99,4212.74,29828
2025.12.03 00:00:00,4212.74,4228.91,4204.48,4221.14,68211
2025.12.03 04:00:00,4221.14,4225.35,4200.20,4206.38,55221
2025.12.03 08:00:00,4206.38,4210.15,4194.67,4208.83,55722
2025.12.03 12:00:00,4208.84,4241.55,4205.16,4216.37,99985
2025.12.03 16:00:00,4216.34,4225.15,4195.20,4207.90,76895
2025.12.03 20:00:00,4207.90,4212.85,4202.74,4207.34,28859
2025.12.04 00:00:00,4207.34,4216.87,4187.45,4195.88,63847
2025.12.04 04:00:00,4195.82,4199.20,4174.94,4193.86,68044
2025.12.04 08:00:00,4193.79,4206.59,4183.54,4198.55,57268
2025.12.04 12:00:00,4198.55,4213.30,4185.53,4207.47,92325
2025.12.04 16:00:00,4207.47,4219.35,4199.59,4208.98,65916
2025.12.04 20:00:00,4208.96,4210.36,4203.90,4206.15,22499
2025.12.05 00:00:00,4206.16,4211.00,4194.79,4209.55,56904
2025.12.05 04:00:00,4209.52,4230.78,4207.98,4224.48,49457
2025.12.05 08:00:00,4224.47,4227.54,4215.92,4223.69,36644
2025.12.05 12:00:00,4223.70,4259.26,4221.57,4243.75,84297
2025.12.05 16:00:00,4244.00,4245.77,4198.66,4207.60,79099
2025.12.05 20:00:00,4207.71,4207.75,4192.04,4194.51,30979
2025.12.07 20:00:00,4203.25,4205.02,4196.31,4201.46,3432
2025.12.08 00:00:00,4201.61,4213.15,4197.45,4210.05,67764
2025.12.08 04:00:00,4210.06,4219.03,4204.75,4206.83,48637
2025.12.08 08:00:00,4206.84,4216.57,4199.74,4208.69,44622
2025.12.08 12:00:00,4208.69,4215.50,4176.19,4182.94,80664
2025.12.08 16:00:00,4182.94,4197.93,4177.27,4187.06,55875
2025.12.08 20:00:00,4187.02,4195.62,4184.95,4194.77,21086
2025.12.09 00:00:00,4194.74,4198.81,4186.05,4194.57,47339
2025.12.09 04:00:00,4194.56,4195.64,4170.10,4182.45,60628
2025.12.09 08:00:00,4182.42,4212.88,4182.42,4203.09,56717
2025.12.09 12:00:00,4203.10,4216.40,4189.55,4212.56,83112
2025.12.09 16:00:00,4212.57,4221.38,4201.34,4212.52,74494
2025.12.09 20:00:00,4212.48,4216.08,4207.27,4210.82,34875
2025.12.10 00:00:00,4210.80,4218.77,4203.71,4206.38,51136
2025.12.10 04:00:00,4206.38,4214.52,4201.81,4203.39,43390
2025.12.10 08:00:00,4203.36,4206.51,4187.87,4197.39,50873
2025.12.10 12:00:00,4197.39,4207.06,4188.97,4193.75,74250
2025.12.10 16:00:00,4193.77,4219.84,4182.05,4216.61,74387
2025.12.10 20:00:00,4216.59,4238.74,4211.27,4232.44,43628
2025.12.11 00:00:00,4232.41,4247.65,4209.45,4216.86,69225
2025.12.11 04:00:00,4216.71,4218.50,4204.32,4215.98,51466
2025.12.11 08:00:00,4216.05,4225.93,4209.76,4211.27,45139
2025.12.11 12:00:00,4211.27,4261.42,4205.30,4255.96,85911
2025.12.11 16:00:00,4255.98,4285.92,4250.15,4273.62,81734
2025.12.11 20:00:00,4273.61,4283.68,4264.34,4276.45,28224
2025.12.12 00:00:00,4276.45,4280.17,4264.61,4270.60,58284
2025.12.12 04:00:00,4270.60,4290.39,4266.07,4287.09,48044
2025.12.12 08:00:00,4287.09,4339.27,4286.98,4336.39,68234
2025.12.12 12:00:00,4336.42,4353.55,4283.23,4290.51,108897
2025.12.12 16:00:00,4290.35,4303.64,4257.85,4296.59,105702
2025.12.12 20:00:00,4296.55,4304.26,4288.57,4301.51,23283
2025.12.14 20:00:00,4303.38,4308.53,4301.62,4302.55,8440
2025.12.15 00:00:00,4302.61,4329.74,4300.24,4327.30,61747
2025.12.15 04:00:00,4327.27,4347.33,4323.18,4339.20,55881
2025.12.15 08:00:00,4339.22,4350.25,4335.37,4342.86,45044
2025.12.15 12:00:00,4342.82,4348.44,4311.73,4318.29,89999
2025.12.15 16:00:00,4318.28,4318.93,4285.35,4314.21,84140
2025.12.15 20:00:00,4314.21,4314.45,4299.66,4304.20,26791
2025.12.16 00:00:00,4304.20,4317.95,4280.82,4290.98,69648
2025.12.16 04:00:00,4290.92,4292.38,4271.53,4287.65,55148
2025.12.16 08:00:00,4287.67,4289.39,4273.87,4278.50,46072
2025.12.16 12:00:00,4278.51,4335.05,4276.84,4319.81,94170
2025.12.16 16:00:00,4319.80,4323.23,4291.36,4310.67,79373
2025.12.16 20:00:00,4310.64,4314.46,4300.74,4307.76,21129
2025.12.17 00:00:00,4307.76,4327.84,4307.45,4323.73,57646
2025.12.17 04:00:00,4323.76,4342.54,4315.61,4317.97,55688
2025.12.17 08:00:00,4317.93,4323.30,4306.58,4316.40,44340
2025.12.17 12:00:00,4316.41,4348.94,4314.99,4330.28,97419
2025.12.17 16:00:00,4330.38,4346.44,4320.84,4337.10,85674
2025.12.17 20:00:00,4337.10,4346.23,4335.23,4339.11,25073
2025.12.18 00:00:00,4339.09,4342.97,4324.53,4333.24,63774
2025.12.18 04:00:00,4333.24,4337.76,4328.62,4331.52,53025
2025.12.18 08:00:00,4331.42,4332.66,4320.88,4325.62,40565
2025.12.18 12:00:00,4325.63,4343.05,4308.71,4338.17,94645
2025.12.18 16:00:00,4338.20,4374.62,4322.15,4325.01,96611
2025.12.18 20:00:00,4325.03,4338.35,4324.62,4335.19,28692
2025.12.19 00:00:00,4335.19,4335.78,4309.29,4318.09,48051
2025.12.19 04:00:00,4318.10,4329.65,4316.96,4322.69,49020
2025.12.19 08:00:00,4322.67,4333.68,4321.11,4327.26,45672
2025.12.19 12:00:00,4327.26,4349.13,4319.77,4347.78,86364
2025.12.19 16:00:00,4347.78,4356.47,4342.06,4345.32,60098
2025.12.19 20:00:00,4345.32,4346.42,4336.59,4338.19,14785
2025.12.21 20:00:00,4340.80,4356.21,4340.06,4355.30,6320
2025.12.22 00:00:00,4355.30,4394.94,4355.24,4392.66,50882
2025.12.22 04:00:00,4392.66,4420.53,4391.31,4414.44,43893
2025.12.22 08:00:00,4414.44,4415.97,4406.12,4410.43,32024
2025.12.22 12:00:00,4410.43,4435.60,4406.28,4431.85,80351
2025.12.22 16:00:00,4431.85,4442.17,4428.17,4433.83,42761
2025.12.22 20:00:00,4433.83,4461.65,4431.78,4460.09,22553
2025.12.23 00:00:00,4460.09,4497.63,4458.13,4486.89,58237
2025.12.23 04:00:00,4486.89,4489.80,4469.41,4486.72,57306
2025.12.23 08:00:00,4486.72,4494.41,4478.18,4493.51,48915
2025.12.23 12:00:00,4493.51,4497.38,4430.48,4458.42,101896
2025.12.23 16:00:00,4458.42,4496.27,4455.92,4490.82,61436
2025.12.23 20:00:00,4490.71,4510.36,4483.58,4503.39,28386
2025.12.24 00:00:00,4503.36,4525.90,4471.36,4493.33,74875
2025.12.24 04:00:00,4493.33,4501.44,4483.41,4483.90,55024
2025.12.24 08:00:00,4483.84,4499.88,4478.32,4491.58,52683
2025.12.24 12:00:00,4491.58,4495.96,4448.73,4458.47,95210
2025.12.24 16:00:00,4458.50,4487.76,4456.00,4479.20,47143
2025.12.25 20:00:00,4465.36,4500.07,4461.49,4495.21,8607
2025.12.26 00:00:00,4495.21,4531.30,4492.28,4501.82,78540
2025.12.26 04:00:00,4501.84,4519.62,4500.40,4511.07,66791
2025.12.26 08:00:00,4511.07,4523.66,4503.06,4509.86,50592
2025.12.26 12:00:00,4509.86,4547.40,4503.92,4546.41,90122
2025.12.26 16:00:00,4546.58,4550.04,4510.17,4523.88,82103
2025.12.26 20:00:00,4523.88,4535.21,4521.77,4532.35,27640
2025.12.28 20:00:00,4541.60,4546.37,4523.27,4527.13,15926
2025.12.29 00:00:00,4527.13,4528.17,4472.72,4516.38,85610
2025.12.29 04:00:00,4516.38,4519.69,4446.22,4474.52,75026
2025.12.29 08:00:00,4474.52,4488.33,4435.28,4446.92,71986
2025.12.29 12:00:00,4446.94,4467.34,4303.21,4325.31,115958
2025.12.29 16:00:00,4325.29,4347.49,4315.05,4336.72,78960
2025.12.29 20:00:00,4336.72,4347.02,4323.32,4345.81,35672
2025.12.30 00:00:00,4345.81,4369.37,4324.48,4359.31,75779
2025.12.30 04:00:00,4359.31,4383.49,4357.38,4372.47,68250
2025.12.30 08:00:00,4372.47,4391.66,4350.33,4384.49,66874
2025.12.30 12:00:00,4384.43,4404.47,4355.83,4365.09,105014
2025.12.30 16:00:00,4365.09,4381.74,4337.93,4348.58,80717
2025.12.30 20:00:00,4348.58,4355.58,4328.85,4339.06,35666
2025.12.31 00:00:00,4339.12,4373.74,4332.67,4348.49,83966
2025.12.31 04:00:00,4348.49,4351.53,4273.94,4331.05,75060
2025.12.31 08:00:00,4331.05,4337.41,4303.30,4310.96,61721
2025.12.31 12:00:00,4310.96,4353.51,4303.08,4337.40,93842
2025.12.31 16:00:00,4337.40,4339.78,4307.91,4311.34,65484
2025.12.31 20:00:00,4311.34,4324.18,4304.45,4319.00,21788
2026.01.01 20:00:00,4328.86,4351.31,4324.44,4348.29,6195
2026.01.02 00:00:00,4348.29,4375.57,4341.45,4375.13,46416
2026.01.02 04:00:00,4375.13,4383.37,4371.16,4382.83,45435
2026.01.02 08:00:00,4382.83,4399.33,4380.71,4393.02,50985
2026.01.02 12:00:00,4393.02,4402.36,4330.41,4335.38,92211
2026.01.02 16:00:00,4335.36,4337.51,4309.95,4318.13,85637
2026.01.02 20:00:00,4318.13,4331.86,4317.27,4328.59,19457
2026.01.04 20:00:00,4356.71,4375.82,4349.75,4372.52,11180
2026.01.05 00:00:00,4372.51,4420.91,4370.31,4399.99,92037
2026.01.05 04:00:00,4399.90,4426.39,4397.05,4421.82,58039
2026.01.05 08:00:00,4421.82,4439.97,4411.48,4419.38,58182
2026.01.05 12:00:00,4419.39,4455.81,4396.26,4448.59,103573
2026.01.05 16:00:00,4448.56,4454.43,4432.35,4439.77,63387
2026.01.05 20:00:00,4439.77,4460.11,4437.24,4440.55,28578
2026.01.06 00:00:00,4440.55,4468.09,4428.05,4467.65,67783
2026.01.06 04:00:00,4467.65,4474.28,4449.31,4459.48,62652
2026.01.06 08:00:00,4459.44,4475.89,4442.58,4463.33,52672
2026.01.06 12:00:00,4463.31,4491.01,4454.36,4478.48,88117
2026.01.06 16:00:00,4478.47,4494.03,4471.67,4481.35,65735
2026.01.06 20:00:00,4481.35,4500.47,4480.34,4493.41,23109
2026.01.07 00:00:00,4493.41,4495.86,4459.76,4474.74,78340
2026.01.07 04:00:00,4474.74,4476.09,4441.22,4461.20,66312
2026.01.07 08:00:00,4461.20,4475.01,4446.58,4447.35,48030
2026.01.07 12:00:00,4447.35,4455.00,4423.56,4446.16,102746
2026.01.07 16:00:00,4446.16,4468.36,4443.94,4456.99,66480
2026.01.07 20:00:00,4456.99,4464.06,4449.92,4463.48,24798
2026.01.08 00:00:00,4463.48,4466.41,4433.27,4440.36,80969
2026.01.08 04:00:00,4440.36,4440.58,4415.72,4431.08,75814
2026.01.08 08:00:00,4431.08,4435.48,4419.93,4422.91,53455
2026.01.08 12:00:00,4422.91,4456.55,4407.89,4454.15,98827
2026.01.08 16:00:00,4454.18,4465.52,4444.84,4452.21,64590
2026.01.08 20:00:00,4452.21,4483.97,4451.62,4475.63,27565
2026.01.09 00:00:00,4475.63,4476.80,4452.93,4464.15,64731
2026.01.09 04:00:00,4464.15,4477.52,4458.29,4470.21,44633
2026.01.09 08:00:00,4470.21,4477.53,4464.09,4475.41,39174
2026.01.09 12:00:00,4475.41,4517.05,4459.95,4512.26,98079
2026.01.09 16:00:00,4512.26,4514.25,4482.10,4499.36,63989
2026.01.09 20:00:00,4499.35,4511.42,4497.84,4510.45,16551
2026.01.11 20:00:00,4521.42,4545.06,4520.72,4540.13,9682
2026.01.12 00:00:00,4540.13,4600.88,4536.38,4570.61,90114
2026.01.12 04:00:00,4570.63,4589.64,4563.48,4587.72,61906
2026.01.12 08:00:00,4587.72,4599.38,4579.38,4585.35,53975
2026.01.12 12:00:00,4585.35,4627.58,4578.47,4621.34,98064
2026.01.12 16:00:00,4621.34,4630.15,4600.58,4611.17,65002
2026.01.12 20:00:00,4611.21,4611.71,4578.07,4599.43,37474
2026.01.13 00:00:00,4599.72,4599.83,4575.52,4594.18,67964
2026.01.13 04:00:00,4594.18,4602.09,4573.79,4580.71,54836
2026.01.13 08:00:00,4580.73,4597.23,4579.77,4588.62,41507
2026.01.13 12:00:00,4588.63,4634.63,4577.84,4619.26,96109
2026.01.13 16:00:00,4619.15,4620.75,4581.18,4597.55,75330
2026.01.13 20:00:00,4597.55,4598.86,4569.66,4597.08,31531
2026.01.14 00:00:00,4597.08,4629.86,4597.08,4628.10,63450
2026.01.14 04:00:00,4628.10,4639.77,4617.81,4632.57,61985
2026.01.14 08:00:00,4632.53,4639.62,4621.93,4630.35,52508
2026.01.14 12:00:00,4630.37,4641.58,4599.54,4617.93,105058
2026.01.14 16:00:00,4617.95,4642.93,4601.21,4639.14,85890
2026.01.14 20:00:00,4639.14,4641.55,4604.12,4615.37,45403
2026.01.15 00:00:00,4615.37,4618.16,4581.14,4592.35,87095
2026.01.15 04:00:00,4592.30,4613.56,4581.10,4601.85,64662
2026.01.15 08:00:00,4601.80,4623.17,4597.83,4619.18,50805
2026.01.15 12:00:00,4619.18,4620.85,4582.03,4615.47,94866
2026.01.15 16:00:00,4615.46,4624.86,4601.26,4615.94,68772
2026.01.15 20:00:00,4615.94,4620.93,4600.76,4610.31,34392
2026.01.16 00:00:00,4610.31,4611.49,4591.26,4596.34,72181
2026.01.16 04:00:00,4596.34,4616.29,4594.19,4607.59,54173
2026.01.16 08:00:00,4607.59,4616.20,4598.60,4612.58,35771
2026.01.16 12:00:00,4612.58,4620.19,4537.54,4571.08,98606
2026.01.16 16:00:00,4571.05,4599.06,4567.88,4590.57,75957
2026.01.16 20:00:00,4590.57,4598.41,4580.80,4594.58,19253
2026.01.18 20:00:00,4648.93,4690.67,4646.45,4672.73,18660
2026.01.19 00:00:00,4672.73,4681.94,4653.23,4658.40,73908
2026.01.19 04:00:00,4658.40,4679.20,4658.13,4665.19,45731
2026.01.19 08:00:00,4665.19,4673.80,4659.77,4660.63,39367
2026.01.19 12:00:00,4660.63,4676.15,4660.15,4674.41,38583
2026.01.19 16:00:00,4674.41,4680.30,4667.12,4670.86,23858
2026.01.19 20:00:00,4675.20,4677.06,4664.42,4665.37,5083
2026.01.20 00:00:00,4665.37,4681.57,4659.56,4680.22,44629
2026.01.20 04:00:00,4680.23,4722.83,4679.62,4716.15,50472
2026.01.20 08:00:00,4716.17,4737.45,4715.07,4733.23,42904
2026.01.20 12:00:00,4733.01,4751.24,4715.42,4737.51,76874
2026.01.20 16:00:00,4737.55,4766.41,4729.27,4760.71,54308
2026.01.20 20:00:00,4760.69,4781.19,4747.44,4775.88,25929
2026.01.21 00:00:00,4775.88,4849.93,4770.82,4844.96,59847
2026.01.21 04:00:00,4844.92,4888.71,4832.58,4855.36,57904
2026.01.21 08:00:00,4855.34,4877.14,4851.61,4866.85,38823
2026.01.21 12:00:00,4866.83,4880.92,4812.91,4847.77,76646
2026.01.21 16:00:00,4847.92,4855.71,4755.78,4781.37,83861
2026.01.21 20:00:00,4781.37,4839.87,4772.47,4778.37,39845
2026.01.22 00:00:00,4778.30,4809.64,4772.54,4796.70,55814
2026.01.22 04:00:00,4796.69,4838.19,4793.80,4832.61,45727
2026.01.22 08:00:00,4832.60,4837.95,4814.01,4831.04,38581
2026.01.22 12:00:00,4831.00,4873.75,4810.78,4871.80,64805
2026.01.22 16:00:00,4871.84,4924.31,4868.04,4911.86,62385
2026.01.22 20:00:00,4911.91,4960.64,4911.53,4959.11,30318
2026.01.23 00:00:00,4959.11,4967.40,4936.85,4952.04,43276
2026.01.23 04:00:00,4952.04,4967.41,4943.16,4944.49,32729
2026.01.23 08:00:00,4944.46,4947.70,4899.76,4922.86,45490
2026.01.23 12:00:00,4922.86,4963.39,4918.37,4960.49,67992
2026.01.23 16:00:00,4960.65,4989.93,4958.38,4984.33,61312
2026.01.23 20:00:00,4984.14,4986.04,4970.66,4982.47,17275
2026.01.25 20:00:00,5014.17,5040.16,5003.69,5039.76,14015
2026.01.26 00:00:00,5039.82,5093.03,5028.99,5076.70,73006
2026.01.26 04:00:00,5076.66,5111.28,5052.36,5089.17,60232
2026.01.26 08:00:00,5088.88,5098.56,5075.42,5091.47,51822
2026.01.26 12:00:00,5091.50,5097.33,5054.61,5090.97,79906
2026.01.26 16:00:00,5090.95,5104.98,5008.55,5028.78,100876
2026.01.26 20:00:00,5029.08,5062.30,4989.84,5043.70,54322
2026.01.27 00:00:00,5043.73,5080.01,5013.84,5076.84,66653
2026.01.27 04:00:00,5076.59,5100.66,5057.24,5085.85,60478
2026.01.27 08:00:00,5085.85,5099.58,5066.91,5077.03,50282
2026.01.27 12:00:00,5077.05,5092.93,5046.85,5090.95,89826
2026.01.27 16:00:00,5090.92,5103.28,5076.40,5098.94,74757
2026.01.27 20:00:00,5098.97,5190.33,5097.94,5172.31,53171
2026.01.28 00:00:00,5172.24,5247.58,5157.42,5235.14,76833
2026.01.28 04:00:00,5235.13,5292.74,5232.30,5290.47,59051
2026.01.28 08:00:00,5290.48,5311.58,5239.04,5261.54,58125
2026.01.28 12:00:00,5261.54,5298.29,5236.86,5278.28,83247
2026.01.28 16:00:00,5278.25,5331.75,5268.84,5325.54,88982
2026.01.28 20:00:00,5325.62,5595.19,5321.26,5512.84,57520
2026.01.29 00:00:00,5512.79,5551.91,5447.02,5545.83,88525
2026.01.29 04:00:00,5545.84,5595.51,5517.14,5549.04,73649
2026.01.29 08:00:00,5548.95,5554.80,5470.91,5522.68,68925
2026.01.29 12:00:00,5522.69,5549.76,5105.19,5182.76,85502
2026.01.29 16:00:00,5182.70,5375.63,5171.96,5305.58,160577
2026.01.29 20:00:00,5305.61,5448.52,5282.49,5438.37,57507
2026.01.30 00:00:00,5438.40,5450.96,5113.67,5196.58,82295
2026.01.30 04:00:00,5196.61,5241.73,5117.84,5182.86,73525
2026.01.30 08:00:00,5178.65,5178.65,4943.36,5135.86,72412
2026.01.30 12:00:00,5135.90,5145.80,4982.21,5050.57,87223
2026.01.30 16:00:00,5050.70,5051.89,4571.58,4932.94,83750
2026.01.30 20:00:00,4932.94,4932.98,4810.01,4860.15,29766
2026.02.01 20:00:00,4824.66,4825.97,4696.22,4740.91,10748
2026.02.02 00:00:00,4741.32,4884.77,4584.19,4643.62,78499
2026.02.02 04:00:00,4647.12,4712.97,4403.59,4586.90,70648
2026.02.02 08:00:00,4586.90,4779.50,4565.08,4766.66,70633
2026.02.02 12:00:00,4766.20,4812.35,4617.55,4620.02,84806
2026.02.02 16:00:00,4620.03,4713.80,4596.77,4685.49,81219
2026.02.02 20:00:00,4685.60,4775.82,4644.12,4774.49,41089
2026.02.03 00:00:00,4774.08,4856.16,4745.73,4811.19,78336
2026.02.03 04:00:00,4809.26,4933.61,4800.71,4917.30,63366
2026.02.03 08:00:00,4917.22,4946.79,4883.78,4916.68,51780
2026.02.03 12:00:00,4916.65,4951.01,4892.43,4935.35,81550
2026.02.03 16:00:00,4935.48,4993.66,4880.91,4927.26,88688
2026.02.03 20:00:00,4927.18,4972.39,4902.98,4947.65,37426
2026.02.04 00:00:00,4947.40,5073.62,4946.30,5069.82,63041
2026.02.04 04:00:00,5069.79,5091.27,5051.21,5084.68,43570
2026.02.04 08:00:00,5084.68,5091.77,5013.43,5047.49,44125
2026.02.04 12:00:00,5047.49,5063.42,4887.41,4918.18,74409
2026.02.04 16:00:00,4920.35,4957.65,4856.38,4941.84,81987
2026.02.04 20:00:00,4942.02,5023.91,4915.04,5012.46,33010
2026.02.05 00:00:00,5012.54,5020.43,4790.51,4877.07,74945
2026.02.05 04:00:00,4880.68,4939.86,4825.15,4915.15,68307
2026.02.05 08:00:00,4915.67,4943.21,4848.98,4868.43,60041
2026.02.05 12:00:00,4868.41,4878.15,4800.43,4818.03,91619
2026.02.05 16:00:00,4817.93,4906.48,4812.69,4829.41,77340
2026.02.05 20:00:00,4829.37,4843.37,4703.50,4703.84,42049
2026.02.06 00:00:00,4703.82,4846.31,4654.77,4824.25,74310
2026.02.06 04:00:00,4824.17,4903.22,4807.31,4840.89,51268
2026.02.06 08:00:00,4840.83,4895.78,4829.52,4887.10,39512
2026.02.06 12:00:00,4887.58,4964.77,4873.16,4943.77,66463
2026.02.06 16:00:00,4943.81,4971.27,4923.36,4957.18,47369
2026.02.06 20:00:00,4957.19,4964.38,4936.63,4960.24,13624
2026.02.08 20:00:00,4988.09,5046.77,4965.04,5036.00,12102
2026.02.09 00:00:00,5035.99,5045.01,4970.36,5016.08,54818
2026.02.09 04:00:00,5016.19,5045.59,4997.98,5006.35,47328
2026.02.09 08:00:00,5006.33,5041.09,4982.44,5010.82,36843
2026.02.09 12:00:00,5010.82,5060.29,4995.09,5058.86,58169
2026.02.09 16:00:00,5058.88,5080.34,5041.01,5074.54,46015
2026.02.09 20:00:00,5074.58,5085.78,4988.15,5031.80,26925
2026.02.10 00:00:00,5031.80,5056.16,5010.53,5030.25,54284
2026.02.10 04:00:00,5030.08,5045.38,5011.50,5034.05,41240
2026.02.10 08:00:00,5034.09,5063.35,5029.03,5056.04,34126
2026.02.10 12:00:00,5056.04,5078.64,4999.03,5019.63,60022
2026.02.10 16:00:00,5019.68,5040.11,5004.80,5028.04,47062
2026.02.10 20:00:00,5028.04,5054.72,5020.26,5041.77,18123
2026.02.11 00:00:00,5041.77,5060.82,5028.51,5054.36,34729
2026.02.11 04:00:00,5054.33,5069.21,5043.62,5055.54,31645
2026.02.11 08:00:00,5055.37,5117.01,5046.40,5111.94,33795
2026.02.11 12:00:00,5111.97,5119.52,5022.04,5060.14,77840
2026.02.11 16:00:00,5060.14,5099.13,5042.99,5081.77,52430
2026.02.11 20:00:00,5081.77,5100.12,5055.94,5061.31,23569
2026.02.12 00:00:00,5061.31,5074.73,5045.20,5056.92,40893
2026.02.12 04:00:00,5056.90,5078.02,5047.18,5063.94,29678
2026.02.12 08:00:00,5063.90,5080.78,5052.34,5063.88,25397
2026.02.12 12:00:00,5064.07,5083.63,5039.47,5060.44,48376
2026.02.12 16:00:00,5060.37,5068.25,4878.54,4945.74,83773
2026.02.12 20:00:00,4945.76,4948.65,4887.54,4920.47,30927
2026.02.13 00:00:00,4920.47,4991.65,4914.06,4981.34,43158
2026.02.13 04:00:00,4981.33,4997.31,4945.21,4974.89,39619
2026.02.13 08:00:00,4975.13,4989.45,4933.95,4955.51,34559
2026.02.13 12:00:00,4953.54,5020.50,4952.48,4976.94,65237
2026.02.13 16:00:00,4977.17,5046.23,4975.85,5027.89,50083
2026.02.13 20:00:00,5024.54,5039.43,5022.11,5038.98,15904
2026.02.15 20:00:00,5015.16,5031.87,5007.94,5020.15,8386
2026.02.16 00:00:00,5020.15,5031.33,4978.85,4987.51,31209
2026.02.16 04:00:00,4987.47,5009.94,4966.15,5007.20,25092
2026.02.16 08:00:00,5007.22,5017.29,4995.68,5004.33,23081
2026.02.16 12:00:00,5004.34,5008.17,4969.12,4979.52,27808
2026.02.16 16:00:00,4979.51,4997.88,4972.97,4993.61,19492
2026.02.16 20:00:00,4992.27,5000.74,4985.29,4989.76,4650
2026.02.17 00:00:00,4989.76,4991.40,4922.99,4956.70,31746
2026.02.17 04:00:00,4956.67,4960.49,4865.44,4917.21,33667
2026.02.17 08:00:00,4917.13,4939.22,4907.68,4929.29,28896
2026.02.17 12:00:00,4929.23,4944.24,4842.61,4878.44,61811
2026.02.17 16:00:00,4878.42,4910.58,4850.22,4880.45,54736
2026.02.17 20:00:00,4880.45,4886.65,4854.16,4859.56,22621
2026.02.18 00:00:00,4859.54,4922.26,4858.50,4920.81,26336
2026.02.18 04:00:00,4920.80,4941.98,4918.43,4930.22,20797
2026.02.18 08:00:00,4930.23,4932.32,4906.43,4913.17,24769
2026.02.18 12:00:00,4913.17,5008.90,4912.22,4997.92,49911
2026.02.18 16:00:00,4997.92,5010.97,4972.95,4980.71,48028
2026.02.18 20:00:00,4980.69,4988.59,4964.91,4976.07,21007
2026.02.19 00:00:00,4976.07,4983.51,4960.50,4981.65,21818
2026.02.19 04:00:00,4981.54,5021.79,4977.15,5010.26,19440
2026.02.19 08:00:00,5010.27,5021.95,4978.00,4984.69,28328
2026.02.19 12:00:00,4984.69,5022.23,4963.63,5013.84,54145
2026.02.19 16:00:00,5013.88,5014.34,4975.41,4987.94,44496
2026.02.19 20:00:00,4987.94,5008.07,4985.54,4987.64,19548
2026.02.20 00:00:00,4987.66,5014.73,4981.70,4987.37,23291
2026.02.20 04:00:00,4988.12,5030.11,4986.77,5006.50,23151
2026.02.20 08:00:00,5006.80,5042.73,5004.93,5017.33,31163
2026.02.20 12:00:00,5017.32,5064.16,4992.81,5042.92,60943
2026.02.20 16:00:00,5042.58,5079.98,5038.76,5079.61,58097
2026.02.20 20:00:00,5079.61,5100.13,5076.91,5099.53,15249
2026.02.22 20:00:00,5117.75,5171.74,5117.55,5165.30,10726
2026.02.23 00:00:00,5165.30,5176.59,5129.28,5166.92,43750
2026.02.23 04:00:00,5166.88,5168.89,5125.36,5136.85,29764
2026.02.23 08:00:00,5136.82,5163.75,5122.40,5149.77,31926
2026.02.23 12:00:00,5149.77,5204.96,5141.79,5196.17,53790
2026.02.23 16:00:00,5196.14,5218.83,5176.94,5215.55,54251
2026.02.23 20:00:00,5215.53,5249.83,5214.83,5235.73,23890
2026.02.24 00:00:00,5235.73,5238.09,5145.08,5172.02,51005
2026.02.24 04:00:00,5171.95,5185.81,5156.70,5179.37,34554
2026.02.24 08:00:00,5179.10,5181.91,5163.38,5172.68,28397
2026.02.24 12:00:00,5172.64,5173.57,5093.95,5150.29,63036
2026.02.24 16:00:00,5150.29,5170.18,5131.18,5153.97,43327
2026.02.24 20:00:00,5153.97,5173.15,5117.89,5146.66,19969
2026.02.25 00:00:00,5146.66,5193.84,5136.72,5181.85,40822
2026.02.25 04:00:00,5181.85,5210.48,5173.54,5184.62,28813
2026.02.25 08:00:00,5184.60,5197.38,5155.31,5181.72,30477
2026.02.25 12:00:00,5181.69,5202.65,5158.58,5194.58,52905
2026.02.25 16:00:00,5194.88,5217.65,5189.81,5204.90,42569
2026.02.25 20:00:00,5204.90,5206.14,5146.38,5163.30,31584
2026.02.26 00:00:00,5163.38,5198.44,5155.98,5192.70,43078
2026.02.26 04:00:00,5192.61,5205.33,5179.53,5185.92,28065
2026.02.26 08:00:00,5186.14,5190.91,5161.21,5164.75,31683
2026.02.26 12:00:00,5164.80,5192.89,5130.93,5185.44,64962
2026.02.26 16:00:00,5185.46,5194.01,5160.89,5187.02,50716
2026.02.26 20:00:00,5187.02,5200.63,5176.06,5183.90,18887
2026.02.27 00:00:00,5184.52,5199.56,5167.18,5183.95,39851
2026.02.27 04:00:00,5183.95,5200.48,5175.68,5175.94,31971
2026.02.27 08:00:00,5176.21,5185.62,5168.96,5185.62,26135
2026.02.27 12:00:00,5185.61,5246.29,5183.00,5239.16,63962
2026.02.27 16:00:00,5239.25,5257.86,5221.93,5250.09,51301
2026.02.27 20:00:00,5250.07,5276.07,5248.45,5274.48,13583
2026.03.01 20:00:00,5353.55,5390.42,5326.89,5386.97,16568
2026.03.02 00:00:00,5386.97,5388.09,5303.33,5366.43,62596
2026.03.02 04:00:00,5366.33,5419.24,5340.88,5408.14,45375
2026.03.02 08:00:00,5408.14,5416.72,5376.38,5385.45,43527
2026.03.02 12:00:00,5385.63,5416.09,5308.31,5315.92,80383
2026.03.02 16:00:00,5315.27,5334.04,5261.41,5330.47,68758
2026.03.02 20:00:00,5330.62,5347.30,5321.76,5345.82,31092
2026.03.03 00:00:00,5345.82,5380.04,5332.58,5367.52,48983
2026.03.03 04:00:00,5367.51,5375.57,5279.23,5327.76,52658
2026.03.03 08:00:00,5327.38,5335.97,5075.67,5144.94,70189
2026.03.03 12:00:00,5145.14,5226.66,4997.46,5095.64,94224
2026.03.03 16:00:00,5095.74,5148.98,5065.33,5113.40,93362
2026.03.03 20:00:00,5113.78,5130.31,5083.67,5125.30,39866
2026.03.04 00:00:00,5125.29,5190.94,5105.80,5174.38,65580
2026.03.04 04:00:00,5174.24,5181.00,5125.96,5168.21,53361
2026.03.04 08:00:00,5168.20,5202.40,5147.34,5192.37,44065
2026.03.04 12:00:00,5192.42,5206.21,5131.48,5151.20,80215
2026.03.04 16:00:00,5151.26,5162.67,5109.36,5137.86,62830
2026.03.04 20:00:00,5137.66,5165.76,5123.83,5165.20,21566
2026.03.05 00:00:00,5165.16,5194.93,5159.20,5180.29,40317
2026.03.05 04:00:00,5180.16,5186.55,5120.76,5162.07,42634
2026.03.05 08:00:00,5161.63,5180.51,5137.82,5163.90,45519
2026.03.05 12:00:00,5163.90,5171.89,5062.43,5102.69,74991
2026.03.05 16:00:00,5102.72,5104.62,5050.82,5066.07,80748
2026.03.05 20:00:00,5066.07,5101.98,5061.79,5086.13,27664
2026.03.06 00:00:00,5086.05,5143.55,5066.83,5131.02,46334
2026.03.06 04:00:00,5131.02,5136.39,5105.75,5119.64,32333
2026.03.06 08:00:00,5119.69,5123.23,5062.90,5077.36,49425
2026.03.06 12:00:00,5077.36,5171.69,5065.79,5141.75,86927
2026.03.06 16:00:00,5141.78,5174.65,5126.39,5159.90,61417
2026.03.06 20:00:00,5159.90,5172.05,5150.02,5170.28,15862
2026.03.08 20:00:00,5165.42,5168.92,5043.81,5075.81,28922
2026.03.09 00:00:00,5075.78,5102.15,5015.05,5091.38,71071
2026.03.09 04:00:00,5091.39,5140.86,5081.09,5099.02,51711
2026.03.09 08:00:00,5099.00,5132.31,5079.74,5088.22,47503
2026.03.09 12:00:00,5088.37,5115.96,5061.62,5099.49,74545
2026.03.09 16:00:00,5099.57,5144.22,5088.95,5141.13,50452
2026.03.09 20:00:00,5141.26,5156.11,5119.11,5139.73,23220
2026.03.10 00:00:00,5139.53,5186.94,5125.02,5157.61,56474
2026.03.10 04:00:00,5157.54,5181.37,5154.37,5181.13,34603
2026.03.10 08:00:00,5181.12,5195.24,5156.42,5175.35,43721
2026.03.10 12:00:00,5175.47,5238.78,5162.55,5228.66,67757
2026.03.10 16:00:00,5228.96,5235.47,5161.20,5198.72,65386
2026.03.10 20:00:00,5198.72,5199.00,5183.27,5197.41,14757
2026.03.11 00:00:00,5197.36,5223.25,5187.03,5203.48,41807
2026.03.11 04:00:00,5203.48,5210.93,5184.79,5195.88,31327
2026.03.11 08:00:00,5195.83,5198.74,5175.39,5181.53,32752
2026.03.11 12:00:00,5181.55,5196.26,5149.29,5166.41,74117
2026.03.11 16:00:00,5166.41,5183.41,5155.07,5183.10,45199
2026.03.11 20:00:00,5183.12,5183.38,5129.68,5134.30,18941
2026.03.12 00:00:00,5134.29,5175.23,5125.77,5153.03,46283
2026.03.12 04:00:00,5153.17,5185.25,5137.32,5182.03,30888
2026.03.12 08:00:00,5182.32,5191.60,5172.32,5179.01,31600
2026.03.12 12:00:00,5179.12,5186.18,5109.97,5132.35,77550
2026.03.12 16:00:00,5132.24,5138.04,5080.02,5084.77,60065
2026.03.12 20:00:00,5084.76,5101.41,5055.24,5098.04,21252
2026.03.13 00:00:00,5098.00,5128.67,5097.38,5115.68,36430
2026.03.13 04:00:00,5115.65,5118.05,5071.76,5085.32,39513
2026.03.13 08:00:00,5085.35,5107.72,5061.60,5107.54,40764
2026.03.13 12:00:00,5107.56,5121.92,5031.98,5034.93,75407
2026.03.13 16:00:00,5034.37,5064.02,5009.68,5016.20,66127
2026.03.13 20:00:00,5016.34,5025.41,5012.42,5024.84,4791
2026.03.15 20:00:00,5015.47,5030.56,4967.71,4997.52,26032
2026.03.16 00:00:00,4997.57,5030.71,4982.65,5019.13,59723
2026.03.16 04:00:00,5019.13,5035.92,4991.63,4995.60,36102
2026.03.16 08:00:00,4995.64,5022.65,4970.32,4996.86,46074
2026.03.16 12:00:00,4996.89,5038.00,4984.02,4987.17,64434
2026.03.16 16:00:00,4987.23,5020.32,4974.25,5013.10,50136
2026.03.16 20:00:00,5012.93,5021.59,4998.70,5012.93,13685
2026.03.17 00:00:00,5012.94,5033.53,4995.06,5027.49,39158
2026.03.17 04:00:00,5027.49,5044.60,5005.27,5021.32,37977
2026.03.17 08:00:00,5021.39,5029.54,4992.31,5003.42,35160
2026.03.17 12:00:00,5003.37,5031.55,4974.59,4998.04,64321
2026.03.17 16:00:00,4998.04,5009.17,4991.75,5000.46,43880
2026.03.17 20:00:00,5000.49,5006.47,4993.42,5002.93,9945
2026.03.18 00:00:00,5002.93,5015.94,4986.31,4991.49,34847
2026.03.18 04:00:00,4991.46,5016.42,4981.74,4994.91,29579
2026.03.18 08:00:00,4994.72,4996.73,4925.00,4930.19,42259
2026.03.18 12:00:00,4930.23,4932.53,4834.33,4862.50,85705
2026.03.18 16:00:00,4862.46,4899.34,4839.21,4843.31,67319
2026.03.18 20:00:00,4843.17,4848.71,4805.50,4836.99,30207
2026.03.19 00:00:00,4836.97,4867.20,4833.06,4850.80,44583
2026.03.19 04:00:00,4850.80,4853.83,4727.38,4727.87,55130
2026.03.19 08:00:00,4727.71,4740.47,4651.62,4652.90,78380
2026.03.19 12:00:00,4652.11,4654.18,4502.97,4596.32,110179
2026.03.19 16:00:00,4596.49,4663.39,4573.82,4644.00,92985
2026.03.19 20:00:00,4643.80,4677.11,4634.25,4643.82,24070
2026.03.20 00:00:00,4643.70,4736.05,4639.60,4725.94,53947
2026.03.20 04:00:00,4725.94,4727.61,4661.40,4706.25,46514
2026.03.20 08:00:00,4706.32,4734.86,4637.17,4671.79,56769
2026.03.20 12:00:00,4671.85,4695.75,4540.86,4553.60,102696
2026.03.20 16:00:00,4553.65,4614.07,4478.79,4501.77,98866
2026.03.20 20:00:00,4501.69,4514.32,4493.63,4503.35,9509
2026.03.22 20:00:00,4475.92,4535.34,4452.87,4464.62,27659
2026.03.23 00:00:00,4464.63,4473.21,4320.20,4352.93,90965
2026.03.23 04:00:00,4352.97,4381.88,4099.15,4204.33,84783
2026.03.23 08:00:00,4204.44,4462.30,4203.09,4379.13,92354
2026.03.23 12:00:00,4379.31,4512.94,4336.84,4364.00,119791
2026.03.23 16:00:00,4363.40,4467.17,4352.76,4398.42,106903
2026.03.23 20:00:00,4397.88,4448.09,4360.76,4441.18,33153
2026.03.24 00:00:00,4441.00,4446.76,4305.90,4347.39,94114
2026.03.24 04:00:00,4347.39,4431.98,4320.06,4417.44,83774
2026.03.24 08:00:00,4417.30,4442.25,4378.07,4408.09,73858
2026.03.24 12:00:00,4408.09,4433.53,4352.11,4411.48,106433
2026.03.24 16:00:00,4411.47,4427.41,4372.50,4400.28,87402
2026.03.24 20:00:00,4399.84,4551.17,4397.58,4546.95,41654
2026.03.25 00:00:00,4546.95,4602.31,4537.65,4570.19,58672
2026.03.25 04:00:00,4570.19,4574.78,4532.82,4539.32,41623
2026.03.25 08:00:00,4539.32,4585.73,4527.66,4579.14,50291
2026.03.25 12:00:00,4579.02,4583.89,4522.43,4559.02,88730
2026.03.25 16:00:00,4558.98,4568.90,4487.08,4531.00,67966
2026.03.25 20:00:00,4531.01,4542.29,4489.08,4498.35,27268
2026.03.26 00:00:00,4498.33,4544.47,4498.30,4516.81,49303
2026.03.26 04:00:00,4516.89,4524.19,4415.74,4452.80,56016
2026.03.26 08:00:00,4452.73,4459.36,4413.49,4423.13,62978
2026.03.26 12:00:00,4423.17,4479.04,4416.62,4438.30,89000
2026.03.26 16:00:00,4438.10,4442.75,4359.22,4364.18,77875
2026.03.26 20:00:00,4364.00,4420.63,4351.28,4404.93,31714
2026.03.27 00:00:00,4404.93,4446.26,4375.61,4437.47,44543
2026.03.27 04:00:00,4437.47,4475.27,4431.60,4447.78,39362
2026.03.27 08:00:00,4447.60,4451.04,4404.33,4420.17,46485
2026.03.27 12:00:00,4420.10,4555.16,4412.79,4524.10,80420
2026.03.27 16:00:00,4524.10,4533.58,4486.45,4514.47,65605
2026.03.27 20:00:00,4514.63,4518.22,4498.92,4505.60,5658
2026.03.29 20:00:00,4512.08,4512.74,4443.98,4448.88,24201
2026.03.30 00:00:00,4449.00,4517.63,4420.28,4496.24,74688
2026.03.30 04:00:00,4496.24,4550.78,4486.31,4527.49,54275
2026.03.30 08:00:00,4527.47,4580.54,4523.66,4559.57,53363
2026.03.30 12:00:00,4559.65,4578.80,4512.40,4548.45,85952
2026.03.30 16:00:00,4548.45,4549.79,4493.19,4513.75,68527
2026.03.30 20:00:00,4513.65,4521.51,4493.65,4513.88,20828
2026.03.31 00:00:00,4513.88,4619.63,4482.71,4557.34,71080
2026.03.31 04:00:00,4557.35,4581.82,4543.58,4564.58,47544
2026.03.31 08:00:00,4564.58,4593.36,4531.39,4582.37,58540
2026.03.31 12:00:00,4582.37,4629.94,4567.98,4609.38,89479
2026.03.31 16:00:00,4609.41,4685.77,4607.12,4682.78,85110
2026.03.31 20:00:00,4682.77,4700.13,4661.73,4696.51,27364
2026.04.01 00:00:00,4696.53,4724.31,4678.17,4681.93,57361
2026.04.01 04:00:00,4681.93,4747.80,4666.98,4713.01,53292
2026.04.01 08:00:00,4713.01,4762.90,4710.51,4753.34,46727
2026.04.01 12:00:00,4752.55,4788.20,4716.51,4786.58,85518
2026.04.01 16:00:00,4786.62,4793.10,4742.19,4766.20,66756
2026.04.01 20:00:00,4766.18,4800.33,4750.68,4784.12,23238
2026.04.02 00:00:00,4784.12,4798.72,4653.47,4676.42,75742
2026.04.02 04:00:00,4676.47,4681.80,4553.71,4642.75,64153
2026.04.02 08:00:00,4642.74,4648.81,4592.83,4600.12,52591
2026.04.02 12:00:00,4600.12,4699.51,4580.88,4661.12,104342
2026.04.02 16:00:00,4661.12,4681.83,4643.04,4672.13,76322
2026.04.02 20:00:00,4672.24,4677.95,4664.34,4676.17,7076
2026.04.05 20:00:00,4637.39,4654.50,4605.57,4610.68,23738
2026.04.06 00:00:00,4610.68,4671.85,4601.00,4640.54,57383
2026.04.06 04:00:00,4640.54,4688.42,4640.03,4684.84,39848
2026.04.06 08:00:00,4684.82,4706.62,4677.12,4678.02,40838
2026.04.06 12:00:00,4678.02,4697.83,4652.00,4668.20,76915
2026.04.06 16:00:00,4668.21,4672.59,4645.67,4655.54,50124
2026.04.06 20:00:00,4655.54,4667.78,4649.21,4658.88,13878
2026.04.07 00:00:00,4658.88,4664.53,4616.72,4649.61,58234
2026.04.07 04:00:00,4649.58,4663.81,4623.18,4646.09,50926
2026.04.07 08:00:00,4646.11,4694.31,4629.19,4659.70,67412
2026.04.07 12:00:00,4659.70,4670.62,4607.68,4655.56,88525
2026.04.07 16:00:00,4655.64,4718.54,4652.68,4700.78,75906
2026.04.07 20:00:00,4700.80,4836.40,4696.65,4833.35,50633
2026.04.08 00:00:00,4833.37,4854.89,4788.30,4797.79,65987
2026.04.08 04:00:00,4797.79,4843.89,4790.34,4813.29,49071
2026.04.08 08:00:00,4813.29,4819.73,4771.11,4798.76,45573
2026.04.08 12:00:00,4798.76,4807.25,4732.72,4756.68,86163
2026.04.08 16:00:00,4756.68,4765.58,4699.61,4730.70,67983
2026.04.08 20:00:00,4730.70,4732.25,4704.53,4715.72,21799
2026.04.09 00:00:00,4715.89,4733.06,4698.65,4711.55,49365
2026.04.09 04:00:00,4711.55,4731.30,4703.50,4724.36,46227
2026.04.09 08:00:00,4724.38,4757.60,4719.90,4756.61,37159
2026.04.09 12:00:00,4756.60,4798.10,4734.56,4792.88,77988
2026.04.09 16:00:00,4792.88,4801.04,4766.88,4768.79,60481
2026.04.09 20:00:00,4768.96,4779.13,4757.02,4763.71,14742
2026.04.10 00:00:00,4763.94,4777.40,4738.16,4766.47,43409
2026.04.10 04:00:00,4766.53,4770.78,4741.31,4749.68,32954
2026.04.10 08:00:00,4749.92,4768.94,4730.97,4768.27,39613
2026.04.10 12:00:00,4768.31,4795.08,4755.44,4762.19,75522
2026.04.10 16:00:00,4761.87,4773.20,4747.50,4759.72,50760
2026.04.10 20:00:00,4759.73,4759.91,4740.83,4751.00,5557
2026.04.12 20:00:00,4670.52,4685.11,4644.17,4671.41,26094
2026.04.13 00:00:00,4671.41,4728.29,4664.64,4718.03,50353
2026.04.13 04:00:00,4718.03,4740.02,4708.90,4733.64,38319
2026.04.13 08:00:00,4733.56,4738.73,4703.78,4707.12,39045
2026.04.13 12:00:00,4707.27,4744.56,4700.53,4714.44,77561
2026.04.13 16:00:00,4714.44,4750.08,4709.28,4741.18,59544
2026.04.13 20:00:00,4741.31,4765.71,4738.15,4757.59,16635
2026.04.14 00:00:00,4757.79,4777.20,4751.58,4768.21,46083
2026.04.14 04:00:00,4768.24,4796.12,4757.92,4777.14,43458
2026.04.14 08:00:00,4777.10,4789.98,4756.35,4774.93,38040
2026.04.14 12:00:00,4775.00,4818.01,4762.34,4808.26,73172
2026.04.14 16:00:00,4808.25,4846.28,4805.00,4844.90,48210
2026.04.14 20:00:00,4844.96,4850.66,4833.12,4837.27,18645
2026.04.15 00:00:00,4837.35,4871.30,4816.74,4823.99,51707
2026.04.15 04:00:00,4823.99,4830.66,4803.94,4811.16,41620
2026.04.15 08:00:00,4810.97,4819.59,4787.31,4812.71,48867
2026.04.15 12:00:00,4812.73,4830.42,4787.03,4801.77,67389
2026.04.15 16:00:00,4801.81,4812.80,4790.25,4795.82,50906
2026.04.15 20:00:00,4795.82,4826.63,4787.77,4823.55,17430
2026.04.16 00:00:00,4823.55,4837.66,4811.26,4824.17,40263
2026.04.16 04:00:00,4824.17,4838.45,4814.67,4821.07,41175
2026.04.16 08:00:00,4821.11,4822.54,4805.18,4822.28,40882
2026.04.16 12:00:00,4822.28,4823.89,4773.10,4806.99,73094
2026.04.16 16:00:00,4807.09,4810.10,4781.47,4793.67,60476
2026.04.16 20:00:00,4793.66,4797.94,4786.40,4791.77,13268
2026.04.17 00:00:00,4791.70,4801.15,4767.97,4793.16,40129
2026.04.17 04:00:00,4793.13,4806.14,4778.87,4784.51,34639
2026.04.17 08:00:00,4784.47,4811.82,4781.04,4799.17,33531
2026.04.17 12:00:00,4799.33,4889.05,4797.72,4867.59,91713
2026.04.17 16:00:00,4867.57,4873.40,4852.80,4854.49,61831
2026.04.17 20:00:00,4854.49,4855.05,4833.90,4835.49,8324
2026.04.19 20:00:00,4774.60,4794.67,4736.84,4755.19,22171
2026.04.20 00:00:00,4755.30,4814.34,4744.68,4790.91,50065
2026.04.20 04:00:00,4791.27,4805.80,4779.86,4789.70,44747
2026.04.20 08:00:00,4789.70,4810.79,4783.47,4810.49,39314
2026.04.20 12:00:00,4810.49,4827.77,4792.54,4799.80,77260
2026.04.20 16:00:00,4799.80,4821.32,4793.00,4814.26,45033
2026.04.20 20:00:00,4814.26,4833.16,4812.19,4821.77,17678
2026.04.21 00:00:00,4821.77,4830.58,4792.73,4797.34,41272
2026.04.21 04:00:00,4797.34,4798.00,4772.77,4786.17,41668
2026.04.21 08:00:00,4786.09,4797.93,4774.78,4794.56,35827
2026.04.21 12:00:00,4794.56,4796.99,4723.49,4741.82,86634
2026.04.21 16:00:00,4741.82,4746.87,4668.48,4679.42,83216
2026.04.21 20:00:00,4679.35,4740.54,4668.73,4737.90,29481
2026.04.22 00:00:00,4737.90,4765.05,4735.84,4758.14,41265
2026.04.22 04:00:00,4758.15,4772.37,4752.00,4760.49,35958
2026.04.22 08:00:00,4760.57,4762.54,4745.89,4750.38,35914
2026.04.22 12:00:00,4750.40,4760.75,4725.05,4727.69,75467
2026.04.22 16:00:00,4727.69,4749.34,4723.87,4740.22,46591
2026.04.22 20:00:00,4740.37,4746.08,4722.91,4727.69,16476
2026.04.23 00:00:00,4727.72,4752.79,4694.33,4704.03,68190
2026.04.23 04:00:00,4704.03,4720.94,4693.12,4719.23,44458
2026.04.23 08:00:00,4719.03,4724.92,4684.28,4720.69,45281
2026.04.23 12:00:00,4720.73,4743.19,4716.39,4720.54,75182
2026.04.23 16:00:00,4720.64,4737.09,4664.35,4696.05,83884
2026.04.23 20:00:00,4696.07,4700.81,4686.57,4695.39,18935
2026.04.24 00:00:00,4695.37,4711.13,4668.74,4672.16,55638
2026.04.24 04:00:00,4672.16,4695.21,4657.85,4694.49,43163
2026.04.24 08:00:00,4694.56,4717.49,4674.70,4706.85,50773
2026.04.24 12:00:00,4706.87,4740.45,4689.68,4727.18,79299
2026.04.24 16:00:00,4726.81,4729.92,4713.37,4716.58,49467
2026.04.24 20:00:00,4716.31,4717.42,4705.07,4707.33,5197
2026.04.26 20:00:00,4697.07,4697.08,4674.68,4680.03,14229
2026.04.27 00:00:00,4680.00,4729.39,4672.33,4724.12,50295
2026.04.27 04:00:00,4724.12,4729.91,4708.83,4713.39,38842
2026.04.27 08:00:00,4713.41,4714.71,4699.18,4704.89,35615
2026.04.27 12:00:00,4704.89,4712.61,4667.28,4670.09,72305
2026.04.27 16:00:00,4670.09,4686.10,4667.38,4680.60,40322
2026.04.27 20:00:00,4680.74,4695.10,4677.42,4691.82,11849
2026.04.28 00:00:00,4691.82,4701.21,4666.54,4671.03,42442
2026.04.28 04:00:00,4671.04,4671.31,4620.68,4633.24,50944
2026.04.28 08:00:00,4633.15,4635.42,4555.66,4562.92,57889
2026.04.28 12:00:00,4562.83,4600.11,4555.06,4586.52,93626
2026.04.28 16:00:00,4586.49,4601.53,4577.50,4595.69,50606
2026.04.28 20:00:00,4595.65,4599.50,4587.94,4595.49,13758
2026.04.29 00:00:00,4595.49,4610.31,4575.90,4595.57,48840
2026.04.29 04:00:00,4595.77,4607.77,4567.39,4567.95,41683
2026.04.29 08:00:00,4568.43,4580.81,4551.74,4561.75,49988
2026.04.29 12:00:00,4561.75,4568.95,4510.18,4547.59,77512
2026.04.29 16:00:00,4547.64,4564.85,4518.37,4546.89,75559
2026.04.29 20:00:00,4546.85,4562.00,4539.33,4561.70,25504
2026.04.30 00:00:00,4561.71,4582.48,4555.68,4555.93,50605
2026.04.30 04:00:00,4555.95,4605.56,4540.57,4598.42,52654
2026.04.30 08:00:00,4598.42,4647.13,4597.37,4630.21,61081
2026.04.30 12:00:00,4630.39,4646.03,4609.39,4615.37,81240
2026.04.30 16:00:00,4615.31,4627.35,4605.51,4617.15,44949
2026.04.30 20:00:00,4617.15,4634.11,4615.42,4626.66,17648
2026.05.01 00:00:00,4626.68,4636.01,4614.22,4626.72,37070
2026.05.01 04:00:00,4626.67,4628.73,4575.95,4578.21,37600
2026.05.01 08:00:00,4578.20,4582.57,4560.10,4578.80,36994
2026.05.01 12:00:00,4578.80,4660.40,4575.03,4643.31,71648
2026.05.01 16:00:00,4643.30,4650.01,4608.96,4611.06,50620
2026.05.01 20:00:00,4610.81,4615.98,4606.87,4613.56,5226
2026.05.03 20:00:00,4625.48,4629.25,4611.17,4613.84,12052
2026.05.04 00:00:00,4613.82,4618.62,4591.16,4615.08,43437
2026.05.04 04:00:00,4615.05,4615.38,4578.10,4579.03,45076
2026.05.04 08:00:00,4579.03,4584.51,4526.30,4559.99,60679
2026.05.04 12:00:00,4560.64,4583.22,4514.30,4521.67,80403
2026.05.04 16:00:00,4521.56,4531.58,4500.87,4517.90,60233
2026.05.04 20:00:00,4517.81,4524.57,4511.52,4519.06,11213
2026.05.05 00:00:00,4519.08,4546.84,4513.59,4534.69,32436
2026.05.05 04:00:00,4534.68,4558.37,4527.89,4545.56,36248
2026.05.05 08:00:00,4545.59,4564.88,4539.99,4562.93,38350
2026.05.05 12:00:00,4562.95,4586.68,4554.22,4568.52,60959
2026.05.05 16:00:00,4568.48,4568.94,4551.61,4554.71,34725
2026.05.05 20:00:00,4554.75,4595.69,4546.23,4593.97,20058
2026.05.06 00:00:00,4593.97,4651.83,4588.29,4643.87,48530
2026.05.06 04:00:00,4643.70,4681.98,4643.26,4681.74,39653
2026.05.06 08:00:00,4681.58,4723.04,4671.61,4692.13,60516
2026.05.06 12:00:00,4692.02,4717.47,4660.57,4687.90,75710
2026.05.06 16:00:00,4687.87,4700.13,4678.93,4692.38,43742
2026.05.06 20:00:00,4692.36,4699.88,4685.20,4698.97,15631
2026.05.07 00:00:00,4698.93,4721.51,4685.21,4699.15,44485
2026.05.07 04:00:00,4699.14,4750.53,4692.38,4743.02,46146
2026.05.07 08:00:00,4743.07,4753.49,4721.78,4742.83,46396
2026.05.07 12:00:00,4742.83,4764.77,4726.38,4729.26,75479
2026.05.07 16:00:00,4729.26,4729.67,4687.91,4702.98,80095
2026.05.07 20:00:00,4703.05,4719.10,4682.01,4704.39,25173
2026.05.08 00:00:00,4704.38,4732.76,4693.94,4719.59,47927
2026.05.08 04:00:00,4719.59,4734.75,4696.76,4707.90,46533
2026.05.08 08:00:00,4707.89,4727.82,4706.75,4717.78,38509
2026.05.08 12:00:00,4717.78,4749.49,4701.96,4707.14,75704
2026.05.08 16:00:00,4707.02,4728.94,4705.49,4724.07,33942
2026.05.08 20:00:00,4724.00,4724.24,4715.07,4716.14,4074
2026.05.10 20:00:00,4686.78,4698.58,4679.79,4691.69,15045
2026.05.11 00:00:00,4691.69,4705.38,4670.44,4678.78,56989
2026.05.11 04:00:00,4678.75,4680.86,4648.11,4667.74,45742
2026.05.11 08:00:00,4667.80,4678.78,4650.63,4674.54,40295
2026.05.11 12:00:00,4674.56,4748.51,4667.48,4732.19,74784
2026.05.11 16:00:00,4732.19,4736.27,4708.10,4733.58,46429
2026.05.11 20:00:00,4733.77,4769.61,4729.87,4767.48,17947
2026.05.12 00:00:00,4767.42,4773.55,4718.08,4720.29,54877
2026.05.12 04:00:00,4720.29,4730.38,4687.25,4699.86,49766
2026.05.12 08:00:00,4699.86,4709.24,4685.16,4706.64,46086
2026.05.12 12:00:00,4706.64,4711.59,4638.37,4666.09,83265
2026.05.12 16:00:00,4666.40,4715.70,4664.31,4715.64,53011
2026.05.12 20:00:00,4715.64,4724.00,4712.04,4716.96,20700
2026.05.13 00:00:00,4717.12,4726.82,4687.59,4696.12,53016
2026.05.13 04:00:00,4696.12,4715.41,4693.74,4702.88,43627
2026.05.13 08:00:00,4702.69,4710.45,4685.95,4697.41,44117
2026.05.13 12:00:00,4697.23,4701.68,4669.52,4695.60,73676
2026.05.13 16:00:00,4695.60,4709.82,4677.65,4688.28,48392
2026.05.13 20:00:00,4688.10,4702.10,4685.95,4696.63,15234
2026.05.14 00:00:00,4696.60,4707.05,4674.05,4675.03,57800
2026.05.14 04:00:00,4675.07,4718.73,4668.93,4693.19,51593
2026.05.14 08:00:00,4693.19,4706.74,4688.30,4694.47,49017
2026.05.14 12:00:00,4693.89,4710.01,4666.64,4685.96,73887
2026.05.14 16:00:00,4685.79,4687.02,4653.10,4654.27,50241
2026.05.14 20:00:00,4654.27,4665.25,4644.30,4652.22,22804
2026.05.15 00:00:00,4652.25,4658.15,4607.38,4615.53,72430
2026.05.15 04:00:00,4615.53,4621.60,4556.48,4570.83,70023
2026.05.15 08:00:00,4571.06,4572.67,4532.12,4552.01,68221
2026.05.15 12:00:00,4552.00,4566.55,4511.95,4539.91,90290
2026.05.15 16:00:00,4540.03,4564.48,4529.45,4545.93,54176
2026.05.15 20:00:00,4545.93,4546.25,4532.98,4540.24,6836
2026.05.17 20:00:00,4545.32,4554.58,4532.08,4537.08,18456
2026.05.18 00:00:00,4537.08,4548.06,4480.54,4541.21,79821
2026.05.18 04:00:00,4541.16,4559.98,4529.49,4546.26,63978
2026.05.18 08:00:00,4546.38,4567.17,4530.00,4550.68,53893
2026.05.18 12:00:00,4550.87,4584.19,4531.87,4543.58,88005
2026.05.18 16:00:00,4543.69,4564.85,4533.93,4558.54,64347
2026.05.18 20:00:00,4559.03,4588.98,4557.78,4581.91,18056
2026.05.19 00:00:00,4581.91,4589.43,4543.80,4545.16,58402
2026.05.19 04:00:00,4545.14,4559.35,4530.87,4557.22,54167
2026.05.19 08:00:00,4557.27,4559.15,4525.53,4530.82,49899
2026.05.19 12:00:00,4530.82,4547.20,4464.75,4508.43,85689
2026.05.19 16:00:00,4508.43,4512.56,4481.24,4483.45,54462
2026.05.19 20:00:00,4483.44,4496.36,4476.88,4489.37,19411
2026.05.20 00:00:00,4489.38,4508.87,4453.61,4463.79,71227
2026.05.20 04:00:00,4463.79,4485.96,4456.77,4478.59,57011
2026.05.20 08:00:00,4478.73,4500.96,4472.81,4499.19,47437
2026.05.20 12:00:00,4499.11,4552.83,4467.11,4529.14,90691
2026.05.20 16:00:00,4529.14,4550.19,4524.08,4545.78,59496
2026.05.20 20:00:00,4545.74,4550.24,4534.66,4546.52,22912
2026.05.21 00:00:00,4546.50,4570.82,4527.34,4528.52,56195
2026.05.21 04:00:00,4528.50,4540.60,4511.71,4519.66,55306
2026.05.21 08:00:00,4519.66,4543.04,4505.41,4514.13,66407
2026.05.21 12:00:00,4514.12,4521.06,4488.71,4512.00,92201
2026.05.21 16:00:00,4512.00,4559.27,4512.00,4543.09,81531
2026.05.21 20:00:00,4543.18,4546.04,4532.61,4535.56,16071
2026.05.22 00:00:00,4535.56,4541.28,4518.41,4529.46,47968
2026.05.22 04:00:00,4529.46,4534.25,4507.37,4521.91,49008
2026.05.22 08:00:00,4521.91,4536.89,4510.26,4520.71,54065
2026.05.22 12:00:00,4520.59,4535.57,4491.99,4520.06,83689
2026.05.22 16:00:00,4520.03,4527.89,4504.39,4508.30,51712
2026.05.22 20:00:00,4508.40,4510.36,4504.05,4504.66,4609
2026.05.24 20:00:00,4550.30,4579.90,4548.64,4567.04,20845
2026.05.25 00:00:00,4566.90,4579.52,4556.55,4559.68,48590
2026.05.25 04:00:00,4559.68,4566.15,4550.55,4564.81,40556
2026.05.25 08:00:00,4564.81,4577.02,4553.40,4569.45,34329
2026.05.25 12:00:00,4569.43,4574.74,4552.73,4570.88,45253
2026.05.25 16:00:00,4570.88,4577.71,4563.13,4570.90,12929
2026.05.25 20:00:00,4571.02,4580.47,4555.13,4559.84,12245
2026.05.26 00:00:00,4559.83,4560.15,4528.03,4542.43,48261
2026.05.26 04:00:00,4542.43,4543.33,4521.70,4538.24,43850
2026.05.26 08:00:00,4538.29,4540.63,4503.92,4507.28,54445
2026.05.26 12:00:00,4507.28,4531.31,4500.40,4506.48,74222
2026.05.26 16:00:00,4506.67,4511.29,4482.59,4508.96,50113
2026.05.26 20:00:00,4508.96,4527.60,4498.16,4519.71,20614
2026.05.27 00:00:00,4519.71,4525.94,4496.69,4497.13,40353
2026.05.27 04:00:00,4497.13,4517.22,4475.94,4481.99,49321
2026.05.27 08:00:00,4481.88,4498.64,4424.86,4428.71,47574
2026.05.27 12:00:00,4428.69,4466.46,4401.48,4436.41,80572
2026.05.27 16:00:00,4436.44,4458.32,4434.18,4451.03,36790
2026.05.27 20:00:00,4450.98,4462.34,4443.97,4447.05,18205
2026.05.28 00:00:00,4447.05,4458.80,4368.64,4374.95,60401
2026.05.28 04:00:00,4374.91,4396.30,4366.33,4387.58,53662
2026.05.28 08:00:00,4387.63,4404.42,4375.20,4387.99,44508
2026.05.28 12:00:00,4387.99,4484.88,4379.57,4482.26,82619
2026.05.28 16:00:00,4482.36,4516.59,4478.08,4497.86,52885
2026.05.28 20:00:00,4497.77,4500.69,4489.11,4495.22,17343
2026.05.29 00:00:00,4495.22,4520.82,4492.27,4501.55,45104
2026.05.29 04:00:00,4501.55,4526.21,4501.23,4524.76,39916
2026.05.29 08:00:00,4524.76,4543.27,4510.15,4538.44,43002
2026.05.29 12:00:00,4538.54,4595.32,4512.68,4571.15,80133
2026.05.29 16:00:00,4571.15,4573.48,4542.99,4545.49,51107
2026.05.29 20:00:00,4545.52,4549.00,4541.19,4543.56,4793
2026.05.31 20:00:00,4525.71,4545.72,4523.71,4539.61,12729
2026.06.01 00:00:00,4539.55,4546.06,4509.92,4516.50,43630
2026.06.01 04:00:00,4516.50,4525.36,4492.45,4503.04,39779
2026.06.01 08:00:00,4503.01,4512.94,4489.69,4505.86,39442
2026.06.01 12:00:00,4505.87,4510.51,4447.81,4474.17,78086
2026.06.01 16:00:00,4474.20,4495.49,4463.06,4481.20,48052
2026.06.01 20:00:00,4481.21,4488.31,4479.49,4484.49,13899
2026.06.02 00:00:00,4484.49,4499.41,4463.24,4499.31,53331
2026.06.02 04:00:00,4499.31,4541.55,4497.79,4535.09,41319
2026.06.02 08:00:00,4535.09,4539.30,4522.12,4527.59,35160
2026.06.02 12:00:00,4527.59,4534.17,4490.32,4502.12,61190
2026.06.02 16:00:00,4502.20,4502.90,4478.76,4488.10,41157
2026.06.02 20:00:00,4488.10,4493.12,4462.19,4474.45,21749
2026.06.03 00:00:00,4474.38,4496.67,4464.08,4484.37,36735
2026.06.03 04:00:00,4484.37,4488.32,4452.63,4453.29,41728
2026.06.03 08:00:00,4453.29,4468.07,4438.99,4462.42,48970
2026.06.03 12:00:00,4462.55,4467.15,4426.47,4442.28,69248
2026.06.03 16:00:00,4442.18,4452.25,4434.06,4443.93,44724
2026.06.03 20:00:00,4443.90,4464.71,4424.01,4457.32,27228
2026.06.04 00:00:00,4457.32,4477.27,4443.48,4463.88,54039
2026.06.04 04:00:00,4463.90,4484.20,4459.64,4461.74,42407
2026.06.04 08:00:00,4461.72,4514.54,4458.41,4511.50,48875
2026.06.04 12:00:00,4511.42,4515.37,4457.42,4477.40,71577
2026.06.04 16:00:00,4477.41,4485.15,4472.66,4480.73,38041
2026.06.04 20:00:00,4480.83,4481.61,4460.60,4461.94,18639
2026.06.05 00:00:00,4461.81,4470.01,4435.26,4442.46,51324
2026.06.05 04:00:00,4442.46,4467.29,4429.02,4460.90,46186
2026.06.05 08:00:00,4460.65,4475.27,4458.64,4470.10,40151
2026.06.05 12:00:00,4470.10,4475.80,4334.10,4335.51,91910
2026.06.05 16:00:00,4335.43,4347.37,4313.97,4318.71,73258
2026.06.05 20:00:00,4318.62,4326.35,4311.57,4324.01,11183
2026.06.07 20:00:00,4318.70,4346.96,4313.98,4344.03,23502
2026.06.08 00:00:00,4344.05,4353.31,4300.03,4316.83,73077
2026.06.08 04:00:00,4316.85,4321.77,4268.45,4294.52,66056
2026.06.08 08:00:00,4294.43,4333.20,4273.09,4331.33,59393
2026.06.08 12:00:00,4331.14,4346.79,4315.24,4341.87,83809
2026.06.08 16:00:00,4341.78,4346.29,4323.34,4326.66,61107
2026.06.08 20:00:00,4326.58,4330.37,4312.89,4317.90,15760
2026.06.09 00:00:00,4317.86,4342.18,4315.09,4336.57,55622
2026.06.09 04:00:00,4336.60,4351.40,4322.11,4326.63,47069
2026.06.09 08:00:00,4326.70,4343.78,4321.27,4339.82,41378
2026.06.09 12:00:00,4339.82,4363.39,4263.25,4272.42,92846
2026.06.09 16:00:00,4272.09,4281.09,4236.70,4258.76,97334
2026.06.09 20:00:00,4258.74,4262.02,4210.40,4222.06,26522
2026.06.10 00:00:00,4222.06,4228.39,4173.00,4184.86,74340
2026.06.10 04:00:00,4184.86,4222.07,4172.58,4186.14,58858
2026.06.10 08:00:00,4186.12,4187.38,4145.84,4147.64,68125
2026.06.10 12:00:00,4147.64,4186.32,4106.89,4128.86,109777
2026.06.10 16:00:00,4129.20,4135.10,4081.67,4082.78,86234
2026.06.10 20:00:00,4082.79,4083.03,4023.92,4047.08,37470
2026.06.11 00:00:00,4047.73,4118.27,4036.04,4072.81,87472
2026.06.11 04:00:00,4072.81,4110.61,4070.21,4104.98,64951
2026.06.11 08:00:00,4104.98,4112.68,4077.49,4080.34,54985
2026.06.11 12:00:00,4080.34,4095.58,4052.90,4088.78,100499
2026.06.11 16:00:00,4088.94,4220.06,4071.95,4208.85,97740
2026.06.11 20:00:00,4208.86,4246.60,4205.36,4219.92,32307
2026.06.12 00:00:00,4219.80,4230.39,4171.46,4197.13,69831
2026.06.12 04:00:00,4197.09,4201.08,4170.14,4194.27,57859
2026.06.12 08:00:00,4194.55,4227.98,4192.02,4206.88,63200
2026.06.12 12:00:00,4206.88,4235.60,4177.20,4211.89,91360
2026.06.12 16:00:00,4211.83,4235.40,4201.89,4210.78,65832
2026.06.12 20:00:00,4210.76,4216.79,4209.24,4213.57,4289
2026.06.14 20:00:00,4306.20,4306.39,4280.23,4294.11,16663
2026.06.15 00:00:00,4294.11,4335.54,4285.54,4325.12,51634
2026.06.15 04:00:00,4325.12,4333.02,4300.83,4323.14,42302
2026.06.15 08:00:00,4323.14,4347.54,4321.79,4335.24,40472
2026.06.15 12:00:00,4335.24,4369.40,4324.66,4356.26,70351
2026.06.15 16:00:00,4356.26,4358.77,4316.66,4320.81,53869
2026.06.15 20:00:00,4320.70,4322.02,4306.00,4315.68,14649
2026.06.16 00:00:00,4315.66,4333.15,4306.96,4330.46,46888
2026.06.16 04:00:00,4330.42,4335.51,4313.50,4335.03,39796
2026.06.16 08:00:00,4335.04,4349.38,4332.59,4340.97,36259
2026.06.16 12:00:00,4340.97,4354.98,4313.28,4335.16,72847
2026.06.16 16:00:00,4335.18,4347.02,4325.25,4333.97,50306
2026.06.16 20:00:00,4333.59,4338.47,4329.01,4331.03,10034
2026.06.17 00:00:00,4331.03,4349.67,4328.70,4332.22,40459
2026.06.17 04:00:00,4332.16,4334.36,4317.51,4325.27,35790
2026.06.17 08:00:00,4325.30,4335.62,4317.48,4323.22,36098
2026.06.17 12:00:00,4323.22,4364.69,4320.02,4363.69,64426
2026.06.17 16:00:00,4363.64,4382.29,4219.12,4235.86,87172
2026.06.17 20:00:00,4235.48,4284.06,4235.08,4277.93,28765
2026.06.18 00:00:00,4277.98,4329.89,4276.56,4319.81,56357
2026.06.18 04:00:00,4319.80,4324.82,4287.48,4288.71,48617
2026.06.18 08:00:00,4288.76,4292.94,4239.70,4242.01,52443
2026.06.18 12:00:00,4241.90,4276.61,4223.12,4226.65,84677
2026.06.18 16:00:00,4226.65,4233.33,4201.47,4216.93,64354
2026.06.18 20:00:00,4216.94,4219.51,4186.97,4188.36,15506
2026.06.19 00:00:00,4188.36,4198.22,4147.34,4153.61,41352
2026.06.19 04:00:00,4153.65,4163.24,4121.58,4158.08,50144
2026.06.19 08:00:00,4158.14,4178.58,4142.04,4152.71,47295
2026.06.19 12:00:00,4152.71,4183.03,4142.81,4151.08,55935
2026.06.19 16:00:00,4151.13,4157.89,4144.35,4155.77,6629
2026.06.21 20:00:00,4154.38,4164.41,4136.46,4140.23,16879
2026.06.22 00:00:00,4140.26,4220.55,4140.00,4171.53,63015
2026.06.22 04:00:00,4171.77,4207.34,4170.68,4190.40,46873
2026.06.22 08:00:00,4190.40,4215.24,4188.63,4207.48,44703
2026.06.22 12:00:00,4207.47,4211.77,4169.80,4182.88,80404
2026.06.22 16:00:00,4182.81,4193.41,4174.49,4190.54,49611
2026.06.22 20:00:00,4190.69,4195.39,4186.81,4187.68,12769
2026.06.23 00:00:00,4187.55,4198.66,4130.84,4144.14,66727
2026.06.23 04:00:00,4144.40,4146.98,4096.70,4098.76,62153
2026.06.23 08:00:00,4098.82,4133.33,4090.65,4123.28,58994
2026.06.23 12:00:00,4123.28,4145.08,4105.40,4138.69,85406
2026.06.23 16:00:00,4138.79,4143.87,4111.66,4111.78,52783
2026.06.23 20:00:00,4111.98,4115.05,4080.86,4099.24,27484
2026.06.24 00:00:00,4099.25,4112.10,4050.39,4062.76,81690
2026.06.24 04:00:00,4062.76,4097.62,4055.08,4074.82,58704
2026.06.24 08:00:00,4074.82,4087.66,4037.39,4046.77,57777
2026.06.24 12:00:00,4046.73,4048.82,3964.61,4002.52,98779
2026.06.24 16:00:00,4002.66,4022.23,3959.14,3987.97,84680
2026.06.24 20:00:00,3988.16,4018.69,3984.72,4012.50,26748
2026.06.25 00:00:00,4012.50,4016.50,3963.63,3995.35,82526
2026.06.25 04:00:00,3995.34,4000.01,3971.42,3987.76,59991
2026.06.25 08:00:00,3987.77,4002.04,3973.67,3980.10,47167
2026.06.25 12:00:00,3980.13,4042.66,3978.83,4041.17,98770
2026.06.25 16:00:00,4041.51,4044.09,4021.90,4026.74,66068
2026.06.25 20:00:00,4027.00,4036.39,4012.65,4014.54,22099
2026.06.26 00:00:00,4014.49,4029.65,3982.94,4004.53,73576
2026.06.26 04:00:00,4004.38,4039.93,3998.77,4030.61,59549
2026.06.26 08:00:00,4030.67,4055.41,4025.78,4045.94,47644
2026.06.26 12:00:00,4046.08,4096.06,4035.81,4090.55,84363
2026.06.26 16:00:00,4090.64,4093.49,4064.50,4071.77,53175
2026.06.26 20:00:00,4071.79,4072.82,4064.48,4070.67,7680
2026.06.28 20:00:00,4075.87,4077.84,4051.85,4062.90,18540
2026.06.29 00:00:00,4062.73,4075.75,4048.35,4068.98,74938
2026.06.29 04:00:00,4068.98,4069.01,4039.40,4061.72,52968
2026.06.29 08:00:00,4061.72,4066.73,4024.54,4039.29,46293
2026.06.29 12:00:00,4039.26,4052.33,4000.89,4026.99,71299
2026.06.29 16:00:00,4026.99,4032.14,4005.36,4015.87,38226
2026.06.29 20:00:00,4015.87,4022.46,4009.60,4015.12,16121
2026.06.30 00:00:00,4015.09,4015.13,3944.28,3969.89,76156
2026.06.30 04:00:00,3969.89,4034.78,3968.17,4032.13,59356
2026.06.30 08:00:00,4031.93,4037.91,4012.60,4033.91,41960
2026.06.30 12:00:00,4033.91,4063.41,4008.75,4029.37,75458
2026.06.30 16:00:00,4029.37,4033.89,4014.80,4016.15,36688
2026.06.30 20:00:00,4016.15,4021.06,4005.36,4005.75,20410
2026.07.01 00:00:00,4005.75,4009.82,3969.91,3980.62,61996
2026.07.01 04:00:00,3980.62,3982.80,3959.81,3976.11,48800
2026.07.01 08:00:00,3976.04,4035.56,3969.50,4030.34,42903
2026.07.01 12:00:00,4030.49,4115.50,4012.93,4081.17,87289
2026.07.01 16:00:00,4081.17,4088.40,4034.45,4038.74,54267
2026.07.01 20:00:00,4038.58,4045.16,4028.52,4035.14,21126
2026.07.02 00:00:00,4035.22,4074.19,4030.78,4069.99,61864
2026.07.02 04:00:00,4069.99,4079.80,4053.28,4064.55,51664
2026.07.02 08:00:00,4064.26,4080.09,4057.48,4065.26,48533
2026.07.02 12:00:00,4065.37,4143.96,4061.46,4128.47,95937
2026.07.02 16:00:00,4128.47,4130.38,4100.32,4121.36,64812
2026.07.02 20:00:00,4121.33,4131.50,4116.32,4126.29,18379
2026.07.03 00:00:00,4126.11,4195.49,4122.93,4176.05,66415
2026.07.03 04:00:00,4176.00,4182.85,4160.58,4177.75,42491
2026.07.03 08:00:00,4177.52,4186.50,4168.38,4181.14,31575
2026.07.03 12:00:00,4181.11,4183.23,4155.27,4164.87,42366
2026.07.03 16:00:00,4164.86,4176.47,4162.84,4174.84,6929
2026.07.05 20:00:00,4179.79,4201.51,4176.92,4183.22,16313
2026.07.06 00:00:00,4183.22,4202.61,4161.03,4165.22,68552
2026.07.06 04:00:00,4165.23,4166.65,4144.87,4164.50,44234
2026.07.06 08:00:00,4164.54,4166.08,4136.52,4155.25,34353
2026.07.06 12:00:00,4155.25,4158.47,4128.46,4148.27,61841
2026.07.06 16:00:00,4148.35,4167.49,4139.82,4163.66,39721
2026.07.06 20:00:00,4163.67,4168.47,4156.86,4157.34,12904
2026.07.07 00:00:00,4157.30,4162.73,4124.61,4131.13,59955
2026.07.07 04:00:00,4131.14,4141.38,4116.61,4124.80,47665
2026.07.07 08:00:00,4124.67,4157.31,4119.75,4156.82,43443
2026.07.07 12:00:00,4157.10,4180.41,4135.89,4139.01,83299
2026.07.07 16:00:00,4138.99,4148.20,4092.39,4114.22,61388
2026.07.07 20:00:00,4114.13,4115.82,4095.64,4098.47,24485
2026.07.08 00:00:00,4098.48,4131.15,4096.45,4123.48,71586
2026.07.08 04:00:00,4123.47,4133.98,4114.79,4121.07,56813
2026.07.08 08:00:00,4121.25,4121.32,4040.15,4062.24,80728
2026.07.08 12:00:00,4062.13,4086.39,4021.96,4034.22,98894
2026.07.08 16:00:00,4034.28,4091.35,4033.18,4079.99,75559
2026.07.08 20:00:00,4080.04,4083.49,4071.53,4076.23,22484
2026.07.09 00:00:00,4076.23,4089.91,4054.28,4064.18,57459
2026.07.09 04:00:00,4064.22,4111.17,4056.41,4107.94,50349
2026.07.09 08:00:00,4107.94,4117.77,4093.76,4108.75,42338
2026.07.09 12:00:00,4108.75,4135.76,4105.18,4126.79,71087
2026.07.09 16:00:00,4126.83,4138.12,4118.83,4122.44,41253
2026.07.09 20:00:00,4122.37,4127.50,4120.42,4123.41,13064
2026.07.10 00:00:00,4123.41,4134.85,4108.64,4120.36,46746
2026.07.10 04:00:00,4120.38,4121.18,4104.38,4109.00,36940
2026.07.10 08:00:00,4109.01,4112.67,4094.47,4102.39,32293
2026.07.10 12:00:00,4102.39,4116.72,4072.97,4112.97,68130
2026.07.10 16:00:00,4113.10,4115.46,4097.85,4108.46,36424
2026.07.10 20:00:00,4108.38,4114.97,4108.12,4111.61,3362
2026.07.12 20:00:00,4090.29,4093.38,4068.31,4084.44,21145
2026.07.13 00:00:00,4084.60,4091.14,4053.06,4060.59,72663
2026.07.13 04:00:00,4060.59,4073.05,4043.84,4064.87,55966
2026.07.13 08:00:00,4064.87,4080.66,4046.83,4056.46,51029
2026.07.13 12:00:00,4056.49,4067.61,4000.33,4014.99,80294
2026.07.13 16:00:00,4015.94,4017.94,3986.59,4002.03,71069
2026.07.13 20:00:00,4002.01,4006.08,3992.66,4001.04,22409
2026.07.14 00:00:00,4001.49,4019.18,3985.63,4017.01,68774
2026.07.14 04:00:00,4017.01,4034.09,4013.54,4020.73,44722
2026.07.14 08:00:00,4020.89,4031.82,4013.73,4031.22,47084
2026.07.14 12:00:00,4031.12,4102.51,4023.28,4066.16,94387
2026.07.14 16:00:00,4066.19,4066.89,4042.97,4055.77,52605
2026.07.14 20:00:00,4055.88,4056.42,4046.81,4053.06,19279
2026.07.15 00:00:00,4053.07,4062.14,4028.08,4031.31,55227
2026.07.15 04:00:00,4031.31,4036.61,4019.78,4024.48,47568
2026.07.15 08:00:00,4024.49,4040.23,4017.39,4038.38,46827
2026.07.15 12:00:00,4038.44,4074.12,4035.93,4046.90,82711
2026.07.15 16:00:00,4046.90,4081.13,4026.87,4057.02,71109
2026.07.15 20:00:00,4056.96,4064.63,4055.12,4057.98,18233
2026.07.16 00:00:00,4057.93,4061.28,4024.17,4036.32,63766
2026.07.16 04:00:00,4036.39,4037.94,4023.02,4030.72,51812
2026.07.16 08:00:00,4030.59,4042.38,4021.26,4038.44,45736
2026.07.16 12:00:00,4038.49,4043.40,3973.65,4007.08,92176
2026.07.16 16:00:00,4007.05,4007.70,3969.28,3979.95,66828
2026.07.16 20:00:00,3980.10,3986.48,3971.85,3986.00,20068
2026.07.17 00:00:00,3986.11,4008.65,3970.66,3991.50,67571
2026.07.17 04:00:00,3991.50,4007.19,3975.49,3992.71,61127
2026.07.17 08:00:00,3992.71,4002.45,3987.87,3994.09,53321
2026.07.17 12:00:00,3994.09,4021.18,3959.68,4019.17,89250
2026.07.17 16:00:00,4019.39,4023.87,4002.31,4015.44,57271
2026.07.17 20:00:00,4015.42,4015.88,4008.37,4013.37,4681
2026.07.19 20:00:00,3997.52,4000.11,3989.47,3995.54,15736
2026.07.20 00:00:00,3995.43,4028.81,3982.62,4024.05,65335
2026.07.20 04:00:00,4024.07,4026.88,4002.02,4017.27,47478
2026.07.20 08:00:00,4017.15,4040.57,4014.73,4025.31,42924
2026.07.20 12:00:00,4025.31,4025.34,3998.24,4011.84,69422
2026.07.20 16:00:00,4011.85,4018.39,4001.41,4006.93,46467
2026.07.20 20:00:00,4007.09,4010.80,3999.70,4009.97,20059
2026.07.21 00:00:00,4009.91,4051.33,4003.64,4047.00,58455
2026.07.21 04:00:00,4047.00,4084.14,4043.77,4071.39,43511
2026.07.21 08:00:00,4071.20,4072.60,4053.36,4056.12,37236
2026.07.21 12:00:00,4056.12,4083.38,4044.49,4074.23,66115
2026.07.21 16:00:00,4074.23,4087.13,4066.78,4084.57,37140
2026.07.21 20:00:00,4084.54,4086.20,4076.55,4080.67,16189
2026.07.22 00:00:00,4080.68,4141.59,4076.74,4130.89,65094
2026.07.22 04:00:00,4130.89,4135.31,4109.24,4110.64,49551
2026.07.22 08:00:00,4110.79,4123.04,4110.70,4122.60,52254
2026.07.22 12:00:00,4122.60,4166.06,4106.53,4159.38,94560
2026.07.22 16:00:00,4159.35,4159.55,4128.95,4131.81,65639
2026.07.22 20:00:00,4131.74,4137.80,4116.44,4133.47,31027
2026.07.23 00:00:00,4133.71,4141.11,4112.08,4124.67,77220
2026.07.23 04:00:00,4124.69,4130.56,4090.17,4095.45,72437
2026.07.23 08:00:00,4095.61,4099.40,4073.13,4085.75,73298
2026.07.23 12:00:00,4085.57,4085.98,4040.11,4048.69,112429
2026.07.23 16:00:00,4048.94,4054.69,4040.65,4049.83,73386
2026.07.23 20:00:00,4050.07,4051.15,4046.63,4047.04,19180
2026.07.24 00:00:00,4047.06,4050.90,4023.07,4029.32,73842
2026.07.24 04:00:00,4028.99,4053.88,4022.04,4048.48,63023
2026.07.24 08:00:00,4048.51,4063.94,4045.18,4057.85,56206
2026.07.24 12:00:00,4057.85,4082.16,4044.71,4077.39,96684
2026.07.24 16:00:00,4077.40,4078.14,4049.22,4053.68,61612
2026.07.24 20:00:00,4053.50,4055.99,4051.58,4055.38,3327
2026.07.26 20:00:00,4088.39,4096.41,4083.52,4094.12,19023
2026.07.27 00:00:00,4094.12,4116.28,4085.15,4090.99,85917
2026.07.27 04:00:00,4091.05,4106.11,4084.51,4088.84,69723
2026.07.27 08:00:00,4089.03,4104.15,4086.45,4093.95,68695
2026.07.27 12:00:00,4093.97,4097.68,4065.30,4078.45,107031
2026.07.27 16:00:00,4078.61,4093.94,4070.57,4083.40,78335
2026.07.27 20:00:00,4083.42,4084.03,4069.95,4073.37,21684
2026.07.28 00:00:00,4073.37,4074.16,4040.32,4049.39,90947
2026.07.28 04:00:00,4049.29,4052.47,4034.89,4047.30,76278
2026.07.28 08:00:00,4047.27,4055.26,4016.89,4028.20,84206
2026.07.28 12:00:00,4028.37,4047.12,4011.51,4046.24,110239
2026.07.28 16:00:00,4046.29,4046.55,4021.59,4026.47,75993
2026.07.28 20:00:00,4026.39,4030.48,4013.86,4024.98,29830
2026.07.29 00:00:00,4025.02,4037.83,4010.17,4023.64,90328
2026.07.29 04:00:00,4023.66,4047.80,4020.54,4043.79,76294
2026.07.29 08:00:00,4043.77,4044.44,4024.93,4032.73,60157
2026.07.29 12:00:00,4032.73,4033.41,3995.91,4009.87,105250
2026.07.29 16:00:00,4010.20,4116.46,4007.62,4044.62,114759
2026.07.29 20:00:00,4044.92,4100.37,4042.69,4084.70,50825
2026.07.30 00:00:00,4084.98,4093.04,4050.78,4058.89,104635
2026.07.30 04:00:00,4058.89,4060.14,4028.43,4038.80,92788
2026.07.30 08:00:00,4038.54,4083.10,4036.71,4077.75,92618
2026.07.30 12:00:00,4077.71,4120.32,4065.11,4108.13,121212
2026.07.30 16:00:00,4107.94,4119.25,4098.50,4112.15,78485
2026.07.30 20:00:00,4111.92,4117.33,4099.11,4105.91,32530
2026.07.31 00:00:00,4106.11,4107.15,4072.00,4075.00,81987
2026.07.31 04:00:00,4075.00,4087.52,4067.52,4067.74,65970
2026.07.31 08:00:00,4067.66,4067.75,4050.25,4053.68,74526
2026.07.31 12:00:00,4053.68,4059.38,4021.03,4045.48,104313
2026.07.31 16:00:00,4045.48,4055.63,4041.15,4050.79,67741
2026.07.31 20:00:00,4051.01,4052.92,4045.09,4051.18,7990
2026.08.02 20:00:00,4074.92,4078.54,4063.01,4075.00,24702
2026.08.03 00:00:00,4075.07,4078.99,4047.44,4065.09,85857
2026.08.03 04:00:00,4065.09,4071.95,4051.96,4061.02,67234
2026.08.03 08:00:00,4061.02,4063.20,4045.46,4062.50,65566
2026.08.03 12:00:00,4062.57,4064.59,4019.09,4036.05,93930
2026.08.03 16:00:00,4036.04,4055.76,4029.67,4052.09,55975
2026.08.03 20:00:00,4051.93,4058.02,4049.00,4053.88,22092
2026.08.04 00:00:00,4053.84,4069.39,4042.48,4052.54,80678
2026.08.04 04:00:00,4052.54,4067.76,4051.19,4065.48,58589
2026.08.04 08:00:00,4065.47,4084.22,4045.67,4075.06,71986
2026.08.04 12:00:00,4075.04,4093.88,4061.08,4087.38,98877
2026.08.04 16:00:00,4087.42,4106.38,4075.20,4078.59,65395
2026.08.04 20:00:00,4078.62,4085.72,4065.21,4072.51,29795
2026.08.05 00:00:00,4072.51,4136.59,4070.40,4128.35,78979
2026.08.05 04:00:00,4128.35,4179.50,4128.23,4170.86,68853
2026.08.05 08:00:00,4170.87,4192.63,4150.14,4188.98,69022
2026.08.05 12:00:00,4188.98,4265.22,4183.16,4232.74,108045
2026.08.05 16:00:00,4232.73,4267.71,4224.68,4246.96,81871
2026.08.05 20:00:00,4246.92,4282.02,4242.90,4278.02,28119
2026.08.06 00:00:00,4278.04,4304.15,4260.34,4265.68,88600
2026.08.06 04:00:00,4265.69,4268.57,4247.22,4262.68,70446
2026.08.06 08:00:00,4262.93,4284.72,4254.25,4263.37,68293
2026.08.06 12:00:00,4263.58,4275.27,4229.36,4233.67,102388
2026.08.06 16:00:00,4233.75,4251.30,4223.42,4248.95,67389
2026.08.06 20:00:00,4248.95,4253.26,4234.64,4252.44,24008
2026.08.07 00:00:00,4252.10,4266.40,4229.71,4266.13,80774
2026.08.07 04:00:00,4266.13,4298.74,4260.76,4290.12,73096
2026.08.07 08:00:00,4290.12,4327.76,4289.12,4321.24,71955
2026.08.07 12:00:00,4321.23,4371.83,4301.48,4340.94,71066
2026.08.07 16:00:00,4340.94,4350.37,4327.70,4343.98,47087
2026.08.07 20:00:00,4343.98,4345.23,4335.75,4341.26,3650
2026.08.09 20:00:00,4339.09,4349.12,4332.33,4333.16,14486
2026.08.10 00:00:00,4332.82,4347.14,4313.47,4326.82,46244
2026.08.10 04:00:00,4326.82,4362.07,4323.30,4355.54,40396
2026.08.10 08:00:00,4355.54,4356.73,4328.93,4335.00,37910
2026.08.10 12:00:00,4335.00,4359.53,4316.73,4358.36,52178
2026.08.10 16:00:00,4358.49,4395.12,4350.31,4388.33,42635
2026.08.10 20:00:00,4388.33,4402.59,4385.52,4402.38,16937
2026.08.11 00:00:00,4402.36,4435.20,4393.62,4416.78,46341
2026.08.11 04:00:00,4416.78,4420.42,4356.79,4357.77,45239
2026.08.11 08:00:00,4357.92,4393.02,4357.18,4387.72,41419
2026.08.11 12:00:00,4387.73,4404.16,4369.30,4383.91,53723
2026.08.11 16:00:00,4383.91,4385.77,4360.30,4370.74,41665
2026.08.11 20:00:00,4370.87,4378.21,4362.43,4371.53,16947
2026.08.12 00:00:00,4371.53,4416.11,4366.51,4402.36,42413
2026.08.12 04:00:00,4402.36,4410.01,4384.04,4406.31,34826
2026.08.12 08:00:00,4406.31,4424.08,4401.63,4412.75,38178
2026.08.12 12:00:00,4412.69,4441.19,4387.69,4421.08,58944
2026.08.12 16:00:00,4421.08,4426.49,4396.32,4413.78,43743
2026.08.12 20:00:00,4413.78,4414.55,4398.11,4414.47,14749
2026.08.13 00:00:00,4414.47,4449.78,4398.65,4400.17,48712
2026.08.13 04:00:00,4400.17,4407.38,4369.02,4369.93,44668
2026.08.13 08:00:00,4369.84,4396.60,4364.07,4387.64,36816
2026.08.13 12:00:00,4387.65,4401.96,4357.49,4365.20,57107
2026.08.13 16:00:00,4365.23,4373.34,4343.89,4350.25,45870
2026.08.13 20:00:00,4350.04,4364.25,4346.88,4356.79,14876
2026.08.14 00:00:00,4356.41,4362.06,4311.08,4323.53,46745
2026.08.14 04:00:00,4323.53,4345.29,4310.99,4343.61,36063
2026.08.14 08:00:00,4343.72,4369.51,4341.89,4369.26,33619
2026.08.14 12:00:00,4369.26,4397.00,4365.94,4391.53,81240
2026.08.14 16:00:00,4391.71,4396.61,4370.90,4376.11,54614
2026.08.14 20:00:00,4376.10,4376.75,4371.49,4375.40,2827
2026.08.16 20:00:00,4376.29,4386.65,4367.20,4370.28,16528
2026.08.17 00:00:00,4370.27,4416.52,4368.22,4397.03,68118
2026.08.17 04:00:00,4397.03,4411.41,4387.00,4405.16,56866
2026.08.17 08:00:00,4405.16,4405.86,4391.81,4396.83,52248
2026.08.17 12:00:00,4396.80,4427.91,4377.34,4427.56,86087
2026.08.17 16:00:00,4427.71,4428.86,4398.08,4419.81,60298
2026.08.17 20:00:00,4419.83,4425.99,4409.79,4425.88,14935
2026.08.18 00:00:00,4425.88,4436.24,4390.58,4391.80,75685
2026.08.18 04:00:00,4391.80,4403.65,4386.08,4395.65,55928
2026.08.18 08:00:00,4396.00,4399.61,4386.86,4396.06,53380
2026.08.18 12:00:00,4396.17,4406.76,4351.60,4364.79,99530
2026.08.18 16:00:00,4364.81,4371.70,4338.45,4345.51,62247
2026.08.18 20:00:00,4345.50,4346.45,4327.16,4333.02,24315
2026.08.19 00:00:00,4333.07,4362.03,4324.68,4354.97,80733
2026.08.19 04:00:00,4354.97,4363.24,4335.13,4354.81,69090
2026.08.19 08:00:00,4355.19,4374.10,4351.14,4364.59,61191
2026.08.19 12:00:00,4364.68,4498.70,4361.99,4493.89,120234
2026.08.19 16:00:00,4493.79,4512.20,4472.06,4511.23,85327
2026.08.19 20:00:00,4511.24,4524.14,4505.08,4511.69,24390
2026.08.20 00:00:00,4511.72,4521.12,4484.55,4498.86,87798
2026.08.20 04:00:00,4498.83,4499.27,4477.88,4490.92,67710
2026.08.20 08:00:00,4490.82,4498.73,4465.37,4467.05,74054
2026.08.20 12:00:00,4467.09,4540.97,4450.52,4521.57,115413
2026.08.20 16:00:00,4521.61,4532.15,4502.77,4528.73,76759
2026.08.20 20:00:00,4528.65,4532.92,4516.79,4526.23,23784
2026.08.21 00:00:00,4526.11,4544.00,4508.78,4535.43,79334
2026.08.21 04:00:00,4535.57,4568.03,4529.18,4564.28,64637
2026.08.21 08:00:00,4564.28,4604.57,4559.09,4597.17,72545
2026.08.21 12:00:00,4597.16,4615.32,4563.50,4614.57,107398
2026.08.21 16:00:00,4614.65,4632.28,4609.13,4617.07,71384
2026.08.21 20:00:00,4617.01,4617.51,4607.39,4607.84,6491
2026.08.23 20:00:00,4616.95,4624.72,4604.76,4624.27,28064
2026.08.24 00:00:00,4624.27,4656.80,4594.69,4641.53,102467
2026.08.24 04:00:00,4641.53,4659.91,4629.70,4641.69,87419
2026.08.24 08:00:00,4642.03,4670.18,4628.74,4657.97,78576
2026.08.24 12:00:00,4657.98,4680.89,4639.95,4649.19,114661
2026.08.24 16:00:00,4649.61,4662.31,4625.01,4651.79,84580
2026.08.24 20:00:00,4651.86,4682.92,4647.21,4679.97,31367
2026.08.25 00:00:00,4679.98,4696.92,4618.03,4633.68,100898
2026.08.25 04:00:00,4633.66,4653.50,4623.86,4630.06,77125
2026.08.25 08:00:00,4630.05,4647.55,4620.18,4642.42,81646
2026.08.25 12:00:00,4642.42,4659.43,4605.31,4652.67,105601
2026.08.25 16:00:00,4652.69,4668.09,4634.13,4666.97,65903
2026.08.25 20:00:00,4666.92,4673.60,4653.21,4654.87,27957
2026.08.26 00:00:00,4654.92,4670.80,4629.54,4642.76,83340
2026.08.26 04:00:00,4642.76,4649.54,4624.79,4628.92,65953
2026.08.26 08:00:00,4629.00,4630.96,4613.39,4624.69,57980
2026.08.26 12:00:00,4624.69,4633.54,4582.98,4596.10,108804
2026.08.26 16:00:00,4596.16,4604.66,4585.71,4594.31,71481
2026.08.26 20:00:00,4594.33,4624.91,4583.87,4623.49,30266
2026.08.27 00:00:00,4623.51,4643.04,4600.56,4625.46,77754
2026.08.27 04:00:00,4625.48,4627.26,4593.50,4600.23,67490
2026.08.27 08:00:00,4600.25,4606.87,4569.11,4598.33,66781
2026.08.27 12:00:00,4598.46,4611.26,4564.87,4610.52,101511
2026.08.27 16:00:00,4610.47,4618.12,4600.92,4609.26,77413
2026.08.27 20:00:00,4609.34,4611.45,4594.20,4594.37,21666
2026.08.28 00:00:00,4594.37,4602.54,4575.07,4579.93,74100
2026.08.28 04:00:00,4579.99,4614.46,4571.61,4611.81,67883
2026.08.28 08:00:00,4611.60,4614.55,4591.28,4593.40,64716
2026.08.28 12:00:00,4593.35,4631.97,4524.04,4524.56,115268
2026.08.28 16:00:00,4524.50,4529.58,4445.44,4458.35,108831
2026.08.28 20:00:00,4458.43,4462.65,4453.59,4456.98,5930
2026.08.30 20:00:00,4455.68,4466.90,4435.82,4458.42,25934
2026.08.31 00:00:00,4458.86,4472.12,4396.50,4422.48,99025
2026.08.31 04:00:00,4422.61,4448.19,4412.95,4443.26,72595
2026.08.31 08:00:00,4443.13,4464.04,4433.84,4455.41,65755
2026.08.31 12:00:00,4455.28,4460.91,4415.65,4426.18,102900
2026.08.31 16:00:00,4426.41,4453.77,4423.72,4453.44,71376
2026.08.31 20:00:00,4453.73,4455.80,4441.78,4452.30,20207
2026.09.01 00:00:00,4452.28,4461.44,4427.82,4436.73,78524
2026.09.01 04:00:00,4436.73,4445.95,4412.13,4420.23,68264
2026.09.01 08:00:00,4419.84,4419.84,4364.33,4374.41,92214
2026.09.01 12:00:00,4374.39,4376.16,4326.15,4372.90,107186
2026.09.01 16:00:00,4372.91,4374.86,4322.93,4327.07,84828
2026.09.01 20:00:00,4327.01,4335.81,4322.99,4324.58,20231
2026.09.02 00:00:00,4324.56,4334.50,4282.39,4303.27,93672
2026.09.02 04:00:00,4303.27,4331.34,4301.42,4323.30,73217
2026.09.02 08:00:00,4323.31,4332.98,4301.80,4332.34,77244
2026.09.02 12:00:00,4332.37,4397.59,4327.36,4373.15,109015
2026.09.02 16:00:00,4372.92,4391.34,4364.48,4391.12,67600
2026.09.02 20:00:00,4391.22,4391.70,4381.09,4385.58,24153
2026.09.03 00:00:00,4385.58,4432.62,4382.58,4431.48,81539
2026.09.03 04:00:00,4431.41,4440.33,4418.79,4428.81,73175
2026.09.03 08:00:00,4428.77,4446.04,4419.13,4444.20,74935
2026.09.03 12:00:00,4444.20,4510.87,4437.86,4493.23,116396
2026.09.03 16:00:00,4493.23,4495.48,4472.66,4475.21,70319
2026.09.03 20:00:00,4475.22,4480.26,4470.41,4480.09,22195
2026.09.04 00:00:00,4480.09,4487.38,4466.97,4466.98,71004
2026.09.04 04:00:00,4466.98,4490.88,4460.14,4483.39,61570
2026.09.04 08:00:00,4483.39,4486.58,4463.92,4466.91,63362
2026.09.04 12:00:00,4466.93,4476.27,4365.33,4436.68,147155
2026.09.04 16:00:00,4436.67,4443.48,4411.89,4434.84,81343
2026.09.04 20:00:00,4434.75,4435.18,4428.86,4430.17,4724
2026.09.06 20:00:00,4424.76,4434.96,4421.16,4423.32,23628
2026.09.07 00:00:00,4423.33,4429.66,4389.62,4404.11,106307
2026.09.07 04:00:00,4404.12,4413.32,4385.18,4406.35,84271
2026.09.07 08:00:00,4406.32,4423.89,4381.15,4385.29,76650
2026.09.07 12:00:00,4385.29,4419.66,4385.27,4414.58,77578
2026.09.07 16:00:00,4414.58,4417.34,4403.15,4406.64,15438
2026.09.08 00:00:00,4423.16,4440.78,4415.06,4437.83,123452
2026.09.08 04:00:00,4437.83,4443.03,4390.02,4392.37,110668
2026.09.08 08:00:00,4392.36,4407.93,4387.81,4406.44,105534
2026.09.08 12:00:00,4406.44,4412.90,4385.38,4394.79,141436
2026.09.08 16:00:00,4394.86,4403.82,4356.77,4359.46,104043
2026.09.08 20:00:00,4359.51,4364.31,4345.41,4349.91,28128
2026.09.09 00:00:00,4349.90,4384.41,4341.13,4375.07,106115
2026.09.09 04:00:00,4374.98,4412.79,4370.50,4409.22,81587
2026.09.09 08:00:00,4409.15,4415.35,4386.19,4407.45,82833
2026.09.09 12:00:00,4407.44,4434.10,4375.08,4398.59,158234
2026.09.09 16:00:00,4398.59,4421.64,4391.60,4399.13,96822
2026.09.09 20:00:00,4399.14,4405.99,4393.22,4394.27,25783
2026.09.10 00:00:00,4394.26,4421.12,4389.67,4409.11,109441
2026.09.10 04:00:00,4409.09,4435.05,4404.03,4411.87,89123
2026.09.10 08:00:00,4411.88,4412.88,4374.23,4374.46,116117
2026.09.10 12:00:00,4374.45,4377.92,4324.05,4365.79,174895
2026.09.10 16:00:00,4365.79,4370.10,4313.71,4324.43,118247
2026.09.10 20:00:00,4324.46,4324.47,4311.32,4315.26,29383
2026.09.11 00:00:00,4315.26,4340.51,4300.54,4304.05,124901
2026.09.11 04:00:00,4304.03,4361.01,4302.02,4344.94,105443
2026.09.11 08:00:00,4344.92,4357.44,4330.11,4333.39,96287
2026.09.11 12:00:00,4333.39,4402.49,4292.10,4367.07,165906
2026.09.11 16:00:00,4367.19,4372.86,4342.79,4348.63,98059
2026.09.11 20:00:00,4348.60,4351.38,4345.58,4346.28,5760
2026.09.13 20:00:00,4330.83,4342.38,4328.00,4332.83,29279
2026.09.14 00:00:00,4332.78,4355.40,4326.29,4330.43,114646
2026.09.14 04:00:00,4330.41,4338.74,4307.95,4311.00,96193
2026.09.14 08:00:00,4311.00,4318.31,4278.22,4286.97,102355
2026.09.14 12:00:00,4286.97,4298.41,4253.57,4288.30,154101
2026.09.14 16:00:00,4288.30,4317.75,4282.89,4283.52,97329
2026.09.14 20:00:00,4283.73,4300.08,4282.28,4288.26,27266
2026.09.15 00:00:00,4288.31,4317.38,4283.23,4303.55,77006
2026.09.15 04:00:00,4303.55,4309.69,4276.13,4280.53,78552
2026.09.15 08:00:00,4280.63,4286.75,4261.34,4284.64,83625
2026.09.15 12:00:00,4284.64,4300.48,4271.36,4289.35,123233
2026.09.15 16:00:00,4289.35,4310.68,4285.51,4297.76,84722
2026.09.15 20:00:00,4297.80,4299.02,4281.10,4283.62,26330
2026.09.16 00:00:00,4283.62,4341.23,4275.46,4327.12,86925
2026.09.16 04:00:00,4327.11,4339.17,4320.56,4329.39,72192
2026.09.16 08:00:00,4329.45,4353.64,4323.00,4341.74,80830
2026.09.16 12:00:00,4341.66,4361.00,4324.14,4352.77,118706
2026.09.16 16:00:00,4352.77,4368.28,4234.96,4272.35,148924
2026.09.16 20:00:00,4272.36,4276.08,4257.17,4271.67,48125
2026.09.17 00:00:00,4271.75,4318.25,4266.28,4296.03,103942
2026.09.17 04:00:00,4296.05,4335.36,4285.43,4327.15,78768
2026.09.17 08:00:00,4327.22,4353.36,4305.06,4349.95,83114
2026.09.17 12:00:00,4349.93,4381.42,4343.71,4369.87,139994
2026.09.17 16:00:00,4369.86,4372.40,4342.68,4346.02,92048
2026.09.17 20:00:00,4346.09,4349.44,4339.71,4346.28,26474
2026.09.18 00:00:00,4346.28,4365.77,4334.32,4359.27,80796
2026.09.18 04:00:00,4359.27,4399.66,4352.80,4393.47,87844
2026.09.18 08:00:00,4393.39,4398.50,4372.57,4381.41,93504
2026.09.18 12:00:00,4381.60,4382.87,4342.71,4356.68,134901
2026.09.18 16:00:00,4356.68,4396.95,4354.87,4376.34,97798
2026.09.18 20:00:00,4376.35,4383.31,4375.57,4380.70,6286
2026.09.20 20:00:00,4376.70,4379.52,4368.94,4372.77,20591
2026.09.21 00:00:00,4372.73,4383.38,4357.69,4359.04,76873
2026.09.21 04:00:00,4359.03,4365.42,4341.90,4344.23,70705
2026.09.21 08:00:00,4344.23,4371.16,4340.10,4369.21,72048
2026.09.21 12:00:00,4369.21,4374.88,4322.65,4348.16,111187
2026.09.21 16:00:00,4348.16,4356.94,4337.46,4345.06,72305
2026.09.21 20:00:00,4345.06,4370.73,4339.14,4368.61,28215
2026.09.22 00:00:00,4368.61,4376.17,4339.52,4341.76,83353
2026.09.22 04:00:00,4341.76,4347.42,4299.53,4301.15,81803
2026.09.22 08:00:00,4301.15,4338.30,4291.50,4322.59,114027
2026.09.22 12:00:00,4322.60,4344.06,4314.83,4331.19,129209
2026.09.22 16:00:00,4331.19,4371.32,4322.51,4363.92,91407
2026.09.22 20:00:00,4364.02,4365.58,4357.52,4363.94,22440
2026.09.23 00:00:00,4363.94,4369.35,4333.26,4342.69,71620
2026.09.23 04:00:00,4342.80,4347.39,4318.86,4319.56,64249
2026.09.23 08:00:00,4319.47,4322.80,4294.64,4309.58,73885
2026.09.23 12:00:00,4309.57,4319.19,4277.49,4282.24,125027
2026.09.23 16:00:00,4282.24,4294.90,4274.70,4284.06,99789
2026.09.23 20:00:00,4284.06,4294.42,4282.54,4288.66,30603
2026.09.24 00:00:00,4288.66,4303.32,4273.60,4284.98,89638
2026.09.24 04:00:00,4284.98,4296.33,4280.08,4284.58,30408
